{
 "single": {
  "first": 7929.724861,
  "second": 12290.44546,
  "diff": 4360.720599000001
 },
 "multi": {
  "first": 12291.318979,
  "second": 14333.102787,
  "diff": 2041.7838080000001
 }
}