{
 "single": {
  "first": 8736.804123,
  "second": 13508.170511,
  "diff": 4771.366388
 },
 "multi": {
  "first": 13509.133984,
  "second": 15886.796958,
  "diff": 2377.6629740000008
 }
}