{
 "single": {
  "first": 7646.366578,
  "second": 11996.840185000001,
  "diff": 4350.473607000001
 },
 "multi": {
  "first": 11997.669432,
  "second": 14017.142885,
  "diff": 2019.4734529999987
 }
}