{
 "single": {
  "first": 8141.813421,
  "second": 12440.68534,
  "diff": 4298.871919
 },
 "multi": {
  "first": 12441.527079,
  "second": 14229.251968,
  "diff": 1787.724889000001
 }
}