{
 "single": {
  "first": 7674.403675,
  "second": 11930.035489,
  "diff": 4255.631814
 },
 "multi": {
  "first": 11930.885188,
  "second": 14221.781462,
  "diff": 2290.8962740000006
 }
}