{
 "single": {
  "first": 7708.218516,
  "second": 12189.814624,
  "diff": 4481.596108000001
 },
 "multi": {
  "first": 12190.656201,
  "second": 14594.84234,
  "diff": 2404.1861389999995
 }
}