{
 "single": {
  "first": 8030.755606,
  "second": 12493.73973,
  "diff": 4462.984124
 },
 "multi": {
  "first": 12494.630556,
  "second": 14478.992342,
  "diff": 1984.3617859999995
 }
}