{
 "single": {
  "first": 7598.835777,
  "second": 11947.143014,
  "diff": 4348.307236999999
 },
 "multi": {
  "first": 11948.016442,
  "second": 13903.943887,
  "diff": 1955.9274449999994
 }
}