{
 "single": {
  "first": 7762.883743,
  "second": 12239.18414,
  "diff": 4476.300396999999
 },
 "multi": {
  "first": 12240.063045,
  "second": 14328.857015,
  "diff": 2088.793969999999
 }
}