{
 "single": {
  "first": 8371.994014,
  "second": 12860.666188,
  "diff": 4488.672173999999
 },
 "multi": {
  "first": 12861.715962,
  "second": 15065.458589,
  "diff": 2203.7426269999996
 }
}