{
 "single": {
  "first": 382.337116,
  "second": 387.604371,
  "diff": 5.267255000000034
 },
 "multi": {
  "first": 388.434914,
  "second": 500.62294,
  "diff": 112.18802600000004
 }
}