{
 "single": {
  "first": 390.081057,
  "second": 395.426358,
  "diff": 5.345301000000006
 },
 "multi": {
  "first": 396.255784,
  "second": 501.245593,
  "diff": 104.98980899999998
 }
}