{
 "single": {
  "first": 384.659381,
  "second": 389.626391,
  "diff": 4.967010000000016
 },
 "multi": {
  "first": 390.40906,
  "second": 506.675168,
  "diff": 116.26610799999997
 }
}