{
 "single": {
  "first": 370.072197,
  "second": 375.34303,
  "diff": 5.270832999999982
 },
 "multi": {
  "first": 376.239444,
  "second": 494.652834,
  "diff": 118.41338999999999
 }
}