{
 "single": {
  "first": 375.824715,
  "second": 381.138308,
  "diff": 5.313592999999969
 },
 "multi": {
  "first": 381.935247,
  "second": 499.068412,
  "diff": 117.13316500000002
 }
}