{
 "single": {
  "first": 368.261195,
  "second": 373.537508,
  "diff": 5.276313000000016
 },
 "multi": {
  "first": 374.297531,
  "second": 491.992418,
  "diff": 117.694887
 }
}