{
 "single": {
  "first": 384.257039,
  "second": 389.340325,
  "diff": 5.083285999999987
 },
 "multi": {
  "first": 390.111964,
  "second": 498.436234,
  "diff": 108.32427000000001
 }
}