{
 "single": {
  "first": 385.215498,
  "second": 390.277004,
  "diff": 5.061505999999952
 },
 "multi": {
  "first": 391.054173,
  "second": 499.277287,
  "diff": 108.22311400000001
 }
}