{
 "single": {
  "first": 397.765092,
  "second": 403.032542,
  "diff": 5.267449999999997
 },
 "multi": {
  "first": 403.960255,
  "second": 513.446638,
  "diff": 109.48638299999999
 }
}