{
 "single": {
  "first": 379.087979,
  "second": 384.265705,
  "diff": 5.177726000000007
 },
 "multi": {
  "first": 385.038182,
  "second": 492.37593,
  "diff": 107.33774799999998
 }
}