{
 "single": {
  "first": 3053.315343,
  "second": 4724.249482,
  "diff": 1670.934139
 },
 "multi": {
  "first": 4725.285008,
  "second": 6354.062297,
  "diff": 1628.7772890000006
 }
}