{
 "single": {
  "first": 3256.857066,
  "second": 4909.5810249999995,
  "diff": 1652.7239589999995
 },
 "multi": {
  "first": 4910.73586,
  "second": 6640.145112,
  "diff": 1729.4092520000004
 }
}