{
 "single": {
  "first": 3008.644158,
  "second": 4471.733612,
  "diff": 1463.089454
 },
 "multi": {
  "first": 4472.607452,
  "second": 5917.90769,
  "diff": 1445.3002379999998
 }
}