{
 "single": {
  "first": 3134.823134,
  "second": 4533.042299,
  "diff": 1398.2191649999995
 },
 "multi": {
  "first": 4533.946423,
  "second": 5998.906798,
  "diff": 1464.9603749999997
 }
}