{
 "single": {
  "first": 3130.207528,
  "second": 4568.991705,
  "diff": 1438.7841770000005
 },
 "multi": {
  "first": 4569.837954,
  "second": 6039.452292,
  "diff": 1469.6143380000003
 }
}