{
 "single": {
  "first": 2982.4277540000003,
  "second": 4515.413838,
  "diff": 1532.9860840000001
 },
 "multi": {
  "first": 4516.28012,
  "second": 6000.851279,
  "diff": 1484.571159
 }
}