{
 "single": {
  "first": 2936.346219,
  "second": 4419.235465,
  "diff": 1482.8892459999997
 },
 "multi": {
  "first": 4420.253564,
  "second": 5873.9712309999995,
  "diff": 1453.717667
 }
}