{
 "single": {
  "first": 3177.051275,
  "second": 4742.604513,
  "diff": 1565.5532380000004
 },
 "multi": {
  "first": 4743.494655,
  "second": 6242.406794,
  "diff": 1498.912139
 }
}