{
 "single": {
  "first": 3303.405451,
  "second": 4985.5231,
  "diff": 1682.1176490000003
 },
 "multi": {
  "first": 4986.533455,
  "second": 6543.074952,
  "diff": 1556.5414970000002
 }
}