{
 "single": {
  "first": 3226.165341,
  "second": 5162.767587,
  "diff": 1936.6022460000004
 },
 "multi": {
  "first": 5163.794404,
  "second": 6813.420342,
  "diff": 1649.6259380000001
 }
}