{
 "single": {
  "first": 5611.453455,
  "second": 8568.622952,
  "diff": 2957.169497
 },
 "multi": {
  "first": 8569.570067,
  "second": 10513.30166,
  "diff": 1943.7315929999986
 }
}