{
 "single": {
  "first": 5621.01584,
  "second": 8387.024153,
  "diff": 2766.0083130000003
 },
 "multi": {
  "first": 8388.013945,
  "second": 10264.469679,
  "diff": 1876.4557339999992
 }
}