{
 "single": {
  "first": 5461.02191,
  "second": 8427.457131,
  "diff": 2966.435220999999
 },
 "multi": {
  "first": 8428.366767,
  "second": 10597.193754,
  "diff": 2168.8269870000004
 }
}