{
 "single": {
  "first": 5453.902467,
  "second": 8614.837232,
  "diff": 3160.934765
 },
 "multi": {
  "first": 8615.771446,
  "second": 10510.580626,
  "diff": 1894.8091800000002
 }
}