{
 "single": {
  "first": 5131.649779,
  "second": 7967.3971,
  "diff": 2835.747321
 },
 "multi": {
  "first": 7968.46339,
  "second": 10001.968263,
  "diff": 2033.5048730000008
 }
}