{
 "single": {
  "first": 5404.731021,
  "second": 8340.638424,
  "diff": 2935.907403000001
 },
 "multi": {
  "first": 8341.516869,
  "second": 10224.959519,
  "diff": 1883.4426500000009
 }
}