{
 "single": {
  "first": 5321.585258,
  "second": 8087.013614,
  "diff": 2765.4283560000003
 },
 "multi": {
  "first": 8087.90945,
  "second": 9705.263497,
  "diff": 1617.3540469999998
 }
}