{
 "single": {
  "first": 5379.674824,
  "second": 8453.879062,
  "diff": 3074.2042380000003
 },
 "multi": {
  "first": 8454.940752,
  "second": 10312.133621,
  "diff": 1857.1928690000004
 }
}