{
 "single": {
  "first": 5455.565633,
  "second": 8342.790297,
  "diff": 2887.2246639999994
 },
 "multi": {
  "first": 8343.948609,
  "second": 10415.49249,
  "diff": 2071.5438810000014
 }
}