{
 "single": {
  "first": 5438.2993910000005,
  "second": 8691.086058,
  "diff": 3252.7866670000003
 },
 "multi": {
  "first": 8692.25813,
  "second": 10793.661845,
  "diff": 2101.4037150000004
 }
}