{
 "single": {
  "first": 5354.6422,
  "second": 8099.365652,
  "diff": 2744.723452
 },
 "multi": {
  "first": 8100.260919,
  "second": 9324.762268,
  "diff": 1224.5013490000001
 }
}