{
 "single": {
  "first": 5387.030811,
  "second": 8329.979913,
  "diff": 2942.9491019999996
 },
 "multi": {
  "first": 8330.894709,
  "second": 9736.854889,
  "diff": 1405.96018
 }
}