{
 "single": {
  "first": 5341.085063,
  "second": 8174.709935,
  "diff": 2833.6248719999994
 },
 "multi": {
  "first": 8175.628235,
  "second": 9625.184309,
  "diff": 1449.556074
 }
}