{
 "single": {
  "first": 5039.649374,
  "second": 7983.333659,
  "diff": 2943.6842850000003
 },
 "multi": {
  "first": 7984.536483,
  "second": 9259.885449,
  "diff": 1275.3489659999996
 }
}