{
 "single": {
  "first": 5375.547909,
  "second": 8530.569948,
  "diff": 3155.0220390000004
 },
 "multi": {
  "first": 8531.782975,
  "second": 10078.498591,
  "diff": 1546.7156159999995
 }
}