{
 "single": {
  "first": 5580.873551,
  "second": 8524.348384,
  "diff": 2943.474833000001
 },
 "multi": {
  "first": 8525.378545,
  "second": 9797.929901,
  "diff": 1272.551356
 }
}