{
 "single": {
  "first": 4997.902462,
  "second": 7793.413565,
  "diff": 2795.511103
 },
 "multi": {
  "first": 7794.331731,
  "second": 9089.417419,
  "diff": 1295.0856879999992
 }
}