{
 "single": {
  "first": 5489.87771,
  "second": 8306.728103,
  "diff": 2816.8503929999997
 },
 "multi": {
  "first": 8307.576107,
  "second": 9547.606354,
  "diff": 1240.0302469999988
 }
}