{
 "single": {
  "first": 5159.697777,
  "second": 7967.743619,
  "diff": 2808.0458419999995
 },
 "multi": {
  "first": 7968.671897,
  "second": 9303.69591,
  "diff": 1335.0240130000002
 }
}