{
 "single": {
  "first": 5071.978918,
  "second": 7856.52125,
  "diff": 2784.542332
 },
 "multi": {
  "first": 7857.449389,
  "second": 9087.697147,
  "diff": 1230.2477580000004
 }
}