{
 "single": {
  "first": 14937.026633,
  "second": 23505.239723,
  "diff": 8568.21309
 },
 "multi": {
  "first": 23506.102997,
  "second": 26443.382958,
  "diff": 2937.2799609999965
 }
}