{
 "single": {
  "first": 15353.964024,
  "second": 23463.275727,
  "diff": 8109.311702999999
 },
 "multi": {
  "first": 23464.12996,
  "second": 26259.356084,
  "diff": 2795.2261240000007
 }
}