{
 "single": {
  "first": 15935.385243,
  "second": 24585.227125,
  "diff": 8649.841882
 },
 "multi": {
  "first": 24586.271342,
  "second": 28176.52713,
  "diff": 3590.2557879999986
 }
}