{
 "single": {
  "first": 14796.156065,
  "second": 23576.206988,
  "diff": 8780.050923000003
 },
 "multi": {
  "first": 23577.177631,
  "second": 27003.812165,
  "diff": 3426.6345340000007
 }
}