{
 "single": {
  "first": 14555.754089,
  "second": 23101.352645,
  "diff": 8545.598555999999
 },
 "multi": {
  "first": 23102.388603,
  "second": 26002.168674,
  "diff": 2899.780071000001
 }
}