{
 "single": {
  "first": 15244.895171,
  "second": 23309.270216,
  "diff": 8064.375045000001
 },
 "multi": {
  "first": 23310.16814,
  "second": 26271.788584,
  "diff": 2961.620444
 }
}