{
 "single": {
  "first": 15285.144388,
  "second": 23414.237592,
  "diff": 8129.093204000001
 },
 "multi": {
  "first": 23415.247338,
  "second": 26263.974067,
  "diff": 2848.726728999998
 }
}