{
 "single": {
  "first": 15238.879952,
  "second": 23157.778152,
  "diff": 7918.8982
 },
 "multi": {
  "first": 23158.641711,
  "second": 25997.351343,
  "diff": 2838.7096319999982
 }
}