{
 "single": {
  "first": 14522.752357,
  "second": 22796.112517,
  "diff": 8273.360160000002
 },
 "multi": {
  "first": 22797.403822,
  "second": 25984.592091,
  "diff": 3187.1882689999984
 }
}