{
 "single": {
  "first": 15142.473008,
  "second": 23993.480016,
  "diff": 8851.007008
 },
 "multi": {
  "first": 23994.87775,
  "second": 27222.684031,
  "diff": 3227.806281000001
 }
}