{
 "single": {
  "first": 31987.1647,
  "second": 49454.20443,
  "diff": 17467.039729999997
 },
 "multi": {
  "first": 49455.229498,
  "second": 59007.290643,
  "diff": 9552.061145
 }
}