{
 "single": {
  "first": 31133.31678,
  "second": 49018.28822,
  "diff": 17884.97144
 },
 "multi": {
  "first": 49019.369331,
  "second": 59018.671736,
  "diff": 9999.302404999995
 }
}