{
 "single": {
  "first": 32193.099283,
  "second": 48911.523919,
  "diff": 16718.424636
 },
 "multi": {
  "first": 48912.506113,
  "second": 58318.566125,
  "diff": 9406.060011999994
 }
}