{
 "single": {
  "first": 29236.449788,
  "second": 45558.290356,
  "diff": 16321.840567999996
 },
 "multi": {
  "first": 45559.229544,
  "second": 55153.016848,
  "diff": 9593.787303999998
 }
}