{
 "single": {
  "first": 28566.450615,
  "second": 45864.95253,
  "diff": 17298.501915
 },
 "multi": {
  "first": 45867.289217,
  "second": 56173.516812,
  "diff": 10306.227595000004
 }
}