{
 "single": {
  "first": 30031.3454,
  "second": 48087.459583,
  "diff": 18056.114183000005
 },
 "multi": {
  "first": 48088.398897,
  "second": 59356.653965,
  "diff": 11268.255067999999
 }
}