{
 "single": {
  "first": 33194.773348,
  "second": 51313.058791,
  "diff": 18118.285443
 },
 "multi": {
  "first": 51314.058343,
  "second": 61091.952532,
  "diff": 9777.894189000006
 }
}