{
 "single": {
  "first": 30992.002527,
  "second": 49504.877023,
  "diff": 18512.874496
 },
 "multi": {
  "first": 49505.919122,
  "second": 59612.586299,
  "diff": 10106.667177000003
 }
}