{
 "single": {
  "first": 30351.400325,
  "second": 48298.119377,
  "diff": 17946.719052000004
 },
 "multi": {
  "first": 48299.116971,
  "second": 58393.485728,
  "diff": 10094.368756999997
 }
}