{
 "single": {
  "first": 30952.82336,
  "second": 49769.677567,
  "diff": 18816.854207
 },
 "multi": {
  "first": 49770.952462,
  "second": 61422.564433,
  "diff": 11651.611970999998
 }
}