{
 "single": {
  "first": 10621.582957999999,
  "second": 16875.431201,
  "diff": 6253.848243
 },
 "multi": {
  "first": 16876.466193,
  "second": 22720.68788,
  "diff": 5844.221687000001
 }
}