{
 "single": {
  "first": 11340.164974,
  "second": 17780.416584,
  "diff": 6440.251609999999
 },
 "multi": {
  "first": 17781.306546,
  "second": 23356.129825,
  "diff": 5574.823279
 }
}