{
 "single": {
  "first": 10530.632999,
  "second": 16642.86752,
  "diff": 6112.234521
 },
 "multi": {
  "first": 16644.096495,
  "second": 22459.459542,
  "diff": 5815.363046999999
 }
}