{
 "single": {
  "first": 10226.107822,
  "second": 16581.520785,
  "diff": 6355.412963000001
 },
 "multi": {
  "first": 16582.551421,
  "second": 22635.066345,
  "diff": 6052.514923999999
 }
}