{
 "single": {
  "first": 10863.162065,
  "second": 16593.626328,
  "diff": 5730.464262999998
 },
 "multi": {
  "first": 16594.478778,
  "second": 22324.789751,
  "diff": 5730.310973
 }
}