{
 "single": {
  "first": 10010.206951,
  "second": 16435.37942,
  "diff": 6425.172469000001
 },
 "multi": {
  "first": 16436.288462,
  "second": 22691.157528,
  "diff": 6254.869065999999
 }
}