{
 "single": {
  "first": 11238.150267,
  "second": 18072.631151,
  "diff": 6834.4808840000005
 },
 "multi": {
  "first": 18073.644023,
  "second": 24616.254666,
  "diff": 6542.610643
 }
}