{
 "single": {
  "first": 10730.748935,
  "second": 17229.129522,
  "diff": 6498.380587
 },
 "multi": {
  "first": 17230.313802,
  "second": 23621.433456,
  "diff": 6391.119653999998
 }
}