{
 "single": {
  "first": 11166.923723,
  "second": 17279.948368,
  "diff": 6113.024645000001
 },
 "multi": {
  "first": 17281.12806,
  "second": 23444.501384,
  "diff": 6163.373324
 }
}