{
 "single": {
  "first": 11051.329143,
  "second": 17520.901776,
  "diff": 6469.572632999998
 },
 "multi": {
  "first": 17521.963335,
  "second": 23632.228359,
  "diff": 6110.265024
 }
}