{
 "single": {
  "first": 21615.211959,
  "second": 34662.099801,
  "diff": 13046.887841999996
 },
 "multi": {
  "first": 34663.572809,
  "second": 42034.689265,
  "diff": 7371.116456000003
 }
}