{
 "single": {
  "first": 22627.674268,
  "second": 36564.036342,
  "diff": 13936.362074
 },
 "multi": {
  "first": 36565.830056,
  "second": 43735.140434,
  "diff": 7169.310378000002
 }
}