{
 "single": {
  "first": 22249.761086,
  "second": 35314.841934,
  "diff": 13065.080847999998
 },
 "multi": {
  "first": 35315.864582,
  "second": 42399.707369,
  "diff": 7083.842787000001
 }
}