{
 "single": {
  "first": 22524.545112,
  "second": 34928.790577,
  "diff": 12404.245465
 },
 "multi": {
  "first": 34929.617796,
  "second": 42053.550777,
  "diff": 7123.932980999998
 }
}