{
 "single": {
  "first": 21580.721709,
  "second": 33537.861162,
  "diff": 11957.139453
 },
 "multi": {
  "first": 33538.746465,
  "second": 40333.785669,
  "diff": 6795.039204000001
 }
}