{
 "single": {
  "first": 21592.637378,
  "second": 33644.556709,
  "diff": 12051.919330999997
 },
 "multi": {
  "first": 33645.390296,
  "second": 40398.496889,
  "diff": 6753.106593000004
 }
}