{
 "single": {
  "first": 20788.751398,
  "second": 32209.826937,
  "diff": 11421.075539000001
 },
 "multi": {
  "first": 32210.633624,
  "second": 39045.780506,
  "diff": 6835.146882000005
 }
}