{
 "single": {
  "first": 21623.938978,
  "second": 33455.504064,
  "diff": 11831.565086000002
 },
 "multi": {
  "first": 33456.445473,
  "second": 40545.652366,
  "diff": 7089.206893000002
 }
}