{
 "single": {
  "first": 21493.703581,
  "second": 33532.632775,
  "diff": 12038.929193999997
 },
 "multi": {
  "first": 33533.808392,
  "second": 40898.863985,
  "diff": 7365.055593000005
 }
}