{
 "single": {
  "first": 21455.973139,
  "second": 33346.245323,
  "diff": 11890.272184000001
 },
 "multi": {
  "first": 33347.284045,
  "second": 40480.511708,
  "diff": 7133.227662999998
 }
}