{
 "single": {
  "first": 6374.636691,
  "second": 9782.010463999999,
  "diff": 3407.3737729999993
 },
 "multi": {
  "first": 9782.894606,
  "second": 11782.331548,
  "diff": 1999.4369420000003
 }
}