{
 "single": {
  "first": 6179.697062,
  "second": 9548.746714,
  "diff": 3369.0496520000006
 },
 "multi": {
  "first": 9549.635708,
  "second": 11306.073792,
  "diff": 1756.4380839999994
 }
}