{
 "single": {
  "first": 6317.836585,
  "second": 9727.731219,
  "diff": 3409.8946339999993
 },
 "multi": {
  "first": 9728.655178,
  "second": 11401.495614,
  "diff": 1672.8404359999986
 }
}