{
 "single": {
  "first": 6532.617503,
  "second": 9894.537443,
  "diff": 3361.919939999999
 },
 "multi": {
  "first": 9895.404517,
  "second": 11611.671804,
  "diff": 1716.2672869999988
 }
}