{
 "single": {
  "first": 6666.087229,
  "second": 10038.638279,
  "diff": 3372.551050000001
 },
 "multi": {
  "first": 10039.502348,
  "second": 11852.641167,
  "diff": 1813.1388189999998
 }
}