{
 "single": {
  "first": 6723.855181,
  "second": 10130.802447,
  "diff": 3406.947266
 },
 "multi": {
  "first": 10131.668821,
  "second": 11857.695937,
  "diff": 1726.0271160000011
 }
}