{
 "single": {
  "first": 6795.346483,
  "second": 10273.931484,
  "diff": 3478.5850010000004
 },
 "multi": {
  "first": 10274.787847,
  "second": 12659.738273,
  "diff": 2384.9504260000012
 }
}