{
 "single": {
  "first": 6766.441069,
  "second": 10160.828396,
  "diff": 3394.3873270000004
 },
 "multi": {
  "first": 10161.670006,
  "second": 12086.887686,
  "diff": 1925.2176799999997
 }
}