{
 "single": {
  "first": 6399.280345,
  "second": 10208.173051,
  "diff": 3808.8927059999996
 },
 "multi": {
  "first": 10211.151095,
  "second": 12292.763318,
  "diff": 2081.612223
 }
}