{
 "single": {
  "first": 6155.924143,
  "second": 9520.654512,
  "diff": 3364.730368999999
 },
 "multi": {
  "first": 9521.527199,
  "second": 11516.828401,
  "diff": 1995.3012020000006
 }
}