{
 "single": {
  "first": 7687.123441,
  "second": 12134.466114,
  "diff": 4447.342673000001
 },
 "multi": {
  "first": 12135.474463,
  "second": 14509.470083,
  "diff": 2373.9956199999997
 }
}