{
 "single": {
  "first": 8516.788174,
  "second": 12810.619032999999,
  "diff": 4293.830859
 },
 "multi": {
  "first": 12811.532269,
  "second": 15089.162991,
  "diff": 2277.630722
 }
}