{
 "single": {
  "first": 8358.498524,
  "second": 12690.479824,
  "diff": 4331.9812999999995
 },
 "multi": {
  "first": 12691.54136,
  "second": 14915.701748,
  "diff": 2224.1603880000002
 }
}