{
 "single": {
  "first": 8346.514452,
  "second": 12658.832791,
  "diff": 4312.318339000001
 },
 "multi": {
  "first": 12659.694639,
  "second": 14814.744164,
  "diff": 2155.0495250000004
 }
}