{
 "single": {
  "first": 8197.052128,
  "second": 12508.074499,
  "diff": 4311.022371000001
 },
 "multi": {
  "first": 12508.948941999999,
  "second": 14940.77978,
  "diff": 2431.8308380000017
 }
}