{
 "single": {
  "first": 8310.35962,
  "second": 12646.033247,
  "diff": 4335.673627
 },
 "multi": {
  "first": 12647.040995,
  "second": 14785.15649,
  "diff": 2138.115495
 }
}