{
 "single": {
  "first": 8077.639065,
  "second": 12349.242414,
  "diff": 4271.603349
 },
 "multi": {
  "first": 12350.103217,
  "second": 14428.836436,
  "diff": 2078.7332189999997
 }
}