{
 "single": {
  "first": 8408.616049,
  "second": 12753.77404,
  "diff": 4345.157991
 },
 "multi": {
  "first": 12754.820861,
  "second": 15301.344767,
  "diff": 2546.5239060000004
 }
}