{
 "single": {
  "first": 8377.211416,
  "second": 12770.101824,
  "diff": 4392.890407999999
 },
 "multi": {
  "first": 12771.110108,
  "second": 14952.50722,
  "diff": 2181.3971119999987
 }
}