{
 "single": {
  "first": 8372.875197,
  "second": 12720.321606,
  "diff": 4347.446409
 },
 "multi": {
  "first": 12721.223594,
  "second": 15166.791179,
  "diff": 2445.5675850000007
 }
}