{
 "single": {
  "first": 2313.705083,
  "second": 3376.410378,
  "diff": 1062.7052950000002
 },
 "multi": {
  "first": 3377.435379,
  "second": 4224.994909,
  "diff": 847.55953
 }
}