{
 "single": {
  "first": 2487.150864,
  "second": 3500.227027,
  "diff": 1013.0761629999997
 },
 "multi": {
  "first": 3501.13174,
  "second": 4157.128427,
  "diff": 655.9966869999998
 }
}