{
 "single": {
  "first": 2387.118989,
  "second": 3456.518228,
  "diff": 1069.3992389999999
 },
 "multi": {
  "first": 3457.52932,
  "second": 4137.579304,
  "diff": 680.0499839999998
 }
}