{
 "single": {
  "first": 2161.896417,
  "second": 3208.567948,
  "diff": 1046.671531
 },
 "multi": {
  "first": 3209.709261,
  "second": 4094.588832,
  "diff": 884.8795709999999
 }
}