{
 "single": {
  "first": 2402.822075,
  "second": 3492.970413,
  "diff": 1090.148338
 },
 "multi": {
  "first": 3493.951656,
  "second": 4298.678722,
  "diff": 804.7270659999995
 }
}