{
 "single": {
  "first": 2398.655083,
  "second": 3636.272433,
  "diff": 1237.61735
 },
 "multi": {
  "first": 3637.576618,
  "second": 4449.696551,
  "diff": 812.119933
 }
}