{
 "single": {
  "first": 2254.141307,
  "second": 3453.377428,
  "diff": 1199.236121
 },
 "multi": {
  "first": 3454.276921,
  "second": 4163.356516,
  "diff": 709.0795949999997
 }
}