{
 "single": {
  "first": 2410.899972,
  "second": 3526.266114,
  "diff": 1115.3661419999999
 },
 "multi": {
  "first": 3527.306396,
  "second": 4377.640178,
  "diff": 850.3337819999997
 }
}