{
 "single": {
  "first": 2411.713758,
  "second": 3417.259103,
  "diff": 1005.545345
 },
 "multi": {
  "first": 3418.76033,
  "second": 4087.506488,
  "diff": 668.7461579999999
 }
}