{
 "single": {
  "first": 2368.234233,
  "second": 3480.806563,
  "diff": 1112.57233
 },
 "multi": {
  "first": 3481.695995,
  "second": 4180.915492,
  "diff": 699.219497
 }
}