{
 "single": {
  "first": 387.53502,
  "second": 425.143812,
  "diff": 37.60879200000005
 },
 "multi": {
  "first": 426.050959,
  "second": 735.544326,
  "diff": 309.493367
 }
}