{
 "single": {
  "first": 381.889397,
  "second": 419.136188,
  "diff": 37.24679100000003
 },
 "multi": {
  "first": 420.017406,
  "second": 602.174279,
  "diff": 182.15687299999996
 }
}