{
 "single": {
  "first": 393.086501,
  "second": 434.776417,
  "diff": 41.68991599999998
 },
 "multi": {
  "first": 435.802734,
  "second": 611.394991,
  "diff": 175.59225700000002
 }
}