{
 "single": {
  "first": 384.718812,
  "second": 420.727855,
  "diff": 36.00904299999996
 },
 "multi": {
  "first": 421.603778,
  "second": 606.753894,
  "diff": 185.15011599999997
 }
}