{
 "single": {
  "first": 393.495165,
  "second": 428.913524,
  "diff": 35.41835900000001
 },
 "multi": {
  "first": 429.779938,
  "second": 589.839166,
  "diff": 160.05922799999996
 }
}