{
 "single": {
  "first": 381.699849,
  "second": 421.472621,
  "diff": 39.77277200000003
 },
 "multi": {
  "first": 422.35377,
  "second": 582.676678,
  "diff": 160.32290800000004
 }
}