{
 "single": {
  "first": 392.585472,
  "second": 427.132004,
  "diff": 34.54653200000001
 },
 "multi": {
  "first": 427.944287,
  "second": 587.674774,
  "diff": 159.73048699999998
 }
}