{
 "single": {
  "first": 391.230804,
  "second": 429.543981,
  "diff": 38.313176999999996
 },
 "multi": {
  "first": 430.434249,
  "second": 736.87903,
  "diff": 306.4447809999999
 }
}