{
 "single": {
  "first": 393.587798,
  "second": 430.11109,
  "diff": 36.52329199999997
 },
 "multi": {
  "first": 431.669209,
  "second": 633.632135,
  "diff": 201.96292599999992
 }
}