{
 "single": {
  "first": 395.607659,
  "second": 431.662498,
  "diff": 36.054839000000015
 },
 "multi": {
  "first": 432.54146,
  "second": 605.753461,
  "diff": 173.21200100000004
 }
}