{
 "single": {
  "first": 377.684325,
  "second": 387.402346,
  "diff": 9.718021000000022
 },
 "multi": {
  "first": 388.178172,
  "second": 596.886559,
  "diff": 208.70838700000002
 }
}