{
 "single": {
  "first": 379.931908,
  "second": 389.572838,
  "diff": 9.640929999999969
 },
 "multi": {
  "first": 390.324502,
  "second": 580.917052,
  "diff": 190.59255000000002
 }
}