{
 "single": {
  "first": 383.902788,
  "second": 393.651555,
  "diff": 9.748766999999987
 },
 "multi": {
  "first": 394.448293,
  "second": 583.927784,
  "diff": 189.479491
 }
}