{
 "single": {
  "first": 377.663979,
  "second": 385.523232,
  "diff": 7.859253000000024
 },
 "multi": {
  "first": 386.28509,
  "second": 579.974195,
  "diff": 193.68910499999998
 }
}