{
 "single": {
  "first": 384.685904,
  "second": 394.666066,
  "diff": 9.980162000000007
 },
 "multi": {
  "first": 395.600513,
  "second": 705.697893,
  "diff": 310.09738000000004
 }
}