{
 "single": {
  "first": 376.602919,
  "second": 386.350269,
  "diff": 9.74735000000004
 },
 "multi": {
  "first": 387.131295,
  "second": 592.073565,
  "diff": 204.94227
 }
}