{
 "single": {
  "first": 385.204753,
  "second": 394.815957,
  "diff": 9.611204000000043
 },
 "multi": {
  "first": 395.574579,
  "second": 597.162668,
  "diff": 201.58808900000002
 }
}