{
 "single": {
  "first": 366.233803,
  "second": 373.526216,
  "diff": 7.292412999999954
 },
 "multi": {
  "first": 374.297345,
  "second": 564.411965,
  "diff": 190.11462
 }
}