{
 "single": {
  "first": 381.530956,
  "second": 390.93236,
  "diff": 9.401404000000014
 },
 "multi": {
  "first": 391.683653,
  "second": 593.370285,
  "diff": 201.68663199999997
 }
}