{
 "single": {
  "first": 390.192362,
  "second": 399.888232,
  "diff": 9.695870000000014
 },
 "multi": {
  "first": 400.661877,
  "second": 585.175639,
  "diff": 184.51376200000004
 }
}