{
 "single": {
  "first": 9311.772577,
  "second": 14335.8711,
  "diff": 5024.098523000001
 },
 "multi": {
  "first": 14336.761172,
  "second": 16380.8745,
  "diff": 2044.1133279999995
 }
}