{
 "single": {
  "first": 8918.842421,
  "second": 14289.286465,
  "diff": 5370.444044
 },
 "multi": {
  "first": 14290.373469,
  "second": 16473.808252,
  "diff": 2183.434782999999
 }
}