{
 "single": {
  "first": 10089.715519,
  "second": 15451.320178,
  "diff": 5361.6046590000005
 },
 "multi": {
  "first": 15452.404238,
  "second": 18160.383361,
  "diff": 2707.979123000001
 }
}