{
 "single": {
  "first": 9295.387013,
  "second": 14518.328202,
  "diff": 5222.941189000001
 },
 "multi": {
  "first": 14519.776776,
  "second": 17295.641292,
  "diff": 2775.8645159999996
 }
}