{
 "single": {
  "first": 9198.480383,
  "second": 14294.341592,
  "diff": 5095.861209000001
 },
 "multi": {
  "first": 14295.330398,
  "second": 16980.614338,
  "diff": 2685.2839399999993
 }
}