{
 "single": {
  "first": 9076.658972,
  "second": 14393.680625,
  "diff": 5317.021653000002
 },
 "multi": {
  "first": 14394.663109,
  "second": 16892.676158,
  "diff": 2498.0130489999992
 }
}