{
 "single": {
  "first": 9212.347091,
  "second": 14621.255047999999,
  "diff": 5408.907956999999
 },
 "multi": {
  "first": 14622.33548,
  "second": 17027.00401,
  "diff": 2404.668530000001
 }
}