{
 "single": {
  "first": 8903.16474,
  "second": 14262.07598,
  "diff": 5358.911239999999
 },
 "multi": {
  "first": 14263.38649,
  "second": 16570.42904,
  "diff": 2307.0425499999983
 }
}