{
 "single": {
  "first": 9072.346958,
  "second": 14293.959741,
  "diff": 5221.6127830000005
 },
 "multi": {
  "first": 14295.057752,
  "second": 16737.40039,
  "diff": 2442.3426379999983
 }
}