{
 "single": {
  "first": 8888.495061,
  "second": 13560.006251,
  "diff": 4671.511190000001
 },
 "multi": {
  "first": 13560.941724,
  "second": 16307.876871,
  "diff": 2746.935147
 }
}