{
 "single": {
  "first": 445.164098,
  "second": 516.076504,
  "diff": 70.91240599999998
 },
 "multi": {
  "first": 516.960178,
  "second": 941.850261,
  "diff": 424.890083
 }
}