{
 "single": {
  "first": 452.126126,
  "second": 532.131645,
  "diff": 80.00551900000005
 },
 "multi": {
  "first": 533.009205,
  "second": 879.207718,
  "diff": 346.19851300000005
 }
}