{
 "single": {
  "first": 436.057903,
  "second": 511.373033,
  "diff": 75.31513000000001
 },
 "multi": {
  "first": 512.279494,
  "second": 853.651767,
  "diff": 341.37227299999995
 }
}