{
 "single": {
  "first": 459.05229,
  "second": 535.383474,
  "diff": 76.33118399999995
 },
 "multi": {
  "first": 536.243223,
  "second": 858.367721,
  "diff": 322.124498
 }
}