{
 "single": {
  "first": 441.64346,
  "second": 517.020815,
  "diff": 75.37735499999997
 },
 "multi": {
  "first": 517.868157,
  "second": 853.635555,
  "diff": 335.76739799999996
 }
}