{
 "single": {
  "first": 452.691597,
  "second": 531.444667,
  "diff": 78.75306999999998
 },
 "multi": {
  "first": 532.288127,
  "second": 963.406687,
  "diff": 431.11856
 }
}