{
 "single": {
  "first": 443.622169,
  "second": 520.50442,
  "diff": 76.882251
 },
 "multi": {
  "first": 521.367877,
  "second": 847.553498,
  "diff": 326.18562099999997
 }
}