{
 "single": {
  "first": 465.886254,
  "second": 542.309048,
  "diff": 76.42279399999995
 },
 "multi": {
  "first": 543.184987,
  "second": 893.485376,
  "diff": 350.300389
 }
}