{
 "single": {
  "first": 443.950154,
  "second": 521.092465,
  "diff": 77.14231099999995
 },
 "multi": {
  "first": 522.581957,
  "second": 969.340124,
  "diff": 446.75816699999996
 }
}