{
 "single": {
  "first": 448.180019,
  "second": 526.595453,
  "diff": 78.415434
 },
 "multi": {
  "first": 527.543813,
  "second": 875.50051,
  "diff": 347.95669699999996
 }
}