{
 "single": {
  "first": 9438.490036,
  "second": 14831.895689,
  "diff": 5393.405653000002
 },
 "multi": {
  "first": 14832.779466,
  "second": 16968.964495,
  "diff": 2136.185029
 }
}