{
 "single": {
  "first": 9804.241201,
  "second": 15242.740146,
  "diff": 5438.498944999999
 },
 "multi": {
  "first": 15243.611763,
  "second": 17330.066649,
  "diff": 2086.4548859999995
 }
}