{
 "single": {
  "first": 9992.989456,
  "second": 15455.445841,
  "diff": 5462.456385000001
 },
 "multi": {
  "first": 15456.305314,
  "second": 17710.239637,
  "diff": 2253.9343229999995
 }
}