{
 "single": {
  "first": 9805.431672,
  "second": 15205.992885,
  "diff": 5400.561212999999
 },
 "multi": {
  "first": 15206.869342,
  "second": 17442.157971,
  "diff": 2235.2886290000006
 }
}