{
 "single": {
  "first": 9730.700946,
  "second": 15246.360546,
  "diff": 5515.659599999999
 },
 "multi": {
  "first": 15247.226729,
  "second": 17587.319232,
  "diff": 2340.0925030000017
 }
}