{
 "single": {
  "first": 9680.909716,
  "second": 15190.387225,
  "diff": 5509.477509
 },
 "multi": {
  "first": 15191.249796,
  "second": 17428.064573,
  "diff": 2236.8147769999996
 }
}