{
 "single": {
  "first": 10419.793313,
  "second": 15867.021276,
  "diff": 5447.227962999999
 },
 "multi": {
  "first": 15867.88405,
  "second": 18147.072123,
  "diff": 2279.188073000001
 }
}