{
 "single": {
  "first": 10139.724797,
  "second": 15568.682196,
  "diff": 5428.957398999999
 },
 "multi": {
  "first": 15569.545995,
  "second": 17746.320175,
  "diff": 2176.7741800000003
 }
}