{
 "single": {
  "first": 9858.671308,
  "second": 15342.233567,
  "diff": 5483.562258999998
 },
 "multi": {
  "first": 15343.101867,
  "second": 17460.578135,
  "diff": 2117.4762680000003
 }
}