{
 "single": {
  "first": 10537.714512,
  "second": 15931.888195,
  "diff": 5394.173682999999
 },
 "multi": {
  "first": 15932.775709,
  "second": 18400.157273,
  "diff": 2467.381564000001
 }
}