{
 "single": {
  "first": 777.256426,
  "second": 1025.532782,
  "diff": 248.27635599999996
 },
 "multi": {
  "first": 1026.374073,
  "second": 1543.64145,
  "diff": 517.2673770000001
 }
}