{
 "single": {
  "first": 841.268567,
  "second": 1101.869231,
  "diff": 260.60066399999994
 },
 "multi": {
  "first": 1102.724151,
  "second": 1517.190323,
  "diff": 414.46617200000014
 }
}