{
 "single": {
  "first": 782.58661,
  "second": 1037.218669,
  "diff": 254.63205900000014
 },
 "multi": {
  "first": 1038.241803,
  "second": 1549.217715,
  "diff": 510.9759120000001
 }
}