{
 "single": {
  "first": 837.544812,
  "second": 1094.143157,
  "diff": 256.598345
 },
 "multi": {
  "first": 1094.980047,
  "second": 1486.827152,
  "diff": 391.84710500000006
 }
}