{
 "single": {
  "first": 824.689536,
  "second": 1079.027557,
  "diff": 254.3380209999999
 },
 "multi": {
  "first": 1079.866443,
  "second": 1618.201677,
  "diff": 538.3352340000001
 }
}