{
 "single": {
  "first": 845.382207,
  "second": 1100.098856,
  "diff": 254.71664900000007
 },
 "multi": {
  "first": 1101.134829,
  "second": 1510.894847,
  "diff": 409.76001799999995
 }
}