{
 "single": {
  "first": 836.317388,
  "second": 1088.629262,
  "diff": 252.31187399999988
 },
 "multi": {
  "first": 1089.463706,
  "second": 1623.001977,
  "diff": 533.5382709999999
 }
}