{
 "single": {
  "first": 833.607184,
  "second": 1082.755665,
  "diff": 249.14848099999995
 },
 "multi": {
  "first": 1083.6293679999999,
  "second": 1381.217157,
  "diff": 297.58778900000016
 }
}