{
 "single": {
  "first": 831.684955,
  "second": 1089.969052,
  "diff": 258.284097
 },
 "multi": {
  "first": 1090.809481,
  "second": 1903.267795,
  "diff": 812.458314
 }
}