{
 "single": {
  "first": 825.359535,
  "second": 1081.273162,
  "diff": 255.9136269999999
 },
 "multi": {
  "first": 1082.116473,
  "second": 1602.864965,
  "diff": 520.7484919999999
 }
}