{
 "single": {
  "first": 21684.044239,
  "second": 33796.680354,
  "diff": 12112.636114999998
 },
 "multi": {
  "first": 33797.820279,
  "second": 38902.099681,
  "diff": 5104.279402
 }
}