{
 "single": {
  "first": 22294.026962,
  "second": 34644.50782,
  "diff": 12350.480857999999
 },
 "multi": {
  "first": 34645.702817,
  "second": 41121.812255,
  "diff": 6476.1094379999995
 }
}