{
 "single": {
  "first": 21315.616827,
  "second": 33438.66495,
  "diff": 12123.048122999997
 },
 "multi": {
  "first": 33439.581673,
  "second": 38860.069874,
  "diff": 5420.488201
 }
}