{
 "single": {
  "first": 22020.389211,
  "second": 33484.557205,
  "diff": 11464.167993999996
 },
 "multi": {
  "first": 33485.409562,
  "second": 38193.699018,
  "diff": 4708.289455999999
 }
}