{
 "single": {
  "first": 20997.546229,
  "second": 32981.438715,
  "diff": 11983.892485999997
 },
 "multi": {
  "first": 32982.403887,
  "second": 38480.060436,
  "diff": 5497.656548999999
 }
}