{
 "single": {
  "first": 20487.990869,
  "second": 32307.016957,
  "diff": 11819.026087999999
 },
 "multi": {
  "first": 32307.882951,
  "second": 36879.699673,
  "diff": 4571.816722000003
 }
}