{
 "single": {
  "first": 21063.102932,
  "second": 32879.458407,
  "diff": 11816.355474999997
 },
 "multi": {
  "first": 32880.574454,
  "second": 37927.69163,
  "diff": 5047.117176
 }
}