{
 "single": {
  "first": 21444.252087,
  "second": 34649.10436,
  "diff": 13204.852272999997
 },
 "multi": {
  "first": 34650.01157,
  "second": 40620.582048,
  "diff": 5970.570477999994
 }
}