{
 "single": {
  "first": 22427.146104,
  "second": 36150.437026,
  "diff": 13723.290922
 },
 "multi": {
  "first": 36151.470173,
  "second": 41908.721753,
  "diff": 5757.2515799999965
 }
}