{
 "single": {
  "first": 21433.188912,
  "second": 34451.854255,
  "diff": 13018.665342999997
 },
 "multi": {
  "first": 34452.84957,
  "second": 40297.182114,
  "diff": 5844.332544000004
 }
}