{
 "single": {
  "first": 8165.385548,
  "second": 12523.274367,
  "diff": 4357.888819
 },
 "multi": {
  "first": 12524.127711,
  "second": 16674.198643,
  "diff": 4150.0709320000005
 }
}