{
 "single": {
  "first": 7622.77545,
  "second": 11885.802777,
  "diff": 4263.027327000001
 },
 "multi": {
  "first": 11886.68346,
  "second": 16061.498513,
  "diff": 4174.815053
 }
}