{
 "single": {
  "first": 8227.098962,
  "second": 12526.05305,
  "diff": 4298.954088
 },
 "multi": {
  "first": 12526.950827,
  "second": 16668.075072,
  "diff": 4141.124244999999
 }
}