{
 "single": {
  "first": 8229.853444,
  "second": 12534.828714,
  "diff": 4304.975269999999
 },
 "multi": {
  "first": 12535.719302,
  "second": 16704.431044,
  "diff": 4168.711742000001
 }
}