{
 "single": {
  "first": 7785.987815,
  "second": 12125.107468,
  "diff": 4339.119653
 },
 "multi": {
  "first": 12125.978832,
  "second": 16266.223917,
  "diff": 4140.245084999999
 }
}