{
 "single": {
  "first": 8180.633282,
  "second": 12458.742248,
  "diff": 4278.108966000001
 },
 "multi": {
  "first": 12459.580013,
  "second": 16561.30674,
  "diff": 4101.726726999999
 }
}