{
 "single": {
  "first": 7614.455394,
  "second": 11873.37139,
  "diff": 4258.915996000001
 },
 "multi": {
  "first": 11874.296325,
  "second": 16005.534421,
  "diff": 4131.238096000001
 }
}