{
 "single": {
  "first": 8261.884453,
  "second": 12528.983056000001,
  "diff": 4267.098603
 },
 "multi": {
  "first": 12529.848322,
  "second": 16670.189936,
  "diff": 4140.341613999999
 }
}