{
 "single": {
  "first": 7689.350707,
  "second": 11982.720251,
  "diff": 4293.369544000001
 },
 "multi": {
  "first": 11983.597195,
  "second": 16136.234946,
  "diff": 4152.637751
 }
}