{
 "single": {
  "first": 8437.387314,
  "second": 12716.240690999999,
  "diff": 4278.853376999999
 },
 "multi": {
  "first": 12717.090005,
  "second": 16893.754748,
  "diff": 4176.664742999999
 }
}