{
 "single": {
  "first": 17407.235423,
  "second": 26880.606052,
  "diff": 9473.370629000001
 },
 "multi": {
  "first": 26881.499563,
  "second": 30089.02384,
  "diff": 3207.5242770000004
 }
}