{
 "single": {
  "first": 16242.345803,
  "second": 25689.71242,
  "diff": 9447.366617
 },
 "multi": {
  "first": 25690.550307,
  "second": 28899.814276,
  "diff": 3209.2639689999996
 }
}