{
 "single": {
  "first": 17348.153318,
  "second": 26758.590113,
  "diff": 9410.436794999998
 },
 "multi": {
  "first": 26759.491996,
  "second": 30104.498048,
  "diff": 3345.0060520000006
 }
}