{
 "single": {
  "first": 17742.012145,
  "second": 27131.716514,
  "diff": 9389.704369
 },
 "multi": {
  "first": 27132.577582,
  "second": 30448.8654,
  "diff": 3316.287817999997
 }
}