{
 "single": {
  "first": 16680.541277,
  "second": 26032.008642,
  "diff": 9351.467365
 },
 "multi": {
  "first": 26033.130067,
  "second": 29385.875457,
  "diff": 3352.74539
 }
}