{
 "single": {
  "first": 16452.047505,
  "second": 25773.749934,
  "diff": 9321.702429
 },
 "multi": {
  "first": 25774.597771,
  "second": 28999.567196,
  "diff": 3224.9694249999993
 }
}