{
 "single": {
  "first": 16673.266307,
  "second": 26111.085659,
  "diff": 9437.819351999999
 },
 "multi": {
  "first": 26111.945978,
  "second": 29430.008758,
  "diff": 3318.06278
 }
}