{
 "single": {
  "first": 16397.850702,
  "second": 25732.120898,
  "diff": 9334.270196000001
 },
 "multi": {
  "first": 25732.943151,
  "second": 28979.521047,
  "diff": 3246.577895999999
 }
}