{
 "single": {
  "first": 17867.373393,
  "second": 27351.187664,
  "diff": 9483.814271
 },
 "multi": {
  "first": 27352.031364,
  "second": 30684.149538,
  "diff": 3332.118174000003
 }
}