{
 "single": {
  "first": 17759.717893,
  "second": 27203.623009,
  "diff": 9443.905115999998
 },
 "multi": {
  "first": 27204.4826,
  "second": 30442.438202,
  "diff": 3237.955602000002
 }
}