{
 "single": {
  "first": 24942.357488,
  "second": 39607.903768,
  "diff": 14665.546279999995
 },
 "multi": {
  "first": 39608.804213,
  "second": 44244.644671,
  "diff": 4635.840457999999
 }
}