{
 "single": {
  "first": 24333.314293,
  "second": 38438.828473,
  "diff": 14105.514180000002
 },
 "multi": {
  "first": 38440.103948,
  "second": 46045.192909,
  "diff": 7605.088960999994
 }
}