{
 "single": {
  "first": 25684.579657,
  "second": 40173.552088,
  "diff": 14488.972430999998
 },
 "multi": {
  "first": 40174.59512,
  "second": 44545.136647,
  "diff": 4370.541527000001
 }
}