{
 "single": {
  "first": 25060.312534,
  "second": 40202.363494,
  "diff": 15142.050959999997
 },
 "multi": {
  "first": 40203.719959,
  "second": 46889.691283,
  "diff": 6685.971323999998
 }
}