{
 "single": {
  "first": 26178.144463,
  "second": 41157.531133,
  "diff": 14979.386669999996
 },
 "multi": {
  "first": 41158.567562,
  "second": 47257.495185,
  "diff": 6098.927623000003
 }
}