{
 "single": {
  "first": 25357.60839,
  "second": 38902.20403,
  "diff": 13544.59564
 },
 "multi": {
  "first": 38903.146435,
  "second": 44872.395658,
  "diff": 5969.249222999999
 }
}