{
 "single": {
  "first": 27282.341539,
  "second": 42344.00231,
  "diff": 15061.660771000003
 },
 "multi": {
  "first": 42344.905388,
  "second": 47402.881944,
  "diff": 5057.976556000001
 }
}