{
 "single": {
  "first": 25511.325773,
  "second": 39706.329844,
  "diff": 14195.004071
 },
 "multi": {
  "first": 39707.504678,
  "second": 45721.333708,
  "diff": 6013.829030000001
 }
}