{
 "single": {
  "first": 24728.301685,
  "second": 38741.409801,
  "diff": 14013.108116000003
 },
 "multi": {
  "first": 38742.30135,
  "second": 43451.575957,
  "diff": 4709.274606999999
 }
}