{
 "single": {
  "first": 25747.856549,
  "second": 39400.749029,
  "diff": 13652.892479999999
 },
 "multi": {
  "first": 39401.604911,
  "second": 43785.448945,
  "diff": 4383.844033999994
 }
}