{
 "single": {
  "first": 3308.641197,
  "second": 5070.48361,
  "diff": 1761.8424130000003
 },
 "multi": {
  "first": 5071.48862,
  "second": 6047.615751,
  "diff": 976.1271310000002
 }
}