{
 "single": {
  "first": 3213.054197,
  "second": 4722.666494,
  "diff": 1509.6122970000001
 },
 "multi": {
  "first": 4723.565528,
  "second": 5405.229412,
  "diff": 681.6638839999996
 }
}