{
 "single": {
  "first": 3341.95993,
  "second": 5285.539097,
  "diff": 1943.5791669999999
 },
 "multi": {
  "first": 5286.56902,
  "second": 6146.429631,
  "diff": 859.8606110000001
 }
}