{
 "single": {
  "first": 2986.453565,
  "second": 4489.204924,
  "diff": 1502.7513589999999
 },
 "multi": {
  "first": 4490.063902,
  "second": 6155.526913,
  "diff": 1665.4630109999998
 }
}