{
 "single": {
  "first": 3613.610721,
  "second": 5524.787458,
  "diff": 1911.1767369999998
 },
 "multi": {
  "first": 5525.824765,
  "second": 6897.606867,
  "diff": 1371.7821020000001
 }
}