{
 "single": {
  "first": 3274.166393,
  "second": 4929.372982,
  "diff": 1655.206589
 },
 "multi": {
  "first": 4930.453858,
  "second": 5823.9130239999995,
  "diff": 893.4591659999996
 }
}