{
 "single": {
  "first": 2955.607327,
  "second": 4666.61939,
  "diff": 1711.0120629999997
 },
 "multi": {
  "first": 4667.6486079999995,
  "second": 5749.843823,
  "diff": 1082.1952150000006
 }
}