{
 "single": {
  "first": 3196.328076,
  "second": 4734.241129,
  "diff": 1537.9130530000002
 },
 "multi": {
  "first": 4735.178093,
  "second": 5790.328081,
  "diff": 1055.1499879999992
 }
}