{
 "single": {
  "first": 3238.444784,
  "second": 4780.052996,
  "diff": 1541.6082120000005
 },
 "multi": {
  "first": 4781.070509,
  "second": 5515.852075,
  "diff": 734.7815659999997
 }
}