{
 "single": {
  "first": 3114.001686,
  "second": 4550.83272,
  "diff": 1436.8310340000003
 },
 "multi": {
  "first": 4551.7503369999995,
  "second": 5363.336898,
  "diff": 811.5865610000001
 }
}