{
 "single": {
  "first": 5412.611357,
  "second": 8166.689501,
  "diff": 2754.078144
 },
 "multi": {
  "first": 8167.577837,
  "second": 9363.18653,
  "diff": 1195.608693000001
 }
}