{
 "single": {
  "first": 5469.571981,
  "second": 8341.580016,
  "diff": 2872.008035
 },
 "multi": {
  "first": 8342.509513,
  "second": 9732.746063,
  "diff": 1390.2365499999996
 }
}