{
 "single": {
  "first": 5422.263919,
  "second": 8597.499519,
  "diff": 3175.235600000001
 },
 "multi": {
  "first": 8598.454428000001,
  "second": 10318.567633999999,
  "diff": 1720.1132059999982
 }
}