{
 "single": {
  "first": 5685.995928,
  "second": 8664.342117,
  "diff": 2978.346189
 },
 "multi": {
  "first": 8665.731566,
  "second": 9914.821177,
  "diff": 1249.0896109999994
 }
}