{
 "single": {
  "first": 5230.192288,
  "second": 8123.546906,
  "diff": 2893.3546179999994
 },
 "multi": {
  "first": 8124.413438,
  "second": 9416.663124,
  "diff": 1292.249686000001
 }
}