{
 "single": {
  "first": 5331.085091,
  "second": 8239.381534,
  "diff": 2908.296443
 },
 "multi": {
  "first": 8240.342534,
  "second": 9935.710566,
  "diff": 1695.3680320000003
 }
}