{
 "single": {
  "first": 5121.08232,
  "second": 7767.044459,
  "diff": 2645.9621389999993
 },
 "multi": {
  "first": 7767.983973,
  "second": 9380.976134,
  "diff": 1612.9921610000001
 }
}