{
 "single": {
  "first": 5489.572953,
  "second": 8378.981903,
  "diff": 2889.40895
 },
 "multi": {
  "first": 8380.021276,
  "second": 10214.12183,
  "diff": 1834.1005540000006
 }
}