{
 "single": {
  "first": 5556.809403,
  "second": 8406.486125,
  "diff": 2849.6767219999992
 },
 "multi": {
  "first": 8407.330384,
  "second": 10402.052589,
  "diff": 1994.722205
 }
}