{
 "single": {
  "first": 5457.392785,
  "second": 8218.745657,
  "diff": 2761.3528719999995
 },
 "multi": {
  "first": 8219.913901,
  "second": 10141.523522,
  "diff": 1921.6096209999996
 }
}