{
 "single": {
  "first": 4366.852923,
  "second": 6497.377386,
  "diff": 2130.5244629999997
 },
 "multi": {
  "first": 6498.281053,
  "second": 7703.457885,
  "diff": 1205.176832
 }
}