{
 "single": {
  "first": 4151.093443,
  "second": 6440.847058,
  "diff": 2289.7536150000005
 },
 "multi": {
  "first": 6441.853811,
  "second": 7540.650026,
  "diff": 1098.7962150000003
 }
}