{
 "single": {
  "first": 4551.493631,
  "second": 6590.681523,
  "diff": 2039.187892
 },
 "multi": {
  "first": 6591.55155,
  "second": 7572.203993,
  "diff": 980.652443
 }
}