{
 "single": {
  "first": 4272.641423,
  "second": 6306.657374,
  "diff": 2034.0159510000003
 },
 "multi": {
  "first": 6307.583796,
  "second": 7314.06633,
  "diff": 1006.4825339999998
 }
}