{
 "single": {
  "first": 3964.408402,
  "second": 6106.414615,
  "diff": 2142.0062129999997
 },
 "multi": {
  "first": 6107.265063,
  "second": 7374.006448,
  "diff": 1266.7413850000003
 }
}