{
 "single": {
  "first": 3885.817467,
  "second": 5944.118089,
  "diff": 2058.3006219999997
 },
 "multi": {
  "first": 5945.0220420000005,
  "second": 7122.004921,
  "diff": 1176.9828789999992
 }
}