{
 "single": {
  "first": 3944.052396,
  "second": 6029.036789,
  "diff": 2084.9843929999997
 },
 "multi": {
  "first": 6029.997299,
  "second": 7200.511265,
  "diff": 1170.5139660000004
 }
}