{
 "single": {
  "first": 4196.290153,
  "second": 6301.266324,
  "diff": 2104.9761710000002
 },
 "multi": {
  "first": 6302.270024,
  "second": 7547.268881,
  "diff": 1244.9988569999996
 }
}