{
 "single": {
  "first": 4182.794001,
  "second": 6396.535461,
  "diff": 2213.74146
 },
 "multi": {
  "first": 6397.485545,
  "second": 7432.956897,
  "diff": 1035.4713520000005
 }
}