{
 "single": {
  "first": 4271.327059,
  "second": 6720.428712,
  "diff": 2449.1016529999997
 },
 "multi": {
  "first": 6721.512661,
  "second": 7812.70926,
  "diff": 1091.1965989999999
 }
}