{
 "single": {
  "first": 373.713895,
  "second": 378.948543,
  "diff": 5.234647999999993
 },
 "multi": {
  "first": 379.693459,
  "second": 545.441459,
  "diff": 165.748
 }
}