{
 "single": {
  "first": 372.924124,
  "second": 378.083677,
  "diff": 5.159553000000017
 },
 "multi": {
  "first": 378.84823,
  "second": 624.84404,
  "diff": 245.99580999999995
 }
}