{
 "single": {
  "first": 387.525248,
  "second": 392.988061,
  "diff": 5.46281300000004
 },
 "multi": {
  "first": 393.759134,
  "second": 546.052847,
  "diff": 152.29371300000003
 }
}