{
 "single": {
  "first": 375.245834,
  "second": 380.254645,
  "diff": 5.00881099999998
 },
 "multi": {
  "first": 381.011699,
  "second": 536.10955,
  "diff": 155.097851
 }
}