{
 "single": {
  "first": 396.501832,
  "second": 402.365463,
  "diff": 5.863630999999998
 },
 "multi": {
  "first": 403.24012,
  "second": 554.551281,
  "diff": 151.31116100000003
 }
}