{
 "single": {
  "first": 373.980475,
  "second": 379.108908,
  "diff": 5.128432999999973
 },
 "multi": {
  "first": 379.876144,
  "second": 524.314589,
  "diff": 144.43844499999994
 }
}