{
 "single": {
  "first": 371.584075,
  "second": 376.630878,
  "diff": 5.046803000000011
 },
 "multi": {
  "first": 377.385053,
  "second": 637.907719,
  "diff": 260.522666
 }
}