{
 "single": {
  "first": 376.430426,
  "second": 381.648793,
  "diff": 5.218367000000001
 },
 "multi": {
  "first": 382.435395,
  "second": 532.151287,
  "diff": 149.715892
 }
}