{
 "single": {
  "first": 396.201194,
  "second": 401.375984,
  "diff": 5.17479000000003
 },
 "multi": {
  "first": 402.184812,
  "second": 546.455279,
  "diff": 144.270467
 }
}