{
 "single": {
  "first": 371.439574,
  "second": 376.68782,
  "diff": 5.248245999999995
 },
 "multi": {
  "first": 377.624469,
  "second": 535.998492,
  "diff": 158.37402300000008
 }
}