{
 "700": {
  "single": {
   "first": 1633.690737,
   "second": 2273.621828,
   "diff": 639.9310909999999
  },
  "multi": {
   "first": 2274.458766,
   "second": 3485.90882,
   "diff": 1211.450054
  }
 }
}