{
 "single": {
  "first": 377.701467,
  "second": 387.345869,
  "diff": 9.644402000000014
 },
 "multi": {
  "first": 388.104436,
  "second": 640.70651,
  "diff": 252.60207399999996
 }
}