{
 "single": {
  "first": 379.70691,
  "second": 389.436414,
  "diff": 9.72950400000002
 },
 "multi": {
  "first": 390.218737,
  "second": 634.009899,
  "diff": 243.79116200000004
 }
}