{
 "single": {
  "first": 374.20766,
  "second": 383.964678,
  "diff": 9.757018000000016
 },
 "multi": {
  "first": 384.727907,
  "second": 645.817468,
  "diff": 261.08956099999995
 }
}