{
 "single": {
  "first": 373.992066,
  "second": 383.813415,
  "diff": 9.821348999999998
 },
 "multi": {
  "first": 384.592061,
  "second": 670.14926,
  "diff": 285.557199
 }
}