{
 "single": {
  "first": 392.996806,
  "second": 403.249664,
  "diff": 10.252858000000003
 },
 "multi": {
  "first": 404.107866,
  "second": 655.919866,
  "diff": 251.81199999999995
 }
}