{
 "single": {
  "first": 375.275997,
  "second": 382.374322,
  "diff": 7.0983249999999884
 },
 "multi": {
  "first": 383.101998,
  "second": 688.494943,
  "diff": 305.39294500000005
 }
}