{
 "single": {
  "first": 375.351703,
  "second": 385.127833,
  "diff": 9.776130000000023
 },
 "multi": {
  "first": 385.912389,
  "second": 612.723031,
  "diff": 226.81064199999997
 }
}