{
 "single": {
  "first": 376.748449,
  "second": 390.838224,
  "diff": 14.089775000000031
 },
 "multi": {
  "first": 391.849475,
  "second": 637.311034,
  "diff": 245.46155899999997
 }
}