{
 "single": {
  "first": 374.740928,
  "second": 384.479783,
  "diff": 9.738855000000001
 },
 "multi": {
  "first": 385.30061,
  "second": 615.919709,
  "diff": 230.619099
 }
}