{
 "single": {
  "first": 392.20254,
  "second": 401.991853,
  "diff": 9.789312999999993
 },
 "multi": {
  "first": 402.757917,
  "second": 663.99993,
  "diff": 261.24201299999993
 }
}