{
 "single": {
  "first": 829.073362,
  "second": 1082.466154,
  "diff": 253.392792
 },
 "multi": {
  "first": 1083.380215,
  "second": 1441.8735219999999,
  "diff": 358.49330699999996
 }
}