{
 "single": {
  "first": 820.749458,
  "second": 1078.078939,
  "diff": 257.329481
 },
 "multi": {
  "first": 1078.893655,
  "second": 1446.892546,
  "diff": 367.99889099999996
 }
}