{
 "single": {
  "first": 817.521934,
  "second": 1077.343894,
  "diff": 259.8219600000001
 },
 "multi": {
  "first": 1078.237547,
  "second": 1435.797855,
  "diff": 357.5603080000001
 }
}