{
 "single": {
  "first": 776.195845,
  "second": 1028.236243,
  "diff": 252.0403980000001
 },
 "multi": {
  "first": 1029.109345,
  "second": 1395.406171,
  "diff": 366.296826
 }
}