{
 "single": {
  "first": 831.702909,
  "second": 1086.033644,
  "diff": 254.33073500000012
 },
 "multi": {
  "first": 1086.918057,
  "second": 1450.973003,
  "diff": 364.054946
 }
}