{
 "single": {
  "first": 828.783627,
  "second": 1099.746424,
  "diff": 270.9627969999999
 },
 "multi": {
  "first": 1100.593206,
  "second": 1469.053635,
  "diff": 368.460429
 }
}