{
 "single": {
  "first": 823.014465,
  "second": 1082.126699,
  "diff": 259.11223399999994
 },
 "multi": {
  "first": 1083.027281,
  "second": 1439.849237,
  "diff": 356.821956
 }
}