{
 "single": {
  "first": 832.346812,
  "second": 1084.259605,
  "diff": 251.91279299999997
 },
 "multi": {
  "first": 1085.089725,
  "second": 1448.318033,
  "diff": 363.22830799999997
 }
}