{
 "single": {
  "first": 820.323412,
  "second": 1076.755042,
  "diff": 256.43163000000004
 },
 "multi": {
  "first": 1077.613552,
  "second": 1439.366137,
  "diff": 361.75258499999995
 }
}