{
 "single": {
  "first": 834.336113,
  "second": 1087.622976,
  "diff": 253.28686300000015
 },
 "multi": {
  "first": 1088.505832,
  "second": 1449.65581,
  "diff": 361.1499779999999
 }
}