{
 "single": {
  "first": 425.983013,
  "second": 437.730854,
  "diff": 11.747840999999994
 },
 "multi": {
  "first": 438.749417,
  "second": 602.084722,
  "diff": 163.33530500000006
 }
}