{
 "single": {
  "first": 3947.401464,
  "second": 5982.4408650000005,
  "diff": 2035.0394010000005
 },
 "multi": {
  "first": 5983.46997,
  "second": 7540.164836,
  "diff": 1556.6948659999998
 }
}