{
 "single": {
  "first": 5906.676903,
  "second": 9072.176247,
  "diff": 3165.499344
 },
 "multi": {
  "first": 9073.862235,
  "second": 11311.370782,
  "diff": 2237.5085469999995
 }
}