{
 "single": {
  "first": 7275.773494,
  "second": 11131.793295,
  "diff": 3856.0198009999995
 },
 "multi": {
  "first": 11132.70894,
  "second": 13321.028431,
  "diff": 2188.319491
 }
}