{
 "single": {
  "first": 8540.311513,
  "second": 13694.427004,
  "diff": 5154.115490999999
 },
 "multi": {
  "first": 13695.523625,
  "second": 16483.823852,
  "diff": 2788.3002270000015
 }
}