{
 "single": {
  "first": 10717.667862,
  "second": 16844.958062,
  "diff": 6127.290200000001
 },
 "multi": {
  "first": 16845.953703,
  "second": 20400.92899,
  "diff": 3554.975287000001
 }
}