{
 "single": {
  "first": 12971.430958,
  "second": 20381.494915,
  "diff": 7410.0639569999985
 },
 "multi": {
  "first": 20382.381981,
  "second": 24037.891158,
  "diff": 3655.509177
 }
}