{
 "single": {
  "first": 15144.215977,
  "second": 23241.013807,
  "diff": 8096.7978299999995
 },
 "multi": {
  "first": 23242.019613,
  "second": 26585.038653,
  "diff": 3343.019039999999
 }
}