{
 "single": {
  "first": 18768.137293,
  "second": 29306.593721,
  "diff": 10538.456428000001
 },
 "multi": {
  "first": 29307.461166,
  "second": 33182.654918,
  "diff": 3875.193751999999
 }
}