{
 "single": {
  "first": 21027.741873,
  "second": 32240.187648,
  "diff": 11212.445775
 },
 "multi": {
  "first": 32241.086287,
  "second": 36597.524884,
  "diff": 4356.438597
 }
}