{
 "single": {
  "first": 24269.598982,
  "second": 37252.62029,
  "diff": 12983.021308
 },
 "multi": {
  "first": 37253.506464,
  "second": 42560.032202,
  "diff": 5306.525738000004
 }
}