{
 "single": {
  "first": 452.721524,
  "second": 493.655187,
  "diff": 40.933663000000024
 },
 "multi": {
  "first": 494.566649,
  "second": 704.198487,
  "diff": 209.63183800000002
 }
}