{
 "single": {
  "first": 28384.792156,
  "second": 43782.94076,
  "diff": 15398.148603999998
 },
 "multi": {
  "first": 43783.819116,
  "second": 50463.387041,
  "diff": 6679.567925000003
 }
}