{
 "single": {
  "first": 36175.744599,
  "second": 57503.184707,
  "diff": 21327.440108000003
 },
 "multi": {
  "first": 57504.510895,
  "second": 65311.974862,
  "diff": 7807.463967000003
 }
}