{
 "single": {
  "first": 38551.151054,
  "second": 60702.912765,
  "diff": 22151.761711
 },
 "multi": {
  "first": 60703.937051,
  "second": 69020.872718,
  "diff": 8316.935666999998
 }
}