{
 "single": {
  "first": 44270.32183,
  "second": 69872.785324,
  "diff": 25602.463493999996
 },
 "multi": {
  "first": 69873.795675,
  "second": 78622.840523,
  "diff": 8749.044848000005
 }
}