{
 "single": {
  "first": 49615.827041,
  "second": 78668.175711,
  "diff": 29052.348670000007
 },
 "multi": {
  "first": 78669.353229,
  "second": 89314.556534,
  "diff": 10645.203305000003
 }
}