{
 "single": {
  "first": 54244.599039,
  "second": 86866.283933,
  "diff": 32621.684893999998
 },
 "multi": {
  "first": 86867.558457,
  "second": 98459.550056,
  "diff": 11591.991598999986
 }
}