{
 "single": {
  "first": 458.088226,
  "second": 536.904113,
  "diff": 78.81588700000003
 },
 "multi": {
  "first": 537.825061,
  "second": 777.559656,
  "diff": 239.734595
 }
}