{
 "single": {
  "first": 610.461928,
  "second": 757.055865,
  "diff": 146.5939370000001
 },
 "multi": {
  "first": 757.965248,
  "second": 1334.31187,
  "diff": 576.346622
 }
}