{
 "single": {
  "first": 413.294383,
  "second": 418.620001,
  "diff": 5.32561800000002
 },
 "multi": {
  "first": 419.39943,
  "second": 685.515515,
  "diff": 266.11608500000006
 }
}