{
 "single": {
  "first": 864.645601,
  "second": 1139.556944,
  "diff": 274.9113429999999
 },
 "multi": {
  "first": 1140.43264,
  "second": 1461.9676690000001,
  "diff": 321.5350290000001
 }
}