{
 "single": {
  "first": 1182.193878,
  "second": 1625.499651,
  "diff": 443.30577300000004
 },
 "multi": {
  "first": 1626.7884279999998,
  "second": 2113.5973050000002,
  "diff": 486.8088770000004
 }
}