{
 "single": {
  "first": 1672.885891,
  "second": 2359.879454,
  "diff": 686.993563
 },
 "multi": {
  "first": 2360.8156520000002,
  "second": 3272.284329,
  "diff": 911.4686769999998
 }
}