{
 "single": {
  "first": 2333.367492,
  "second": 3333.791126,
  "diff": 1000.4236340000002
 },
 "multi": {
  "first": 3334.679372,
  "second": 4237.566854,
  "diff": 902.8874819999996
 }
}