{
 "single": {
  "first": 3130.672155,
  "second": 4617.697188,
  "diff": 1487.025033
 },
 "multi": {
  "first": 4618.67561,
  "second": 5541.5250049999995,
  "diff": 922.8493949999993
 }
}