{
 "single": {
  "first": 3358.113206,
  "second": 4780.4098539999995,
  "diff": 1422.2966479999995
 },
 "multi": {
  "first": 4781.25805,
  "second": 5645.953762,
  "diff": 864.6957119999997
 }
}