{
 "single": {
  "first": 3153.884947,
  "second": 4680.355972,
  "diff": 1526.4710250000003
 },
 "multi": {
  "first": 4681.310381,
  "second": 5634.453268,
  "diff": 953.142887
 }
}