{
 "single": {
  "first": 3012.346936,
  "second": 4606.262148,
  "diff": 1593.9152119999999
 },
 "multi": {
  "first": 4607.134201,
  "second": 5490.361026,
  "diff": 883.2268249999997
 }
}