{
 "single": {
  "first": 3348.478055,
  "second": 4945.411418,
  "diff": 1596.9333629999996
 },
 "multi": {
  "first": 4946.409468,
  "second": 5993.003806,
  "diff": 1046.5943379999999
 }
}