{
 "single": {
  "first": 2917.425971,
  "second": 4570.381401,
  "diff": 1652.9554299999995
 },
 "multi": {
  "first": 4571.901518,
  "second": 5842.219995,
  "diff": 1270.3184770000007
 }
}