{
 "single": {
  "first": 3269.791842,
  "second": 4741.995457,
  "diff": 1472.203615
 },
 "multi": {
  "first": 4742.854664,
  "second": 5586.380871,
  "diff": 843.5262069999999
 }
}