{
 "single": {
  "first": 3230.545997,
  "second": 4715.35724,
  "diff": 1484.811243
 },
 "multi": {
  "first": 4716.249226,
  "second": 5660.841014,
  "diff": 944.5917879999997
 }
}