{
 "single": {
  "first": 3117.290504,
  "second": 4779.669522,
  "diff": 1662.379018
 },
 "multi": {
  "first": 4780.750804,
  "second": 5787.360088,
  "diff": 1006.6092840000001
 }
}