{
 "single": {
  "first": 3219.008898,
  "second": 4788.719261,
  "diff": 1569.7103630000001
 },
 "multi": {
  "first": 4789.724889,
  "second": 5843.307682,
  "diff": 1053.5827929999996
 }
}