{
 "single": {
  "first": 3198.053907,
  "second": 4772.744979,
  "diff": 1574.691072
 },
 "multi": {
  "first": 4773.673067,
  "second": 5653.865176,
  "diff": 880.1921090000005
 }
}