{
 "single": {
  "first": 375.520181,
  "second": 385.364462,
  "diff": 9.844281000000024
 },
 "multi": {
  "first": 386.140513,
  "second": 629.423914,
  "diff": 243.28340099999997
 }
}