{
 "single": {
  "first": 380.897332,
  "second": 390.593777,
  "diff": 9.696444999999983
 },
 "multi": {
  "first": 391.356184,
  "second": 645.155891,
  "diff": 253.799707
 }
}