{
 "single": {
  "first": 382.190505,
  "second": 392.150134,
  "diff": 9.959629000000007
 },
 "multi": {
  "first": 392.94125,
  "second": 658.359941,
  "diff": 265.418691
 }
}