{
 "single": {
  "first": 382.869648,
  "second": 390.237058,
  "diff": 7.367410000000007
 },
 "multi": {
  "first": 390.9871,
  "second": 638.832716,
  "diff": 247.845616
 }
}