{
 "single": {
  "first": 370.051509,
  "second": 379.71529,
  "diff": 9.663780999999972
 },
 "multi": {
  "first": 380.484923,
  "second": 651.587246,
  "diff": 271.10232300000007
 }
}