{
 "single": {
  "first": 383.099099,
  "second": 390.32984,
  "diff": 7.230740999999966
 },
 "multi": {
  "first": 391.151522,
  "second": 640.616036,
  "diff": 249.464514
 }
}