{
 "single": {
  "first": 371.21846,
  "second": 380.912143,
  "diff": 9.693683000000021
 },
 "multi": {
  "first": 381.670272,
  "second": 624.180963,
  "diff": 242.510691
 }
}