{
 "single": {
  "first": 423.999717,
  "second": 433.451605,
  "diff": 9.451887999999997
 },
 "multi": {
  "first": 434.452366,
  "second": 697.070497,
  "diff": 262.61813100000006
 }
}