{
 "single": {
  "first": 370.733708,
  "second": 380.269725,
  "diff": 9.536017000000015
 },
 "multi": {
  "first": 381.029837,
  "second": 617.871264,
  "diff": 236.841427
 }
}