{
 "single": {
  "first": 383.106222,
  "second": 392.582253,
  "diff": 9.476030999999978
 },
 "multi": {
  "first": 393.427348,
  "second": 643.74744,
  "diff": 250.320092
 }
}