{
 "single": {
  "first": 4240.430422,
  "second": 6520.155902,
  "diff": 2279.72548
 },
 "multi": {
  "first": 6521.060709,
  "second": 8570.819112,
  "diff": 2049.758402999999
 }
}