{
 "single": {
  "first": 3976.42834,
  "second": 6062.03072,
  "diff": 2085.60238
 },
 "multi": {
  "first": 6063.06318,
  "second": 8141.75507,
  "diff": 2078.69189
 }
}