{
 "single": {
  "first": 3957.619158,
  "second": 6108.736461,
  "diff": 2151.1173030000004
 },
 "multi": {
  "first": 6109.684769,
  "second": 8147.231939,
  "diff": 2037.5471699999998
 }
}