{
 "single": {
  "first": 4220.057688,
  "second": 6368.178274,
  "diff": 2148.120586
 },
 "multi": {
  "first": 6369.064384,
  "second": 8543.616285,
  "diff": 2174.551901
 }
}