{
 "single": {
  "first": 4551.838745,
  "second": 7036.463392,
  "diff": 2484.6246469999996
 },
 "multi": {
  "first": 7037.642996,
  "second": 9533.795107,
  "diff": 2496.1521110000003
 }
}