{
 "single": {
  "first": 4534.967537,
  "second": 6973.043719,
  "diff": 2438.076182
 },
 "multi": {
  "first": 6974.004068,
  "second": 9047.034413,
  "diff": 2073.030344999999
 }
}