{
 "single": {
  "first": 3828.100528,
  "second": 5795.7215639999995,
  "diff": 1967.6210359999995
 },
 "multi": {
  "first": 5796.695491,
  "second": 7780.731078,
  "diff": 1984.0355869999994
 }
}