{
 "single": {
  "first": 4178.91549,
  "second": 6209.779299,
  "diff": 2030.8638089999995
 },
 "multi": {
  "first": 6210.676624,
  "second": 8148.837487,
  "diff": 1938.160863
 }
}