{
 "single": {
  "first": 4122.213637,
  "second": 6156.56455,
  "diff": 2034.3509130000002
 },
 "multi": {
  "first": 6157.438087,
  "second": 8159.607641,
  "diff": 2002.1695539999992
 }
}