{
 "single": {
  "first": 4185.629726,
  "second": 6257.957128,
  "diff": 2072.327402
 },
 "multi": {
  "first": 6259.238362,
  "second": 8385.305931,
  "diff": 2126.0675690000007
 }
}