{
 "single": {
  "first": 390.595654,
  "second": 427.286363,
  "diff": 36.69070899999997
 },
 "multi": {
  "first": 428.245098,
  "second": 702.413241,
  "diff": 274.168143
 }
}