{
 "single": {
  "first": 387.463688,
  "second": 426.039818,
  "diff": 38.576130000000035
 },
 "multi": {
  "first": 427.012088,
  "second": 726.680894,
  "diff": 299.66880599999996
 }
}