{
 "single": {
  "first": 390.575318,
  "second": 430.510406,
  "diff": 39.93508800000001
 },
 "multi": {
  "first": 431.39897,
  "second": 714.728942,
  "diff": 283.32997199999994
 }
}