{
 "single": {
  "first": 376.99412,
  "second": 414.228713,
  "diff": 37.23459300000002
 },
 "multi": {
  "first": 415.202689,
  "second": 712.988756,
  "diff": 297.78606699999995
 }
}