{
 "single": {
  "first": 402.143963,
  "second": 437.872768,
  "diff": 35.72880500000002
 },
 "multi": {
  "first": 438.732234,
  "second": 704.873996,
  "diff": 266.141762
 }
}