{
 "single": {
  "first": 411.535345,
  "second": 449.040738,
  "diff": 37.50539299999997
 },
 "multi": {
  "first": 449.935031,
  "second": 825.961599,
  "diff": 376.026568
 }
}