{
 "single": {
  "first": 390.809848,
  "second": 426.261098,
  "diff": 35.451250000000016
 },
 "multi": {
  "first": 427.139977,
  "second": 709.439747,
  "diff": 282.29977
 }
}