{
 "single": {
  "first": 394.494113,
  "second": 430.156864,
  "diff": 35.66275099999996
 },
 "multi": {
  "first": 431.018084,
  "second": 735.232381,
  "diff": 304.21429700000004
 }
}