{
 "single": {
  "first": 400.856973,
  "second": 435.759059,
  "diff": 34.902086
 },
 "multi": {
  "first": 436.622593,
  "second": 753.898403,
  "diff": 317.27581000000004
 }
}