{
 "single": {
  "first": 392.686898,
  "second": 434.918693,
  "diff": 42.231795000000034
 },
 "multi": {
  "first": 435.971128,
  "second": 719.850453,
  "diff": 283.879325
 }
}