{
 "single": {
  "first": 3197.046262,
  "second": 4968.057595,
  "diff": 1771.0113330000004
 },
 "multi": {
  "first": 4969.080501,
  "second": 6304.928688,
  "diff": 1335.8481869999996
 }
}