{
 "single": {
  "first": 2928.003299,
  "second": 4461.95294,
  "diff": 1533.9496410000002
 },
 "multi": {
  "first": 4462.940504,
  "second": 5389.263586,
  "diff": 926.3230819999999
 }
}