{
 "single": {
  "first": 3207.579202,
  "second": 5079.0147,
  "diff": 1871.4354979999998
 },
 "multi": {
  "first": 5080.060917,
  "second": 6487.417057,
  "diff": 1407.3561399999999
 }
}