{
 "single": {
  "first": 3473.669521,
  "second": 5264.554646,
  "diff": 1790.8851249999998
 },
 "multi": {
  "first": 5265.588009,
  "second": 6403.495435,
  "diff": 1137.9074259999998
 }
}