{
 "single": {
  "first": 3437.818967,
  "second": 5201.080632,
  "diff": 1763.261665
 },
 "multi": {
  "first": 5202.116225,
  "second": 6729.26197,
  "diff": 1527.1457449999998
 }
}