{
 "single": {
  "first": 3208.542331,
  "second": 4675.505453,
  "diff": 1466.9631219999997
 },
 "multi": {
  "first": 4676.415342,
  "second": 5772.491993,
  "diff": 1096.0766509999994
 }
}