{
 "single": {
  "first": 3144.400793,
  "second": 4760.782978,
  "diff": 1616.3821850000004
 },
 "multi": {
  "first": 4761.660524,
  "second": 5869.37009,
  "diff": 1107.7095660000005
 }
}