{
 "single": {
  "first": 3233.924588,
  "second": 4762.129546,
  "diff": 1528.2049580000003
 },
 "multi": {
  "first": 4763.018077,
  "second": 6062.816215,
  "diff": 1299.798138
 }
}