{
 "single": {
  "first": 3043.314477,
  "second": 4581.293297,
  "diff": 1537.9788200000003
 },
 "multi": {
  "first": 4582.32577,
  "second": 5592.814393,
  "diff": 1010.4886229999993
 }
}