{
 "single": {
  "first": 3106.548514,
  "second": 4626.371469,
  "diff": 1519.8229549999996
 },
 "multi": {
  "first": 4627.820896,
  "second": 5860.769197,
  "diff": 1232.9483009999994
 }
}