{
 "single": {
  "first": 12838.719762,
  "second": 19889.212332,
  "diff": 7050.4925699999985
 },
 "multi": {
  "first": 19890.24374,
  "second": 23456.108496,
  "diff": 3565.864755999999
 }
}