{
 "single": {
  "first": 12595.523543,
  "second": 19941.024459,
  "diff": 7345.500916000001
 },
 "multi": {
  "first": 19941.898212,
  "second": 23006.640352,
  "diff": 3064.7421399999985
 }
}