{
 "single": {
  "first": 12629.623278,
  "second": 19319.130865,
  "diff": 6689.507587
 },
 "multi": {
  "first": 19320.346534,
  "second": 22388.324292,
  "diff": 3067.977758000001
 }
}