{
 "single": {
  "first": 12700.513315,
  "second": 20198.104537,
  "diff": 7497.591221999999
 },
 "multi": {
  "first": 20199.120042,
  "second": 22870.036778,
  "diff": 2670.916736000003
 }
}