{
 "single": {
  "first": 12537.626693,
  "second": 19310.607388,
  "diff": 6772.980695
 },
 "multi": {
  "first": 19311.449875,
  "second": 22123.458483,
  "diff": 2812.008608
 }
}