{
 "single": {
  "first": 12962.206625,
  "second": 20568.045639,
  "diff": 7605.839013999999
 },
 "multi": {
  "first": 20569.052503,
  "second": 23332.607456,
  "diff": 2763.5549530000026
 }
}