{
 "single": {
  "first": 12901.451178,
  "second": 20193.172147,
  "diff": 7291.720969000002
 },
 "multi": {
  "first": 20194.190694,
  "second": 23098.614253,
  "diff": 2904.423558999999
 }
}