{
 "single": {
  "first": 12714.491593,
  "second": 19720.714655,
  "diff": 7006.223061999999
 },
 "multi": {
  "first": 19721.704013,
  "second": 22231.491171,
  "diff": 2509.787158000003
 }
}