{
 "single": {
  "first": 12857.570632,
  "second": 20038.58688,
  "diff": 7181.016247999998
 },
 "multi": {
  "first": 20039.519538,
  "second": 22602.293916,
  "diff": 2562.7743779999983
 }
}