{
 "single": {
  "first": 12662.153914,
  "second": 19741.512926,
  "diff": 7079.359011999999
 },
 "multi": {
  "first": 19742.456033,
  "second": 22183.312259,
  "diff": 2440.856226
 }
}