{
 "single": {
  "first": 12120.102554,
  "second": 18636.946002,
  "diff": 6516.843448000001
 },
 "multi": {
  "first": 18637.847228,
  "second": 24940.259903,
  "diff": 6302.412675
 }
}