{
 "single": {
  "first": 12457.003185,
  "second": 19082.292813,
  "diff": 6625.289628
 },
 "multi": {
  "first": 19083.154078,
  "second": 25537.054508,
  "diff": 6453.9004300000015
 }
}