{
 "single": {
  "first": 11946.694526,
  "second": 18637.226836,
  "diff": 6690.532310000002
 },
 "multi": {
  "first": 18638.095223,
  "second": 25004.08884,
  "diff": 6365.993617
 }
}