{
 "single": {
  "first": 12331.459744,
  "second": 18946.058199,
  "diff": 6614.598454999999
 },
 "multi": {
  "first": 18946.935576,
  "second": 25302.331489,
  "diff": 6355.395913
 }
}