{
 "single": {
  "first": 12540.486182,
  "second": 19148.482669,
  "diff": 6607.996487
 },
 "multi": {
  "first": 19149.38218,
  "second": 25556.008063,
  "diff": 6406.625883000001
 }
}