{
 "single": {
  "first": 12649.108584,
  "second": 19308.010579,
  "diff": 6658.901995000002
 },
 "multi": {
  "first": 19308.958087,
  "second": 25725.030697,
  "diff": 6416.072609999999
 }
}