{
 "single": {
  "first": 11348.417785,
  "second": 18020.010248,
  "diff": 6671.592462999999
 },
 "multi": {
  "first": 18020.888593,
  "second": 24367.999509,
  "diff": 6347.110916000001
 }
}