{
 "single": {
  "first": 11366.594382,
  "second": 17949.268453,
  "diff": 6582.674071000001
 },
 "multi": {
  "first": 17950.131355,
  "second": 24383.613137,
  "diff": 6433.481781999999
 }
}