{
 "single": {
  "first": 11852.583685,
  "second": 18329.307342,
  "diff": 6476.7236570000005
 },
 "multi": {
  "first": 18330.179878,
  "second": 24696.325707,
  "diff": 6366.145829000001
 }
}