{
 "single": {
  "first": 11819.640935,
  "second": 18342.281606,
  "diff": 6522.640671000001
 },
 "multi": {
  "first": 18343.152447,
  "second": 24646.214660999998,
  "diff": 6303.062213999998
 }
}