{
 "single": {
  "first": 406.718271,
  "second": 411.695913,
  "diff": 4.977642000000003
 },
 "multi": {
  "first": 412.689794,
  "second": 552.491159,
  "diff": 139.80136500000003
 }
}