{
 "single": {
  "first": 474.082268,
  "second": 479.49567,
  "diff": 5.413402000000019
 },
 "multi": {
  "first": 480.277202,
  "second": 613.089715,
  "diff": 132.81251299999997
 }
}