{
 "single": {
  "first": 449.02881,
  "second": 455.112351,
  "diff": 6.083540999999968
 },
 "multi": {
  "first": 456.08931,
  "second": 620.709122,
  "diff": 164.61981199999997
 }
}