{
 "single": {
  "first": 403.943247,
  "second": 409.598345,
  "diff": 5.6550980000000095
 },
 "multi": {
  "first": 410.416359,
  "second": 564.102311,
  "diff": 153.685952
 }
}