{
 "single": {
  "first": 386.885451,
  "second": 391.996619,
  "diff": 5.111168000000021
 },
 "multi": {
  "first": 392.764816,
  "second": 521.68977,
  "diff": 128.92495399999996
 }
}