{
 "single": {
  "first": 423.762259,
  "second": 429.125875,
  "diff": 5.363616000000036
 },
 "multi": {
  "first": 429.912149,
  "second": 570.674239,
  "diff": 140.76208999999994
 }
}