{
 "single": {
  "first": 444.146585,
  "second": 450.171594,
  "diff": 6.025009000000011
 },
 "multi": {
  "first": 451.137944,
  "second": 597.149983,
  "diff": 146.01203900000002
 }
}