{
 "single": {
  "first": 386.144942,
  "second": 392.453699,
  "diff": 6.308756999999957
 },
 "multi": {
  "first": 393.340935,
  "second": 516.683344,
  "diff": 123.34240900000003
 }
}