{
 "single": {
  "first": 449.531381,
  "second": 454.73193,
  "diff": 5.200548999999967
 },
 "multi": {
  "first": 455.531489,
  "second": 703.661514,
  "diff": 248.130025
 }
}