{
 "single": {
  "first": 494.052393,
  "second": 500.655161,
  "diff": 6.602768000000026
 },
 "multi": {
  "first": 501.663689,
  "second": 681.276325,
  "diff": 179.61263600000007
 }
}