{
 "single": {
  "first": 1403.927433,
  "second": 1964.228887,
  "diff": 560.3014539999999
 },
 "multi": {
  "first": 1965.383325,
  "second": 2461.659233,
  "diff": 496.27590799999984
 }
}