{
 "single": {
  "first": 1172.7732839999999,
  "second": 1658.201188,
  "diff": 485.4279040000001
 },
 "multi": {
  "first": 1659.223852,
  "second": 2142.369875,
  "diff": 483.1460229999998
 }
}