{
 "single": {
  "first": 1228.932093,
  "second": 1760.975511,
  "diff": 532.0434180000002
 },
 "multi": {
  "first": 1762.125446,
  "second": 2412.1564200000003,
  "diff": 650.0309740000002
 }
}