{
 "single": {
  "first": 1318.5144169999999,
  "second": 1783.736163,
  "diff": 465.22174600000017
 },
 "multi": {
  "first": 1785.077061,
  "second": 2227.790317,
  "diff": 442.713256
 }
}