{
 "single": {
  "first": 1389.0290850000001,
  "second": 1911.981451,
  "diff": 522.952366
 },
 "multi": {
  "first": 1913.080527,
  "second": 2400.870039,
  "diff": 487.78951199999983
 }
}