{
 "single": {
  "first": 1303.316767,
  "second": 1835.967372,
  "diff": 532.650605
 },
 "multi": {
  "first": 1837.060798,
  "second": 2365.269643,
  "diff": 528.2088450000001
 }
}