{
 "single": {
  "first": 1321.3520800000001,
  "second": 1838.168197,
  "diff": 516.8161169999998
 },
 "multi": {
  "first": 1839.0836180000001,
  "second": 2331.390552,
  "diff": 492.3069339999997
 }
}