{
 "single": {
  "first": 1261.356158,
  "second": 1719.3323129999999,
  "diff": 457.97615499999984
 },
 "multi": {
  "first": 1720.2233489999999,
  "second": 2192.592571,
  "diff": 472.36922200000026
 }
}