{
 "single": {
  "first": 1316.876377,
  "second": 1806.457095,
  "diff": 489.58071799999993
 },
 "multi": {
  "first": 1807.519995,
  "second": 2271.036857,
  "diff": 463.51686199999995
 }
}