{
 "single": {
  "first": 1272.824727,
  "second": 1749.714476,
  "diff": 476.88974900000017
 },
 "multi": {
  "first": 1750.6988609999999,
  "second": 2257.815665,
  "diff": 507.11680400000023
 }
}