{
 "single": {
  "first": 376.00056,
  "second": 381.451327,
  "diff": 5.450766999999985
 },
 "multi": {
  "first": 382.237336,
  "second": 555.856491,
  "diff": 173.61915499999998
 }
}