{
 "single": {
  "first": 377.174047,
  "second": 382.438221,
  "diff": 5.264174000000025
 },
 "multi": {
  "first": 383.187611,
  "second": 647.933485,
  "diff": 264.745874
 }
}