{
 "single": {
  "first": 372.141931,
  "second": 377.522846,
  "diff": 5.380915000000016
 },
 "multi": {
  "first": 378.282736,
  "second": 653.017782,
  "diff": 274.735046
 }
}