{
 "single": {
  "first": 386.513818,
  "second": 391.902417,
  "diff": 5.388598999999999
 },
 "multi": {
  "first": 392.644065,
  "second": 551.870959,
  "diff": 159.22689399999996
 }
}