{
 "single": {
  "first": 384.487861,
  "second": 389.942475,
  "diff": 5.454613999999992
 },
 "multi": {
  "first": 390.793207,
  "second": 566.65927,
  "diff": 175.866063
 }
}