{
 "single": {
  "first": 395.630313,
  "second": 401.065766,
  "diff": 5.435452999999995
 },
 "multi": {
  "first": 401.900305,
  "second": 785.85741,
  "diff": 383.95710499999996
 }
}