{
 "single": {
  "first": 405.407512,
  "second": 411.646164,
  "diff": 6.238652000000002
 },
 "multi": {
  "first": 412.575498,
  "second": 578.023923,
  "diff": 165.448425
 }
}