{
 "single": {
  "first": 395.747852,
  "second": 401.290576,
  "diff": 5.542723999999964
 },
 "multi": {
  "first": 402.091709,
  "second": 575.056426,
  "diff": 172.964717
 }
}