{
 "single": {
  "first": 379.712435,
  "second": 384.718646,
  "diff": 5.006210999999951
 },
 "multi": {
  "first": 385.457558,
  "second": 766.39939,
  "diff": 380.94183200000003
 }
}