{
 "single": {
  "first": 379.999875,
  "second": 385.335739,
  "diff": 5.335864000000015
 },
 "multi": {
  "first": 386.086848,
  "second": 562.500077,
  "diff": 176.41322900000006
 }
}