{
 "single": {
  "first": 594.182733,
  "second": 738.1786,
  "diff": 143.99586699999998
 },
 "multi": {
  "first": 739.0321,
  "second": 1046.60196,
  "diff": 307.56985999999995
 }
}