{
 "single": {
  "first": 574.937061,
  "second": 723.199993,
  "diff": 148.26293199999998
 },
 "multi": {
  "first": 724.093881,
  "second": 1146.722523,
  "diff": 422.6286419999999
 }
}