{
 "single": {
  "first": 596.214348,
  "second": 740.136881,
  "diff": 143.92253300000004
 },
 "multi": {
  "first": 740.998057,
  "second": 1025.691213,
  "diff": 284.69315600000004
 }
}