{
 "single": {
  "first": 602.805702,
  "second": 753.846347,
  "diff": 151.04064500000004
 },
 "multi": {
  "first": 754.72768,
  "second": 1168.588267,
  "diff": 413.8605870000001
 }
}