{
 "single": {
  "first": 593.33855,
  "second": 739.509897,
  "diff": 146.17134699999997
 },
 "multi": {
  "first": 740.361257,
  "second": 1161.854888,
  "diff": 421.49363100000005
 }
}