{
 "single": {
  "first": 617.252069,
  "second": 762.493977,
  "diff": 145.24190799999997
 },
 "multi": {
  "first": 763.361684,
  "second": 1049.813205,
  "diff": 286.45152099999996
 }
}