{
 "single": {
  "first": 596.306072,
  "second": 741.244898,
  "diff": 144.93882600000006
 },
 "multi": {
  "first": 742.112969,
  "second": 1050.416981,
  "diff": 308.30401200000006
 }
}