{
 "single": {
  "first": 606.771213,
  "second": 751.377505,
  "diff": 144.60629200000005
 },
 "multi": {
  "first": 752.260566,
  "second": 1150.5680830000001,
  "diff": 398.3075170000001
 }
}