{
 "single": {
  "first": 586.767033,
  "second": 741.545389,
  "diff": 154.77835600000003
 },
 "multi": {
  "first": 742.453572,
  "second": 1077.618249,
  "diff": 335.1646770000001
 }
}