{
 "single": {
  "first": 570.17808,
  "second": 712.454176,
  "diff": 142.27609599999994
 },
 "multi": {
  "first": 713.314971,
  "second": 1017.063477,
  "diff": 303.748506
 }
}