{
 "single": {
  "first": 6902.739239,
  "second": 10558.049097,
  "diff": 3655.3098579999987
 },
 "multi": {
  "first": 10558.921442,
  "second": 12226.834664,
  "diff": 1667.9132219999992
 }
}