{
 "single": {
  "first": 6710.044594,
  "second": 10173.681448,
  "diff": 3463.6368539999994
 },
 "multi": {
  "first": 10174.545178,
  "second": 11580.027752,
  "diff": 1405.4825739999997
 }
}