{
 "single": {
  "first": 6531.39102,
  "second": 10157.593354,
  "diff": 3626.2023340000005
 },
 "multi": {
  "first": 10158.46167,
  "second": 11689.453385,
  "diff": 1530.991715
 }
}