{
 "single": {
  "first": 6928.165728,
  "second": 10759.273128,
  "diff": 3831.107400000001
 },
 "multi": {
  "first": 10760.288285999999,
  "second": 12402.176857,
  "diff": 1641.8885710000013
 }
}