{
 "single": {
  "first": 6985.541098,
  "second": 10648.259817,
  "diff": 3662.7187190000004
 },
 "multi": {
  "first": 10649.188516,
  "second": 12314.765597,
  "diff": 1665.5770809999995
 }
}