{
 "single": {
  "first": 6942.390133,
  "second": 10558.107958,
  "diff": 3615.7178250000006
 },
 "multi": {
  "first": 10559.01499,
  "second": 12127.709145,
  "diff": 1568.694155000001
 }
}