{
 "single": {
  "first": 6472.52665,
  "second": 10334.519981,
  "diff": 3861.9933309999997
 },
 "multi": {
  "first": 10335.575428,
  "second": 11858.129214,
  "diff": 1522.5537860000004
 }
}