{
 "single": {
  "first": 6978.995865,
  "second": 10744.31112,
  "diff": 3765.3152550000004
 },
 "multi": {
  "first": 10745.270679,
  "second": 12380.266155,
  "diff": 1634.995476
 }
}