{
 "single": {
  "first": 6959.395049,
  "second": 10829.808402999999,
  "diff": 3870.4133539999993
 },
 "multi": {
  "first": 10830.715259,
  "second": 12453.949765,
  "diff": 1623.2345059999989
 }
}