{
 "single": {
  "first": 7020.527052,
  "second": 10814.809892,
  "diff": 3794.282839999999
 },
 "multi": {
  "first": 10815.826041,
  "second": 12462.223068,
  "diff": 1646.397026999999
 }
}