{
 "single": {
  "first": 10513.603488,
  "second": 15959.68131,
  "diff": 5446.077821999999
 },
 "multi": {
  "first": 15960.587264,
  "second": 18273.520352,
  "diff": 2312.9330879999998
 }
}