{
 "single": {
  "first": 10452.653798,
  "second": 15884.550665,
  "diff": 5431.896867000001
 },
 "multi": {
  "first": 15885.467278,
  "second": 18295.796141,
  "diff": 2410.328862999999
 }
}