{
 "single": {
  "first": 10477.957843,
  "second": 15953.042324,
  "diff": 5475.084481
 },
 "multi": {
  "first": 15953.894715,
  "second": 18310.895638,
  "diff": 2357.0009230000014
 }
}