{
 "single": {
  "first": 9615.005772,
  "second": 14985.628473,
  "diff": 5370.622701
 },
 "multi": {
  "first": 14986.542523,
  "second": 17406.107733,
  "diff": 2419.5652100000007
 }
}