{
 "single": {
  "first": 10120.56937,
  "second": 15570.032501,
  "diff": 5449.463131
 },
 "multi": {
  "first": 15570.957061,
  "second": 17878.970291999998,
  "diff": 2308.013230999999
 }
}