{
 "single": {
  "first": 10018.035973,
  "second": 15461.17461,
  "diff": 5443.138637
 },
 "multi": {
  "first": 15462.088555,
  "second": 17751.074693,
  "diff": 2288.9861379999984
 }
}