{
 "single": {
  "first": 10036.143059,
  "second": 15489.084761,
  "diff": 5452.941702
 },
 "multi": {
  "first": 15490.022848,
  "second": 18647.859453,
  "diff": 3157.8366050000004
 }
}