{
 "single": {
  "first": 9592.752475,
  "second": 15013.777479,
  "diff": 5421.025004000001
 },
 "multi": {
  "first": 15014.77815,
  "second": 17246.052068,
  "diff": 2231.273918000001
 }
}