{
 "single": {
  "first": 9567.127047,
  "second": 15069.421673,
  "diff": 5502.294626000001
 },
 "multi": {
  "first": 15070.285531,
  "second": 17254.828793,
  "diff": 2184.543262000001
 }
}