{
 "single": {
  "first": 10319.966702,
  "second": 15782.013507,
  "diff": 5462.046805
 },
 "multi": {
  "first": 15782.8981,
  "second": 18047.070537,
  "diff": 2264.1724369999993
 }
}