{
 "single": {
  "first": 372.741527,
  "second": 379.930155,
  "diff": 7.188627999999994
 },
 "multi": {
  "first": 380.681081,
  "second": 647.970129,
  "diff": 267.28904800000004
 }
}