{
 "single": {
  "first": 381.414832,
  "second": 390.893394,
  "diff": 9.47856200000001
 },
 "multi": {
  "first": 391.635572,
  "second": 534.856802,
  "diff": 143.22123
 }
}