{
 "single": {
  "first": 386.601919,
  "second": 393.665608,
  "diff": 7.063689000000011
 },
 "multi": {
  "first": 394.408184,
  "second": 650.702973,
  "diff": 256.29478900000004
 }
}