{
 "single": {
  "first": 373.046601,
  "second": 382.757062,
  "diff": 9.71046100000001
 },
 "multi": {
  "first": 383.516181,
  "second": 636.559857,
  "diff": 253.04367599999995
 }
}