{
 "single": {
  "first": 366.306418,
  "second": 375.869751,
  "diff": 9.563333
 },
 "multi": {
  "first": 376.721477,
  "second": 524.244733,
  "diff": 147.523256
 }
}