{
 "single": {
  "first": 386.392502,
  "second": 393.988162,
  "diff": 7.595660000000009
 },
 "multi": {
  "first": 394.766807,
  "second": 563.351315,
  "diff": 168.58450800000003
 }
}