{
 "single": {
  "first": 385.573519,
  "second": 395.964968,
  "diff": 10.391449000000023
 },
 "multi": {
  "first": 396.79896,
  "second": 557.600848,
  "diff": 160.80188800000002
 }
}