{
 "single": {
  "first": 380.778041,
  "second": 390.972441,
  "diff": 10.19440000000003
 },
 "multi": {
  "first": 391.867262,
  "second": 541.848696,
  "diff": 149.98143400000004
 }
}