{
 "single": {
  "first": 381.09203,
  "second": 390.761413,
  "diff": 9.669382999999982
 },
 "multi": {
  "first": 391.531975,
  "second": 551.801152,
  "diff": 160.269177
 }
}