{
 "single": {
  "first": 370.311898,
  "second": 380.056404,
  "diff": 9.744506000000001
 },
 "multi": {
  "first": 380.824203,
  "second": 528.7725,
  "diff": 147.94829700000003
 }
}