{
 "single": {
  "first": 1370.088499,
  "second": 1906.7549119999999,
  "diff": 536.6664129999999
 },
 "multi": {
  "first": 1907.690181,
  "second": 2888.980016,
  "diff": 981.289835
 }
}