{
 "single": {
  "first": 1314.908575,
  "second": 1864.719511,
  "diff": 549.8109360000001
 },
 "multi": {
  "first": 1865.760601,
  "second": 2580.244644,
  "diff": 714.4840429999999
 }
}