{
 "single": {
  "first": 1203.268956,
  "second": 1661.834333,
  "diff": 458.5653770000001
 },
 "multi": {
  "first": 1662.724611,
  "second": 2610.929325,
  "diff": 948.204714
 }
}