{
 "single": {
  "first": 1169.484834,
  "second": 1595.20273,
  "diff": 425.7178959999999
 },
 "multi": {
  "first": 1596.100778,
  "second": 2288.347201,
  "diff": 692.246423
 }
}