{
 "single": {
  "first": 1187.935803,
  "second": 1623.626146,
  "diff": 435.690343
 },
 "multi": {
  "first": 1625.1197280000001,
  "second": 2476.950619,
  "diff": 851.8308910000001
 }
}