{
 "single": {
  "first": 1219.367666,
  "second": 1719.814752,
  "diff": 500.4470859999999
 },
 "multi": {
  "first": 1720.7618969999999,
  "second": 2518.4768,
  "diff": 797.714903
 }
}