{
 "single": {
  "first": 1218.04956,
  "second": 1709.2135389999999,
  "diff": 491.1639789999999
 },
 "multi": {
  "first": 1710.2482340000001,
  "second": 2620.985462,
  "diff": 910.737228
 }
}