{
 "single": {
  "first": 1174.389234,
  "second": 1601.736966,
  "diff": 427.34773199999995
 },
 "multi": {
  "first": 1602.644274,
  "second": 2252.467585,
  "diff": 649.8233109999999
 }
}