{
 "single": {
  "first": 1220.371188,
  "second": 1717.91183,
  "diff": 497.54064199999993
 },
 "multi": {
  "first": 1718.945285,
  "second": 2490.410681,
  "diff": 771.4653959999998
 }
}