{
 "single": {
  "first": 1213.653389,
  "second": 1657.031787,
  "diff": 443.37839799999983
 },
 "multi": {
  "first": 1658.300307,
  "second": 2419.774566,
  "diff": 761.4742590000001
 }
}