{
 "single": {
  "first": 1187.071134,
  "second": 1610.402701,
  "diff": 423.33156699999995
 },
 "multi": {
  "first": 1611.2593630000001,
  "second": 2119.746211,
  "diff": 508.486848
 }
}