{
 "single": {
  "first": 1401.4764,
  "second": 1939.93643,
  "diff": 538.46003
 },
 "multi": {
  "first": 1940.972703,
  "second": 2387.783464,
  "diff": 446.8107610000002
 }
}