{
 "single": {
  "first": 1178.715766,
  "second": 1588.251845,
  "diff": 409.536079
 },
 "multi": {
  "first": 1589.143185,
  "second": 2106.364217,
  "diff": 517.2210319999999
 }
}