{
 "single": {
  "first": 1313.312003,
  "second": 1856.039034,
  "diff": 542.7270309999999
 },
 "multi": {
  "first": 1857.1033200000002,
  "second": 2510.591102,
  "diff": 653.4877819999997
 }
}