{
 "single": {
  "first": 1185.068907,
  "second": 1684.859254,
  "diff": 499.7903469999999
 },
 "multi": {
  "first": 1685.998947,
  "second": 2424.690183,
  "diff": 738.6912360000001
 }
}