{
 "single": {
  "first": 1331.920605,
  "second": 1780.491892,
  "diff": 448.571287
 },
 "multi": {
  "first": 1781.484841,
  "second": 2184.750468,
  "diff": 403.2656270000002
 }
}