{
 "single": {
  "first": 1298.37687,
  "second": 1752.3778710000001,
  "diff": 454.0010010000001
 },
 "multi": {
  "first": 1753.325227,
  "second": 2309.097594,
  "diff": 555.7723669999998
 }
}