{
 "single": {
  "first": 1269.270534,
  "second": 1724.075834,
  "diff": 454.8053
 },
 "multi": {
  "first": 1725.0042250000001,
  "second": 2230.260107,
  "diff": 505.25588199999993
 }
}