{
 "single": {
  "first": 1227.742896,
  "second": 1660.121068,
  "diff": 432.37817199999995
 },
 "multi": {
  "first": 1661.0420840000002,
  "second": 2190.726106,
  "diff": 529.6840219999999
 }
}