{
 "single": {
  "first": 1589.81572,
  "second": 2209.821307,
  "diff": 620.0055870000001
 },
 "multi": {
  "first": 2211.284955,
  "second": 3132.297602,
  "diff": 921.012647
 }
}