{
 "single": {
  "first": 386.360515,
  "second": 425.049305,
  "diff": 38.68878999999998
 },
 "multi": {
  "first": 426.256292,
  "second": 676.793677,
  "diff": 250.53738500000003
 }
}