{
 "single": {
  "first": 383.656098,
  "second": 419.788835,
  "diff": 36.13273700000002
 },
 "multi": {
  "first": 420.715928,
  "second": 695.867385,
  "diff": 275.151457
 }
}