{
 "single": {
  "first": 386.306602,
  "second": 421.135613,
  "diff": 34.82901099999998
 },
 "multi": {
  "first": 421.982917,
  "second": 791.448378,
  "diff": 369.46546100000006
 }
}