{
 "single": {
  "first": 379.711594,
  "second": 415.838189,
  "diff": 36.12659500000001
 },
 "multi": {
  "first": 416.78726,
  "second": 722.449101,
  "diff": 305.66184100000004
 }
}