{
 "single": {
  "first": 375.812611,
  "second": 411.303312,
  "diff": 35.490701
 },
 "multi": {
  "first": 412.165761,
  "second": 657.36262,
  "diff": 245.19685900000002
 }
}