{
 "single": {
  "first": 381.988198,
  "second": 417.055247,
  "diff": 35.067049
 },
 "multi": {
  "first": 417.909481,
  "second": 661.453586,
  "diff": 243.54410499999994
 }
}