{
 "single": {
  "first": 389.27509,
  "second": 424.701209,
  "diff": 35.42611900000003
 },
 "multi": {
  "first": 425.552689,
  "second": 705.205494,
  "diff": 279.65280500000006
 }
}