{
 "single": {
  "first": 402.984588,
  "second": 437.565144,
  "diff": 34.580556
 },
 "multi": {
  "first": 438.451265,
  "second": 695.240775,
  "diff": 256.78951
 }
}