{
 "single": {
  "first": 381.129301,
  "second": 415.346355,
  "diff": 34.21705400000002
 },
 "multi": {
  "first": 416.223016,
  "second": 653.250995,
  "diff": 237.02797900000002
 }
}