{
 "single": {
  "first": 397.687367,
  "second": 436.366868,
  "diff": 38.679501000000016
 },
 "multi": {
  "first": 437.344159,
  "second": 897.665468,
  "diff": 460.32130900000004
 }
}