{
 "single": {
  "first": 454.94903,
  "second": 539.027754,
  "diff": 84.07872399999997
 },
 "multi": {
  "first": 539.862114,
  "second": 729.749458,
  "diff": 189.88734399999998
 }
}