{
 "single": {
  "first": 446.493361,
  "second": 526.200668,
  "diff": 79.70730699999996
 },
 "multi": {
  "first": 527.052069,
  "second": 705.657797,
  "diff": 178.605728
 }
}