{
 "single": {
  "first": 442.942854,
  "second": 522.791616,
  "diff": 79.84876199999997
 },
 "multi": {
  "first": 523.636905,
  "second": 701.715962,
  "diff": 178.07905700000003
 }
}