{
 "single": {
  "first": 445.930572,
  "second": 523.153514,
  "diff": 77.22294199999999
 },
 "multi": {
  "first": 524.019321,
  "second": 706.94002,
  "diff": 182.920699
 }
}