{
 "single": {
  "first": 442.208301,
  "second": 519.06534,
  "diff": 76.85703899999999
 },
 "multi": {
  "first": 519.911655,
  "second": 703.431905,
  "diff": 183.52025000000003
 }
}