{
 "single": {
  "first": 437.199182,
  "second": 511.65184,
  "diff": 74.45265799999999
 },
 "multi": {
  "first": 512.55976,
  "second": 688.169148,
  "diff": 175.60938799999997
 }
}