{
 "single": {
  "first": 457.935738,
  "second": 532.774968,
  "diff": 74.83922999999993
 },
 "multi": {
  "first": 533.780677,
  "second": 715.644674,
  "diff": 181.86399700000004
 }
}