{
 "single": {
  "first": 428.142879,
  "second": 503.026377,
  "diff": 74.88349800000003
 },
 "multi": {
  "first": 503.882517,
  "second": 680.017509,
  "diff": 176.134992
 }
}