{
 "single": {
  "first": 446.779547,
  "second": 521.285816,
  "diff": 74.50626899999997
 },
 "multi": {
  "first": 522.199979,
  "second": 700.710085,
  "diff": 178.51010600000006
 }
}