{
 "single": {
  "first": 452.416194,
  "second": 531.351091,
  "diff": 78.93489699999998
 },
 "multi": {
  "first": 532.276744,
  "second": 715.836508,
  "diff": 183.55976399999997
 }
}