{
 "single": {
  "first": 9984.182403,
  "second": 16382.838156,
  "diff": 6398.655752999999
 },
 "multi": {
  "first": 16384.35177,
  "second": 20299.078726,
  "diff": 3914.7269559999986
 }
}