{
 "single": {
  "first": 10287.253825,
  "second": 15771.465862000001,
  "diff": 5484.212037000001
 },
 "multi": {
  "first": 15772.453895,
  "second": 18042.764463,
  "diff": 2270.310567999999
 }
}