{
 "single": {
  "first": 25643.269902,
  "second": 45070.837337,
  "diff": 19427.567434999997
 },
 "multi": {
  "first": 45074.117404,
  "second": 49557.982832,
  "diff": 4483.865428000005
 }
}