{
 "single": {
  "first": 20437.710882,
  "second": 39418.358698,
  "diff": 18980.647815999997
 },
 "multi": {
  "first": 39421.485867,
  "second": 48757.482514,
  "diff": 9335.996647
 }
}