{
 "single": {
  "first": 15231.493936,
  "second": 32101.879489,
  "diff": 16870.385553
 },
 "multi": {
  "first": 32105.03544,
  "second": 40290.87487,
  "diff": 8185.83943
 }
}