{
 "single": {
  "first": 16150.28527,
  "second": 22099.661156,
  "diff": 5949.375885999998
 },
 "multi": {
  "first": 22100.531754,
  "second": 24342.017007,
  "diff": 2241.485252999999
 }
}