{
 "single": {
  "first": 10804.708671,
  "second": 16481.249659,
  "diff": 5676.540988000001
 },
 "multi": {
  "first": 16482.120104,
  "second": 18950.73309,
  "diff": 2468.612986
 }
}