{
 "single": {
  "first": 10314.814765,
  "second": 15729.74435,
  "diff": 5414.929585000002
 },
 "multi": {
  "first": 15730.608695,
  "second": 18023.376078,
  "diff": 2292.7673830000003
 }
}