{
 "single": {
  "first": 9976.226956,
  "second": 15459.803679,
  "diff": 5483.576723
 },
 "multi": {
  "first": 15460.701047,
  "second": 17632.78684,
  "diff": 2172.085793
 }
}