{
 "single": {
  "first": 10199.185415,
  "second": 15629.743234,
  "diff": 5430.557819
 },
 "multi": {
  "first": 15630.629473,
  "second": 17927.254624,
  "diff": 2296.625151
 }
}