{
 "single": {
  "first": 15274.69097,
  "second": 23950.680221,
  "diff": 8675.989250999999
 },
 "multi": {
  "first": 23951.60867,
  "second": 27153.660965,
  "diff": 3202.0522949999977
 }
}