{
 "single": {
  "first": 15144.769189,
  "second": 23468.15916,
  "diff": 8323.389970999999
 },
 "multi": {
  "first": 23469.311342,
  "second": 26608.047657,
  "diff": 3138.7363149999983
 }
}