{
 "single": {
  "first": 14892.592341,
  "second": 23099.203794,
  "diff": 8206.611453000001
 },
 "multi": {
  "first": 23100.100002,
  "second": 26282.875966,
  "diff": 3182.7759640000004
 }
}