{
 "single": {
  "first": 15348.083696,
  "second": 23972.241025,
  "diff": 8624.157329
 },
 "multi": {
  "first": 23973.127598,
  "second": 27473.19023,
  "diff": 3500.062632000001
 }
}