{
 "single": {
  "first": 15562.425172,
  "second": 24089.682081,
  "diff": 8527.256909
 },
 "multi": {
  "first": 24090.614514,
  "second": 26943.003734,
  "diff": 2852.389220000001
 }
}