{
 "single": {
  "first": 14779.722608,
  "second": 23225.334977,
  "diff": 8445.612368999999
 },
 "multi": {
  "first": 23226.21459,
  "second": 26165.705378,
  "diff": 2939.490787999999
 }
}