{
 "single": {
  "first": 15126.342948,
  "second": 23722.536779000002,
  "diff": 8596.193831000002
 },
 "multi": {
  "first": 23723.561468,
  "second": 26986.407289,
  "diff": 3262.845820999999
 }
}