{
 "single": {
  "first": 14533.064501,
  "second": 23289.60087,
  "diff": 8756.536368999998
 },
 "multi": {
  "first": 23290.645855,
  "second": 26452.064209,
  "diff": 3161.4183540000013
 }
}