{
 "single": {
  "first": 15792.486259,
  "second": 23825.02923,
  "diff": 8032.542971000001
 },
 "multi": {
  "first": 23825.91993,
  "second": 26782.90641,
  "diff": 2956.9864799999996
 }
}