{
 "single": {
  "first": 14840.312566,
  "second": 23707.466307,
  "diff": 8867.153740999998
 },
 "multi": {
  "first": 23708.603638,
  "second": 26843.186204999998,
  "diff": 3134.5825669999977
 }
}