{
 "single": {
  "first": 18400.786132,
  "second": 28813.747999,
  "diff": 10412.961866999998
 },
 "multi": {
  "first": 28814.713072,
  "second": 35082.413949,
  "diff": 6267.700877000003
 }
}