{
 "single": {
  "first": 17569.659515,
  "second": 28226.31884,
  "diff": 10656.659325
 },
 "multi": {
  "first": 28227.416054,
  "second": 34229.97252,
  "diff": 6002.556466000002
 }
}