{
 "single": {
  "first": 17674.269234,
  "second": 28116.112557,
  "diff": 10441.843323000001
 },
 "multi": {
  "first": 28117.051299,
  "second": 34105.598144,
  "diff": 5988.546845000004
 }
}