{
 "single": {
  "first": 18028.416154,
  "second": 28244.457395,
  "diff": 10216.041241000003
 },
 "multi": {
  "first": 28245.327974,
  "second": 34314.494458,
  "diff": 6069.166484000001
 }
}