{
 "single": {
  "first": 17262.697485,
  "second": 27459.471183,
  "diff": 10196.773698
 },
 "multi": {
  "first": 27460.356938,
  "second": 32912.458976,
  "diff": 5452.102038000001
 }
}