{
 "single": {
  "first": 18955.713711,
  "second": 29952.933094,
  "diff": 10997.219383
 },
 "multi": {
  "first": 29953.854746,
  "second": 35994.273266,
  "diff": 6040.418519999996
 }
}