{
 "single": {
  "first": 17761.575695,
  "second": 28711.278245,
  "diff": 10949.702550000002
 },
 "multi": {
  "first": 28712.253156,
  "second": 34928.045761,
  "diff": 6215.792605000002
 }
}