{
 "single": {
  "first": 18460.473253,
  "second": 29259.231983,
  "diff": 10798.758730000001
 },
 "multi": {
  "first": 29260.129286,
  "second": 35326.290454,
  "diff": 6066.161168000002
 }
}