{
 "single": {
  "first": 18674.26765,
  "second": 29478.059347,
  "diff": 10803.791696999997
 },
 "multi": {
  "first": 29479.076912,
  "second": 35887.020767,
  "diff": 6407.943855000001
 }
}