{
 "single": {
  "first": 18404.274726,
  "second": 28261.113245,
  "diff": 9856.838519
 },
 "multi": {
  "first": 28262.060999,
  "second": 34161.689789,
  "diff": 5899.628789999995
 }
}