{
 "single": {
  "first": 25791.926749,
  "second": 40322.539329,
  "diff": 14530.61258
 },
 "multi": {
  "first": 40323.566356,
  "second": 46517.681889,
  "diff": 6194.1155329999965
 }
}