{
 "single": {
  "first": 25635.358919,
  "second": 39878.906124,
  "diff": 14243.547205000003
 },
 "multi": {
  "first": 39879.794855,
  "second": 46824.705278,
  "diff": 6944.910423000001
 }
}