{
 "single": {
  "first": 24959.070334,
  "second": 39971.684105,
  "diff": 15012.613771
 },
 "multi": {
  "first": 39972.719874,
  "second": 46558.296348,
  "diff": 6585.576474000001
 }
}