{
 "single": {
  "first": 25464.570407,
  "second": 40581.611919,
  "diff": 15117.041512000003
 },
 "multi": {
  "first": 40582.628523,
  "second": 47966.358856,
  "diff": 7383.7303329999995
 }
}