{
 "single": {
  "first": 25720.978379,
  "second": 40840.904085,
  "diff": 15119.925706000002
 },
 "multi": {
  "first": 40841.989689,
  "second": 47354.428759,
  "diff": 6512.43907
 }
}