{
 "single": {
  "first": 25673.395132999998,
  "second": 41353.543788,
  "diff": 15680.148655000005
 },
 "multi": {
  "first": 41355.02147,
  "second": 48998.549894,
  "diff": 7643.528424000004
 }
}