{
 "single": {
  "first": 25020.613415,
  "second": 38595.24973,
  "diff": 13574.636315000003
 },
 "multi": {
  "first": 38596.113333,
  "second": 45398.232421,
  "diff": 6802.1190879999995
 }
}