{
 "single": {
  "first": 26626.691251,
  "second": 41333.232333,
  "diff": 14706.541082
 },
 "multi": {
  "first": 41334.256846,
  "second": 47601.310013,
  "diff": 6267.0531670000055
 }
}