{
 "single": {
  "first": 27902.898976,
  "second": 42220.320674,
  "diff": 14317.421698000002
 },
 "multi": {
  "first": 42221.25609,
  "second": 48100.228705,
  "diff": 5878.972614999999
 }
}