{
 "single": {
  "first": 25546.402306,
  "second": 39385.101312,
  "diff": 13838.699005999999
 },
 "multi": {
  "first": 39386.107355,
  "second": 45801.02548,
  "diff": 6414.9181249999965
 }
}