{
 "single": {
  "first": 608.568225,
  "second": 754.106911,
  "diff": 145.53868599999998
 },
 "multi": {
  "first": 754.957219,
  "second": 982.785388,
  "diff": 227.828169
 }
}