{
 "single": {
  "first": 607.063026,
  "second": 750.46339,
  "diff": 143.40036399999997
 },
 "multi": {
  "first": 751.34102,
  "second": 978.595163,
  "diff": 227.254143
 }
}