{
 "single": {
  "first": 600.869186,
  "second": 751.177438,
  "diff": 150.30825200000004
 },
 "multi": {
  "first": 752.292301,
  "second": 961.003486,
  "diff": 208.711185
 }
}