{
 "single": {
  "first": 572.523755,
  "second": 713.951984,
  "diff": 141.428229
 },
 "multi": {
  "first": 714.777997,
  "second": 1052.535183,
  "diff": 337.75718599999993
 }
}