{
 "single": {
  "first": 571.542453,
  "second": 713.408517,
  "diff": 141.86606399999994
 },
 "multi": {
  "first": 714.251751,
  "second": 922.96927,
  "diff": 208.71751900000004
 }
}