{
 "single": {
  "first": 597.066024,
  "second": 746.190755,
  "diff": 149.124731
 },
 "multi": {
  "first": 747.118775,
  "second": 979.103937,
  "diff": 231.98516199999995
 }
}