{
 "single": {
  "first": 623.612928,
  "second": 774.410518,
  "diff": 150.79759
 },
 "multi": {
  "first": 775.332662,
  "second": 1013.63094,
  "diff": 238.29827799999998
 }
}