{
 "single": {
  "first": 600.802598,
  "second": 746.664092,
  "diff": 145.861494
 },
 "multi": {
  "first": 747.537234,
  "second": 961.52084,
  "diff": 213.983606
 }
}