{
 "single": {
  "first": 607.804465,
  "second": 751.478107,
  "diff": 143.67364199999997
 },
 "multi": {
  "first": 752.396256,
  "second": 963.23699,
  "diff": 210.840734
 }
}