{
 "single": {
  "first": 586.869571,
  "second": 733.737081,
  "diff": 146.86751000000004
 },
 "multi": {
  "first": 734.622728,
  "second": 942.175024,
  "diff": 207.55229599999996
 }
}