{
 "single": {
  "first": 6716.701247,
  "second": 10554.576726,
  "diff": 3837.8754789999994
 },
 "multi": {
  "first": 10555.624217,
  "second": 12196.160776,
  "diff": 1640.5365590000001
 }
}