{
 "single": {
  "first": 6325.885465,
  "second": 10084.109483,
  "diff": 3758.224018
 },
 "multi": {
  "first": 10084.96771,
  "second": 12074.069472,
  "diff": 1989.1017619999984
 }
}