{
 "single": {
  "first": 7105.083464,
  "second": 10934.558884,
  "diff": 3829.4754199999998
 },
 "multi": {
  "first": 10935.641984,
  "second": 12745.575085,
  "diff": 1809.9331010000005
 }
}