{
 "single": {
  "first": 6964.862396,
  "second": 10370.182866,
  "diff": 3405.3204699999987
 },
 "multi": {
  "first": 10371.060492,
  "second": 12501.256131,
  "diff": 2130.1956389999996
 }
}