{
 "single": {
  "first": 6746.905537,
  "second": 10305.705219,
  "diff": 3558.799682
 },
 "multi": {
  "first": 10306.735953,
  "second": 12105.517561,
  "diff": 1798.7816080000011
 }
}