{
 "single": {
  "first": 6890.593403,
  "second": 10496.999194,
  "diff": 3606.405791
 },
 "multi": {
  "first": 10498.031207,
  "second": 12525.181342,
  "diff": 2027.1501349999999
 }
}