{
 "single": {
  "first": 6900.788377,
  "second": 10537.198638,
  "diff": 3636.410261
 },
 "multi": {
  "first": 10538.391627,
  "second": 12751.373777,
  "diff": 2212.98215
 }
}