{
 "single": {
  "first": 6879.006595,
  "second": 10629.406153,
  "diff": 3750.399558
 },
 "multi": {
  "first": 10630.29275,
  "second": 12383.248767,
  "diff": 1752.9560169999986
 }
}