{
 "single": {
  "first": 6361.691198,
  "second": 9985.307493,
  "diff": 3623.616295
 },
 "multi": {
  "first": 9986.266254,
  "second": 11619.538648,
  "diff": 1633.2723939999996
 }
}