{
 "single": {
  "first": 6805.158306,
  "second": 10619.340117,
  "diff": 3814.1818109999995
 },
 "multi": {
  "first": 10620.780199,
  "second": 12556.720572,
  "diff": 1935.9403729999995
 }
}