{
 "single": {
  "first": 437.947643,
  "second": 513.39235,
  "diff": 75.44470699999994
 },
 "multi": {
  "first": 514.252874,
  "second": 880.73938,
  "diff": 366.48650599999996
 }
}