{
 "single": {
  "first": 430.528879,
  "second": 502.893857,
  "diff": 72.36497800000001
 },
 "multi": {
  "first": 503.80402,
  "second": 860.679606,
  "diff": 356.87558600000006
 }
}