{
 "single": {
  "first": 446.741699,
  "second": 521.732932,
  "diff": 74.99123300000002
 },
 "multi": {
  "first": 522.598865,
  "second": 912.151286,
  "diff": 389.552421
 }
}