{
 "single": {
  "first": 442.477859,
  "second": 518.253011,
  "diff": 75.77515199999999
 },
 "multi": {
  "first": 519.100249,
  "second": 1009.840526,
  "diff": 490.740277
 }
}