{
 "single": {
  "first": 455.321445,
  "second": 530.321018,
  "diff": 74.999573
 },
 "multi": {
  "first": 531.241411,
  "second": 887.57782,
  "diff": 356.336409
 }
}