{
 "single": {
  "first": 434.454363,
  "second": 509.964995,
  "diff": 75.51063199999999
 },
 "multi": {
  "first": 510.822501,
  "second": 859.213368,
  "diff": 348.39086699999996
 }
}