{
 "single": {
  "first": 461.380768,
  "second": 535.175841,
  "diff": 73.795073
 },
 "multi": {
  "first": 536.029755,
  "second": 903.669187,
  "diff": 367.63943199999994
 }
}