{
 "single": {
  "first": 454.775554,
  "second": 534.613715,
  "diff": 79.83816099999996
 },
 "multi": {
  "first": 535.476329,
  "second": 910.680985,
  "diff": 375.204656
 }
}