{
 "single": {
  "first": 461.414883,
  "second": 540.514449,
  "diff": 79.09956600000004
 },
 "multi": {
  "first": 541.380823,
  "second": 928.067456,
  "diff": 386.68663300000003
 }
}