{
 "single": {
  "first": 452.631408,
  "second": 530.993411,
  "diff": 78.36200300000002
 },
 "multi": {
  "first": 531.852436,
  "second": 905.493623,
  "diff": 373.64118699999995
 }
}