{
 "single": {
  "first": 1304.030957,
  "second": 1795.0154189999998,
  "diff": 490.9844619999999
 },
 "multi": {
  "first": 1796.071035,
  "second": 2423.098275,
  "diff": 627.0272399999999
 }
}