{
 "single": {
  "first": 1396.468343,
  "second": 1958.6199550000001,
  "diff": 562.1516120000001
 },
 "multi": {
  "first": 1959.638248,
  "second": 2655.442404,
  "diff": 695.8041559999999
 }
}