{
 "single": {
  "first": 1238.337025,
  "second": 1693.205999,
  "diff": 454.868974
 },
 "multi": {
  "first": 1694.236588,
  "second": 2324.8153,
  "diff": 630.5787120000002
 }
}