{
 "single": {
  "first": 1292.774046,
  "second": 1796.888583,
  "diff": 504.1145369999999
 },
 "multi": {
  "first": 1797.777243,
  "second": 2557.661266,
  "diff": 759.8840230000001
 }
}