{
 "single": {
  "first": 1309.208318,
  "second": 1814.838811,
  "diff": 505.6304930000001
 },
 "multi": {
  "first": 1815.896436,
  "second": 2328.177613,
  "diff": 512.2811769999998
 }
}