{
 "single": {
  "first": 1315.8086819999999,
  "second": 1818.921752,
  "diff": 503.1130700000001
 },
 "multi": {
  "first": 1819.914499,
  "second": 2477.786278,
  "diff": 657.8717790000001
 }
}