{
 "single": {
  "first": 1231.95263,
  "second": 1688.969034,
  "diff": 457.01640399999997
 },
 "multi": {
  "first": 1689.881306,
  "second": 2290.875617,
  "diff": 600.9943110000002
 }
}