{
 "single": {
  "first": 1149.400428,
  "second": 1612.3264709999999,
  "diff": 462.92604299999994
 },
 "multi": {
  "first": 1613.2673049999999,
  "second": 2205.99373,
  "diff": 592.7264250000003
 }
}