{
 "single": {
  "first": 1259.665084,
  "second": 1767.659412,
  "diff": 507.994328
 },
 "multi": {
  "first": 1768.6855329999999,
  "second": 2253.326232,
  "diff": 484.64069900000004
 }
}