{
 "single": {
  "first": 1337.78483,
  "second": 1921.520128,
  "diff": 583.7352980000001
 },
 "multi": {
  "first": 1922.534631,
  "second": 2573.91144,
  "diff": 651.3768089999999
 }
}