{
 "single": {
  "first": 25680.072213,
  "second": 39496.248794,
  "diff": 13816.176581
 },
 "multi": {
  "first": 39497.106309,
  "second": 52498.763633,
  "diff": 13001.657324
 }
}