{
 "single": {
  "first": 24195.049772,
  "second": 38374.943472,
  "diff": 14179.8937
 },
 "multi": {
  "first": 38375.79674,
  "second": 51680.54736,
  "diff": 13304.750619999999
 }
}