{
 "single": {
  "first": 25894.411056,
  "second": 40843.30017,
  "diff": 14948.889114000001
 },
 "multi": {
  "first": 40844.24225,
  "second": 54874.266587,
  "diff": 14030.024336999995
 }
}