{
 "single": {
  "first": 25434.805684,
  "second": 40340.666631,
  "diff": 14905.860947000001
 },
 "multi": {
  "first": 40341.578082,
  "second": 54292.175765,
  "diff": 13950.597683
 }
}