{
 "single": {
  "first": 24285.737284,
  "second": 38457.365871,
  "diff": 14171.628587000003
 },
 "multi": {
  "first": 38458.245709,
  "second": 52778.916893,
  "diff": 14320.671183999999
 }
}