{
 "single": {
  "first": 24839.872878,
  "second": 40123.900775,
  "diff": 15284.027897000004
 },
 "multi": {
  "first": 40124.914844,
  "second": 54515.08049,
  "diff": 14390.165646000001
 }
}