{
 "single": {
  "first": 26551.4078,
  "second": 42936.944234,
  "diff": 16385.536434
 },
 "multi": {
  "first": 42938.011392,
  "second": 57498.289009,
  "diff": 14560.277617
 }
}