{
 "single": {
  "first": 25298.793706,
  "second": 39692.071656,
  "diff": 14393.27795
 },
 "multi": {
  "first": 39693.142243,
  "second": 53791.297748,
  "diff": 14098.155504999995
 }
}