{
 "single": {
  "first": 25199.473334,
  "second": 39842.173668,
  "diff": 14642.700334000005
 },
 "multi": {
  "first": 39843.136007,
  "second": 54249.051361,
  "diff": 14405.915353999997
 }
}