{
 "single": {
  "first": 24876.127522,
  "second": 38717.830291,
  "diff": 13841.702769
 },
 "multi": {
  "first": 38718.74028,
  "second": 51781.005507,
  "diff": 13062.265227000004
 }
}