{
 "single": {
  "first": 14726.223115,
  "second": 23895.190784,
  "diff": 9168.967668999998
 },
 "multi": {
  "first": 23896.611768,
  "second": 28671.868135,
  "diff": 4775.256367000002
 }
}