{
 "single": {
  "first": 15706.488918,
  "second": 24882.274792,
  "diff": 9175.785874000001
 },
 "multi": {
  "first": 24883.325837,
  "second": 28891.24251,
  "diff": 4007.9166729999997
 }
}