{
 "single": {
  "first": 16223.860103,
  "second": 25738.801331,
  "diff": 9514.941227999998
 },
 "multi": {
  "first": 25739.845339,
  "second": 29169.559263,
  "diff": 3429.7139239999997
 }
}