{
 "single": {
  "first": 15216.900859,
  "second": 24223.263919,
  "diff": 9006.363060000001
 },
 "multi": {
  "first": 24224.288813,
  "second": 27805.909,
  "diff": 3581.6201870000004
 }
}