{
 "single": {
  "first": 15780.460912,
  "second": 24300.800207,
  "diff": 8520.339295
 },
 "multi": {
  "first": 24301.74084,
  "second": 28780.679998,
  "diff": 4478.939158000001
 }
}