{
 "single": {
  "first": 15861.953881,
  "second": 24636.251525,
  "diff": 8774.297644
 },
 "multi": {
  "first": 24637.261979,
  "second": 28115.53165,
  "diff": 3478.269671000002
 }
}