{
 "single": {
  "first": 16320.107574,
  "second": 24885.21775,
  "diff": 8565.110176
 },
 "multi": {
  "first": 24886.259536,
  "second": 29113.893126,
  "diff": 4227.633589999998
 }
}