{
 "single": {
  "first": 15766.444394,
  "second": 24172.882476,
  "diff": 8406.438081999999
 },
 "multi": {
  "first": 24173.743864,
  "second": 27831.823986,
  "diff": 3658.0801219999994
 }
}