{
 "single": {
  "first": 15902.569121,
  "second": 24525.893978,
  "diff": 8623.324857
 },
 "multi": {
  "first": 24526.858331,
  "second": 27750.064468,
  "diff": 3223.206137000001
 }
}