{
 "single": {
  "first": 15133.270783,
  "second": 23930.964501,
  "diff": 8797.693717999999
 },
 "multi": {
  "first": 23932.129592,
  "second": 28113.119338,
  "diff": 4180.989745999999
 }
}