{
 "single": {
  "first": 448.478698,
  "second": 460.232913,
  "diff": 11.754214999999988
 },
 "multi": {
  "first": 461.19971,
  "second": 692.750955,
  "diff": 231.551245
 }
}