{
 "single": {
  "first": 4208.535963,
  "second": 6532.124648,
  "diff": 2323.5886849999997
 },
 "multi": {
  "first": 6533.415553,
  "second": 7838.672872,
  "diff": 1305.2573190000003
 }
}