{
 "single": {
  "first": 5681.596182,
  "second": 8732.283092,
  "diff": 3050.6869099999994
 },
 "multi": {
  "first": 8733.174216,
  "second": 9984.306593,
  "diff": 1251.132377
 }
}