{
 "single": {
  "first": 6897.676999,
  "second": 10839.211695,
  "diff": 3941.5346959999997
 },
 "multi": {
  "first": 10840.583955,
  "second": 12657.521936,
  "diff": 1816.9379809999991
 }
}