{
 "single": {
  "first": 8313.00743,
  "second": 13195.122071,
  "diff": 4882.114641
 },
 "multi": {
  "first": 13196.162978,
  "second": 15093.413147,
  "diff": 1897.250168999999
 }
}