{
 "single": {
  "first": 11355.33396,
  "second": 17447.914594,
  "diff": 6092.580634000002
 },
 "multi": {
  "first": 17448.96705,
  "second": 20171.497162,
  "diff": 2722.5301120000004
 }
}