{
 "single": {
  "first": 12647.499207,
  "second": 19764.83319,
  "diff": 7117.333983
 },
 "multi": {
  "first": 19765.875549,
  "second": 22770.967152,
  "diff": 3005.0916030000008
 }
}