{
 "single": {
  "first": 16722.816227,
  "second": 25868.519381,
  "diff": 9145.703153999999
 },
 "multi": {
  "first": 25869.637964,
  "second": 29599.317247,
  "diff": 3729.6792829999977
 }
}