{
 "single": {
  "first": 17906.280155,
  "second": 27910.291034,
  "diff": 10004.010879000001
 },
 "multi": {
  "first": 27911.193938,
  "second": 31694.824677,
  "diff": 3783.630739
 }
}