{
 "single": {
  "first": 20905.132196,
  "second": 32373.968858,
  "diff": 11468.836662000002
 },
 "multi": {
  "first": 32374.955475,
  "second": 36544.090762,
  "diff": 4169.135287000001
 }
}