{
 "single": {
  "first": 24664.676399,
  "second": 37682.628604,
  "diff": 13017.952204999998
 },
 "multi": {
  "first": 37683.47675,
  "second": 42310.165506,
  "diff": 4626.688755999996
 }
}