{
 "single": {
  "first": 446.543301,
  "second": 485.43175,
  "diff": 38.88844900000004
 },
 "multi": {
  "first": 486.383201,
  "second": 1006.514068,
  "diff": 520.130867
 }
}