{
 "single": {
  "first": 28246.705861,
  "second": 43254.172456,
  "diff": 15007.466595000002
 },
 "multi": {
  "first": 43255.047313,
  "second": 48768.991444,
  "diff": 5513.944130999997
 }
}