{
 "single": {
  "first": 35212.904512,
  "second": 56005.564661,
  "diff": 20792.660148999996
 },
 "multi": {
  "first": 56006.60892,
  "second": 64441.453771,
  "diff": 8434.844851000002
 }
}