{
 "single": {
  "first": 39386.09833,
  "second": 62413.773213,
  "diff": 23027.674883
 },
 "multi": {
  "first": 62414.707605,
  "second": 69903.187075,
  "diff": 7488.479469999991
 }
}