{
 "single": {
  "first": 44856.502805,
  "second": 70218.399369,
  "diff": 25361.89656400001
 },
 "multi": {
  "first": 70219.842525,
  "second": 78751.531074,
  "diff": 8531.688548999999
 }
}