{
 "single": {
  "first": 49381.93717,
  "second": 78097.886829,
  "diff": 28715.949658999998
 },
 "multi": {
  "first": 78098.956024,
  "second": 87470.648718,
  "diff": 9371.692693999998
 }
}