{
 "single": {
  "first": 56092.754656,
  "second": 89620.558874,
  "diff": 33527.804218
 },
 "multi": {
  "first": 89621.58575,
  "second": 100568.563611,
  "diff": 10946.977861000007
 }
}