{
 "single": {
  "first": 447.052307,
  "second": 521.045742,
  "diff": 73.99343500000003
 },
 "multi": {
  "first": 521.977218,
  "second": 977.661507,
  "diff": 455.68428900000004
 }
}