{
 "single": {
  "first": 613.214459,
  "second": 760.483322,
  "diff": 147.268863
 },
 "multi": {
  "first": 761.361428,
  "second": 1293.013424,
  "diff": 531.6519959999999
 }
}