{
 "single": {
  "first": 416.671881,
  "second": 422.118942,
  "diff": 5.447061000000019
 },
 "multi": {
  "first": 423.080521,
  "second": 715.056568,
  "diff": 291.976047
 }
}