{
 "single": {
  "first": 821.358815,
  "second": 1081.626146,
  "diff": 260.267331
 },
 "multi": {
  "first": 1082.944286,
  "second": 1553.281452,
  "diff": 470.337166
 }
}