{
 "single": {
  "first": 1168.536448,
  "second": 1588.75218,
  "diff": 420.2157319999999
 },
 "multi": {
  "first": 1589.639136,
  "second": 2035.17578,
  "diff": 445.536644
 }
}