{
 "single": {
  "first": 1681.775213,
  "second": 2349.584046,
  "diff": 667.808833
 },
 "multi": {
  "first": 2350.474961,
  "second": 2896.707614,
  "diff": 546.232653
 }
}