{
 "single": {
  "first": 2298.112765,
  "second": 3329.057667,
  "diff": 1030.9449020000002
 },
 "multi": {
  "first": 3330.080526,
  "second": 4000.827091,
  "diff": 670.7465649999999
 }
}