{
 "single": {
  "first": 3098.474054,
  "second": 4541.479815,
  "diff": 1443.005761
 },
 "multi": {
  "first": 4542.395038,
  "second": 5358.215538,
  "diff": 815.8205000000007
 }
}