{
 "single": {
  "first": 2334.704425,
  "second": 3410.082656,
  "diff": 1075.3782310000001
 },
 "multi": {
  "first": 3411.750706,
  "second": 4294.616843,
  "diff": 882.866137
 }
}