{
 "single": {
  "first": 2397.293953,
  "second": 3427.165694,
  "diff": 1029.871741
 },
 "multi": {
  "first": 3428.082661,
  "second": 4385.927474,
  "diff": 957.8448130000002
 }
}