{
 "single": {
  "first": 2328.820997,
  "second": 3344.144537,
  "diff": 1015.3235400000003
 },
 "multi": {
  "first": 3345.019471,
  "second": 4514.610255,
  "diff": 1169.5907839999995
 }
}