{
 "single": {
  "first": 2533.414242,
  "second": 3928.9082049999997,
  "diff": 1395.493963
 },
 "multi": {
  "first": 3929.917233,
  "second": 4999.277793,
  "diff": 1069.36056
 }
}