{
 "single": {
  "first": 3052.620363,
  "second": 4164.056768,
  "diff": 1111.4364050000004
 },
 "multi": {
  "first": 4165.076125,
  "second": 4910.673673,
  "diff": 745.5975480000006
 }
}