{
 "single": {
  "first": 2375.500927,
  "second": 3382.963476,
  "diff": 1007.4625489999999
 },
 "multi": {
  "first": 3383.811175,
  "second": 4680.708355,
  "diff": 1296.89718
 }
}