{
 "single": {
  "first": 2277.070251,
  "second": 3387.640288,
  "diff": 1110.570037
 },
 "multi": {
  "first": 3388.547657,
  "second": 4229.787653,
  "diff": 841.2399960000002
 }
}