{
 "single": {
  "first": 2389.013053,
  "second": 3461.215899,
  "diff": 1072.2028459999997
 },
 "multi": {
  "first": 3462.157504,
  "second": 4409.423016,
  "diff": 947.265512
 }
}