{
 "single": {
  "first": 2280.838141,
  "second": 3304.744521,
  "diff": 1023.9063799999999
 },
 "multi": {
  "first": 3305.789099,
  "second": 4458.941039,
  "diff": 1153.1519400000002
 }
}