{
 "single": {
  "first": 2365.6712079999998,
  "second": 3427.182925,
  "diff": 1061.5117170000003
 },
 "multi": {
  "first": 3428.028028,
  "second": 4039.271534,
  "diff": 611.2435059999998
 }
}