{
 "single": {
  "first": 27109.969968,
  "second": 41524.253185,
  "diff": 14414.283217
 },
 "multi": {
  "first": 41525.164084000004,
  "second": 47623.668726,
  "diff": 6098.504642
 }
}