{
 "single": {
  "first": 25092.796283,
  "second": 39472.08038,
  "diff": 14379.284097
 },
 "multi": {
  "first": 39472.942264,
  "second": 45606.707705,
  "diff": 6133.765441000003
 }
}