{
 "single": {
  "first": 26430.065357,
  "second": 41097.277692999996,
  "diff": 14667.212335999997
 },
 "multi": {
  "first": 41098.30647,
  "second": 49129.269388,
  "diff": 8030.962917999997
 }
}