{
 "single": {
  "first": 25319.196845,
  "second": 39438.952737,
  "diff": 14119.755892000001
 },
 "multi": {
  "first": 39440.015223,
  "second": 47387.190381,
  "diff": 7947.175157999998
 }
}