{
 "single": {
  "first": 25841.012743,
  "second": 41233.243017,
  "diff": 15392.230274000001
 },
 "multi": {
  "first": 41234.236856,
  "second": 46992.883036,
  "diff": 5758.646179999996
 }
}