{
 "single": {
  "first": 25183.962077,
  "second": 38717.563257,
  "diff": 13533.601180000001
 },
 "multi": {
  "first": 38718.499231,
  "second": 44242.580319,
  "diff": 5524.081087999999
 }
}