{
 "single": {
  "first": 24301.072404,
  "second": 38670.148493,
  "diff": 14369.076089000002
 },
 "multi": {
  "first": 38671.140197,
  "second": 44286.201496,
  "diff": 5615.061299000001
 }
}