{
 "single": {
  "first": 25474.06652,
  "second": 39838.412074,
  "diff": 14364.345554
 },
 "multi": {
  "first": 39839.408971,
  "second": 46144.564761,
  "diff": 6305.155790000004
 }
}