{
 "single": {
  "first": 24081.206547,
  "second": 37796.648298,
  "diff": 13715.441750999998
 },
 "multi": {
  "first": 37797.70712,
  "second": 42922.913944,
  "diff": 5125.206824000001
 }
}