{
 "single": {
  "first": 25029.325731,
  "second": 39181.38547,
  "diff": 14152.059739
 },
 "multi": {
  "first": 39182.484438,
  "second": 44787.579955,
  "diff": 5605.095517000002
 }
}