{
 "single": {
  "first": 1575.478621,
  "second": 2236.94724,
  "diff": 661.468619
 },
 "multi": {
  "first": 2237.815862,
  "second": 2863.958246,
  "diff": 626.1423840000002
 }
}