{
 "single": {
  "first": 1732.935258,
  "second": 2445.133667,
  "diff": 712.1984090000001
 },
 "multi": {
  "first": 2446.033205,
  "second": 2943.047804,
  "diff": 497.01459899999963
 }
}