{
 "single": {
  "first": 1794.731689,
  "second": 2501.777411,
  "diff": 707.0457220000001
 },
 "multi": {
  "first": 2502.840107,
  "second": 3056.157125,
  "diff": 553.3170180000002
 }
}