{
 "single": {
  "first": 1664.766376,
  "second": 2319.558665,
  "diff": 654.792289
 },
 "multi": {
  "first": 2320.45121,
  "second": 2882.564591,
  "diff": 562.1133809999997
 }
}