{
 "single": {
  "first": 1665.090745,
  "second": 2403.283993,
  "diff": 738.193248
 },
 "multi": {
  "first": 2404.569727,
  "second": 3045.931361,
  "diff": 641.3616339999999
 }
}