{
 "single": {
  "first": 1891.8438820000001,
  "second": 2750.714297,
  "diff": 858.8704149999999
 },
 "multi": {
  "first": 2751.748415,
  "second": 3504.292709,
  "diff": 752.5442939999998
 }
}