{
 "single": {
  "first": 1662.413642,
  "second": 2344.747661,
  "diff": 682.3340189999999
 },
 "multi": {
  "first": 2345.742047,
  "second": 2994.248165,
  "diff": 648.5061179999998
 }
}