{
 "single": {
  "first": 1715.1421500000001,
  "second": 2414.156682,
  "diff": 699.0145319999997
 },
 "multi": {
  "first": 2415.205622,
  "second": 2951.552345,
  "diff": 536.3467230000001
 }
}