{
 "single": {
  "first": 1835.788873,
  "second": 2688.120157,
  "diff": 852.3312839999999
 },
 "multi": {
  "first": 2688.9794,
  "second": 3230.511708,
  "diff": 541.5323079999998
 }
}