{
 "single": {
  "first": 1950.7537790000001,
  "second": 2629.080336,
  "diff": 678.3265569999999
 },
 "multi": {
  "first": 2629.95295,
  "second": 3213.54223,
  "diff": 583.5892800000001
 }
}