{
 "single": {
  "first": 15455.772929,
  "second": 24255.853479,
  "diff": 8800.08055
 },
 "multi": {
  "first": 24256.891667,
  "second": 28178.23595,
  "diff": 3921.3442829999985
 }
}