{
 "single": {
  "first": 15270.250407,
  "second": 24123.627079,
  "diff": 8853.376672000002
 },
 "multi": {
  "first": 24125.028203,
  "second": 27364.703678,
  "diff": 3239.675475
 }
}