{
 "single": {
  "first": 16054.894377,
  "second": 25100.162593,
  "diff": 9045.268216
 },
 "multi": {
  "first": 25101.223161,
  "second": 29107.947513,
  "diff": 4006.7243519999975
 }
}