{
 "single": {
  "first": 14874.752152000001,
  "second": 23418.380265,
  "diff": 8543.628112999999
 },
 "multi": {
  "first": 23419.344887,
  "second": 26790.417925,
  "diff": 3371.0730380000023
 }
}