{
 "single": {
  "first": 14972.784271,
  "second": 23123.492146,
  "diff": 8150.707875
 },
 "multi": {
  "first": 23124.358963,
  "second": 26693.096441,
  "diff": 3568.7374780000027
 }
}