{
 "single": {
  "first": 14788.511063,
  "second": 23253.672125,
  "diff": 8465.161062000001
 },
 "multi": {
  "first": 23254.97981,
  "second": 26964.711944,
  "diff": 3709.732133999998
 }
}