{
 "single": {
  "first": 15009.567205,
  "second": 23125.97523,
  "diff": 8116.408025000001
 },
 "multi": {
  "first": 23126.840104,
  "second": 26489.874623,
  "diff": 3363.0345190000007
 }
}