{
 "single": {
  "first": 15339.475408,
  "second": 24451.520396,
  "diff": 9112.044988
 },
 "multi": {
  "first": 24452.449457,
  "second": 27754.069302,
  "diff": 3301.619845000001
 }
}