{
 "single": {
  "first": 15742.918331,
  "second": 24228.553052,
  "diff": 8485.634720999999
 },
 "multi": {
  "first": 24229.433351,
  "second": 27280.280958,
  "diff": 3050.8476069999997
 }
}