{
 "single": {
  "first": 15208.828052,
  "second": 23855.987982,
  "diff": 8647.159929999998
 },
 "multi": {
  "first": 23856.845817,
  "second": 27201.230876,
  "diff": 3344.385059
 }
}