{
 "single": {
  "first": 6379.13024,
  "second": 9812.422923,
  "diff": 3433.2926829999997
 },
 "multi": {
  "first": 9813.313298000001,
  "second": 11347.6126,
  "diff": 1534.2993019999994
 }
}