{
 "single": {
  "first": 6494.20951,
  "second": 9891.555952,
  "diff": 3397.346442000001
 },
 "multi": {
  "first": 9892.426281,
  "second": 11347.804307,
  "diff": 1455.3780260000003
 }
}