{
 "single": {
  "first": 6639.767938,
  "second": 10139.331609,
  "diff": 3499.563671000001
 },
 "multi": {
  "first": 10140.186153999999,
  "second": 11890.659616,
  "diff": 1750.4734620000017
 }
}