{
 "single": {
  "first": 6209.890356,
  "second": 9625.033036,
  "diff": 3415.142680000001
 },
 "multi": {
  "first": 9625.960568,
  "second": 11214.65942,
  "diff": 1588.6988519999995
 }
}