{
 "single": {
  "first": 6715.901457,
  "second": 10171.138464,
  "diff": 3455.2370069999997
 },
 "multi": {
  "first": 10172.004818,
  "second": 11658.174466,
  "diff": 1486.169648000001
 }
}