{
 "single": {
  "first": 6181.411635,
  "second": 9604.143822,
  "diff": 3422.7321869999996
 },
 "multi": {
  "first": 9605.103099,
  "second": 11092.338255,
  "diff": 1487.2351560000006
 }
}