{
 "single": {
  "first": 6112.078531,
  "second": 9533.084919,
  "diff": 3421.0063880000007
 },
 "multi": {
  "first": 9533.96266,
  "second": 10977.073676,
  "diff": 1443.1110160000007
 }
}