{
 "single": {
  "first": 6543.254499,
  "second": 10077.018004,
  "diff": 3533.763505
 },
 "multi": {
  "first": 10077.873408,
  "second": 11883.78653,
  "diff": 1805.913122
 }
}