{
 "single": {
  "first": 6728.253196,
  "second": 10156.127782,
  "diff": 3427.874586
 },
 "multi": {
  "first": 10156.981222,
  "second": 11601.142218,
  "diff": 1444.1609960000005
 }
}