{
 "single": {
  "first": 6189.271204,
  "second": 9600.5149,
  "diff": 3411.2436960000005
 },
 "multi": {
  "first": 9601.395479,
  "second": 11054.105605,
  "diff": 1452.710126
 }
}