{
 "single": {
  "first": 25249.904122,
  "second": 39588.775216,
  "diff": 14338.871094000002
 },
 "multi": {
  "first": 39589.802822,
  "second": 47999.6276,
  "diff": 8409.824778000002
 }
}