{
 "single": {
  "first": 25344.597174,
  "second": 40745.779545,
  "diff": 15401.182370999999
 },
 "multi": {
  "first": 40746.726975,
  "second": 49110.779327,
  "diff": 8364.052351999999
 }
}