{
 "single": {
  "first": 24238.947894,
  "second": 38304.796553,
  "diff": 14065.848659
 },
 "multi": {
  "first": 38305.692059,
  "second": 46824.202714,
  "diff": 8518.510654999998
 }
}