{
 "single": {
  "first": 25658.459408,
  "second": 41115.607323,
  "diff": 15457.147914999998
 },
 "multi": {
  "first": 41116.730726,
  "second": 49764.232506,
  "diff": 8647.501779999999
 }
}