{
 "single": {
  "first": 25569.581437,
  "second": 40673.848547,
  "diff": 15104.26711
 },
 "multi": {
  "first": 40675.234266,
  "second": 48911.188806,
  "diff": 8235.954539999999
 }
}