{
 "single": {
  "first": 24694.127679,
  "second": 39865.09376,
  "diff": 15170.966081000002
 },
 "multi": {
  "first": 39865.997913,
  "second": 48243.403304,
  "diff": 8377.405391
 }
}