{
 "single": {
  "first": 25420.260503,
  "second": 39309.13213,
  "diff": 13888.871626999997
 },
 "multi": {
  "first": 39310.007486,
  "second": 47300.736645,
  "diff": 7990.729158999995
 }
}