{
 "single": {
  "first": 25903.647977,
  "second": 40032.101657,
  "diff": 14128.453679999999
 },
 "multi": {
  "first": 40033.085262,
  "second": 48190.018395,
  "diff": 8156.933132999999
 }
}