{
 "single": {
  "first": 25337.84414,
  "second": 40778.358428,
  "diff": 15440.514287999998
 },
 "multi": {
  "first": 40779.360818,
  "second": 48756.080825,
  "diff": 7976.720006999996
 }
}