{
 "single": {
  "first": 25119.828392,
  "second": 40288.369636,
  "diff": 15168.541244000004
 },
 "multi": {
  "first": 40289.397471,
  "second": 48557.536521,
  "diff": 8268.139050000005
 }
}