{
 "single": {
  "first": 8455.456144,
  "second": 13686.713378,
  "diff": 5231.257234000001
 },
 "multi": {
  "first": 13687.735162,
  "second": 15694.07156,
  "diff": 2006.3363979999995
 }
}