{
 "single": {
  "first": 8788.826982,
  "second": 14006.672881,
  "diff": 5217.845899
 },
 "multi": {
  "first": 14007.665628,
  "second": 16148.420925,
  "diff": 2140.7552969999997
 }
}