{
 "single": {
  "first": 8917.516232,
  "second": 14189.20049,
  "diff": 5271.684257999999
 },
 "multi": {
  "first": 14190.127169,
  "second": 16430.268349,
  "diff": 2240.1411800000024
 }
}