{
 "single": {
  "first": 8785.347536,
  "second": 13968.952775,
  "diff": 5183.605239
 },
 "multi": {
  "first": 13970.046495,
  "second": 16084.34339,
  "diff": 2114.2968949999995
 }
}