{
 "single": {
  "first": 8811.601129,
  "second": 13985.657067,
  "diff": 5174.0559379999995
 },
 "multi": {
  "first": 13986.780509,
  "second": 16118.871195,
  "diff": 2132.0906859999996
 }
}