{
 "single": {
  "first": 8985.387081,
  "second": 13748.719158,
  "diff": 4763.332076999999
 },
 "multi": {
  "first": 13749.645769,
  "second": 15733.348025,
  "diff": 1983.7022559999987
 }
}