{
 "single": {
  "first": 9084.045144,
  "second": 14238.00114,
  "diff": 5153.955996000001
 },
 "multi": {
  "first": 14239.163293,
  "second": 16170.036626,
  "diff": 1930.8733329999995
 }
}