{
 "single": {
  "first": 8967.146978,
  "second": 14014.844,
  "diff": 5047.6970219999985
 },
 "multi": {
  "first": 14015.877625,
  "second": 16332.923799,
  "diff": 2317.046174000001
 }
}