{
 "single": {
  "first": 8836.658989,
  "second": 13787.173544,
  "diff": 4950.514555
 },
 "multi": {
  "first": 13788.150418,
  "second": 16185.428337,
  "diff": 2397.277919
 }
}