{
 "single": {
  "first": 8522.630886,
  "second": 13744.761137,
  "diff": 5222.130250999999
 },
 "multi": {
  "first": 13745.774914,
  "second": 16053.739609,
  "diff": 2307.9646950000006
 }
}