{
 "single": {
  "first": 891.602091,
  "second": 1162.064918,
  "diff": 270.46282700000006
 },
 "multi": {
  "first": 1162.999145,
  "second": 1711.32986,
  "diff": 548.330715
 }
}