{
 "single": {
  "first": 837.339532,
  "second": 1093.026525,
  "diff": 255.68699300000003
 },
 "multi": {
  "first": 1093.859202,
  "second": 1792.490168,
  "diff": 698.630966
 }
}