{
 "single": {
  "first": 1213.691383,
  "second": 1715.205301,
  "diff": 501.5139179999999
 },
 "multi": {
  "first": 1717.194319,
  "second": 2563.913172,
  "diff": 846.7188530000001
 }
}