{
 "single": {
  "first": 1023.297249,
  "second": 1331.176539,
  "diff": 307.8792900000001
 },
 "multi": {
  "first": 1332.227774,
  "second": 1990.348556,
  "diff": 658.120782
 }
}