{
 "single": {
  "first": 843.721213,
  "second": 1102.14126,
  "diff": 258.42004700000007
 },
 "multi": {
  "first": 1103.069596,
  "second": 1694.598489,
  "diff": 591.5288929999999
 }
}