{
 "single": {
  "first": 1107.154993,
  "second": 1436.021461,
  "diff": 328.86646799999994
 },
 "multi": {
  "first": 1437.041687,
  "second": 2112.90978,
  "diff": 675.868093
 }
}