{
 "single": {
  "first": 958.577036,
  "second": 1237.248786,
  "diff": 278.6717500000001
 },
 "multi": {
  "first": 1238.489887,
  "second": 2225.58324,
  "diff": 987.093353
 }
}