{
 "single": {
  "first": 874.176783,
  "second": 1131.451316,
  "diff": 257.2745329999999
 },
 "multi": {
  "first": 1132.343134,
  "second": 1620.137457,
  "diff": 487.7943230000001
 }
}