{
 "single": {
  "first": 847.649573,
  "second": 1105.591736,
  "diff": 257.94216300000005
 },
 "multi": {
  "first": 1106.439403,
  "second": 1813.460602,
  "diff": 707.021199
 }
}