{
 "single": {
  "first": 834.51246,
  "second": 1094.039577,
  "diff": 259.527117
 },
 "multi": {
  "first": 1094.882998,
  "second": 1713.675709,
  "diff": 618.792711
 }
}