{
 "single": {
  "first": 1621.565151,
  "second": 2253.060009,
  "diff": 631.4948579999998
 },
 "multi": {
  "first": 2253.90035,
  "second": 2731.085619,
  "diff": 477.18526900000006
 }
}