{
 "single": {
  "first": 1664.2195769999998,
  "second": 2310.980731,
  "diff": 646.7611540000003
 },
 "multi": {
  "first": 2311.863223,
  "second": 2801.0480589999997,
  "diff": 489.1848359999999
 }
}