{
 "single": {
  "first": 1662.686625,
  "second": 2305.606329,
  "diff": 642.9197040000001
 },
 "multi": {
  "first": 2306.438466,
  "second": 2793.3578820000002,
  "diff": 486.9194160000002
 }
}