{
 "single": {
  "first": 1633.480704,
  "second": 2260.271599,
  "diff": 626.7908950000001
 },
 "multi": {
  "first": 2261.162275,
  "second": 2752.809826,
  "diff": 491.647551
 }
}