{
 "single": {
  "first": 1622.939551,
  "second": 2270.305408,
  "diff": 647.3658570000002
 },
 "multi": {
  "first": 2271.131373,
  "second": 2751.2207319999998,
  "diff": 480.0893589999996
 }
}