{
 "single": {
  "first": 1688.420861,
  "second": 2341.551301,
  "diff": 653.1304399999999
 },
 "multi": {
  "first": 2342.4046,
  "second": 2945.333455,
  "diff": 602.9288550000001
 }
}