{
 "single": {
  "first": 1651.563248,
  "second": 2300.233333,
  "diff": 648.6700850000002
 },
 "multi": {
  "first": 2301.102843,
  "second": 2822.2527330000003,
  "diff": 521.1498900000001
 }
}