{
 "single": {
  "first": 1648.0581809999999,
  "second": 2303.78091,
  "diff": 655.7227290000001
 },
 "multi": {
  "first": 2304.632237,
  "second": 2786.685118,
  "diff": 482.05288100000007
 }
}