{
 "single": {
  "first": 1686.023024,
  "second": 2376.294366,
  "diff": 690.271342
 },
 "multi": {
  "first": 2377.211389,
  "second": 2876.480732,
  "diff": 499.26934299999994
 }
}