{
 "single": {
  "first": 1651.675688,
  "second": 2272.285314,
  "diff": 620.6096260000002
 },
 "multi": {
  "first": 2273.119401,
  "second": 2759.876393,
  "diff": 486.7569920000001
 }
}