{
 "single": {
  "first": 5425.535828,
  "second": 8401.55856,
  "diff": 2976.0227319999995
 },
 "multi": {
  "first": 8402.431586,
  "second": 9785.783833,
  "diff": 1383.352246999999
 }
}