{
 "single": {
  "first": 5024.309977,
  "second": 7959.710495,
  "diff": 2935.4005180000004
 },
 "multi": {
  "first": 7960.881247,
  "second": 9249.932116,
  "diff": 1289.0508689999997
 }
}