{
 "single": {
  "first": 5359.538502,
  "second": 8212.122235,
  "diff": 2852.5837330000004
 },
 "multi": {
  "first": 8213.178588,
  "second": 9644.249383,
  "diff": 1431.0707949999996
 }
}