{
 "single": {
  "first": 5384.272344,
  "second": 8183.372813,
  "diff": 2799.100469
 },
 "multi": {
  "first": 8184.244874,
  "second": 9433.483064,
  "diff": 1249.23819
 }
}