{
 "single": {
  "first": 5038.326408,
  "second": 8123.521663,
  "diff": 3085.1952550000005
 },
 "multi": {
  "first": 8124.513565,
  "second": 9485.365651,
  "diff": 1360.8520859999999
 }
}