{
 "single": {
  "first": 5430.729431,
  "second": 8250.187193,
  "diff": 2819.457762
 },
 "multi": {
  "first": 8251.101109,
  "second": 9889.027383,
  "diff": 1637.9262740000013
 }
}