{
 "single": {
  "first": 5210.045358,
  "second": 8008.179628,
  "diff": 2798.1342699999996
 },
 "multi": {
  "first": 8009.082244,
  "second": 9301.454138,
  "diff": 1292.371893999999
 }
}