{
 "single": {
  "first": 5126.942926,
  "second": 7919.714157,
  "diff": 2792.7712310000006
 },
 "multi": {
  "first": 7920.6493709999995,
  "second": 9393.439189,
  "diff": 1472.789818000001
 }
}