{
 "single": {
  "first": 5531.862693,
  "second": 8456.526134,
  "diff": 2924.6634409999997
 },
 "multi": {
  "first": 8457.410439,
  "second": 9780.819619,
  "diff": 1323.4091800000006
 }
}