{
 "single": {
  "first": 5395.221477,
  "second": 8046.196529,
  "diff": 2650.975052
 },
 "multi": {
  "first": 8047.178655,
  "second": 9198.994349,
  "diff": 1151.8156940000008
 }
}