{
 "single": {
  "first": 5252.110973,
  "second": 8261.936529,
  "diff": 3009.8255560000007
 },
 "multi": {
  "first": 8262.851658,
  "second": 9649.623898,
  "diff": 1386.7722400000002
 }
}