{
 "single": {
  "first": 5199.06704,
  "second": 8162.415807,
  "diff": 2963.3487670000004
 },
 "multi": {
  "first": 8163.4778,
  "second": 9548.028229,
  "diff": 1384.550429
 }
}