{
 "single": {
  "first": 5284.762178,
  "second": 8290.042301,
  "diff": 3005.2801229999995
 },
 "multi": {
  "first": 8291.07634,
  "second": 9572.092245,
  "diff": 1281.0159050000002
 }
}