{
 "single": {
  "first": 5235.217497,
  "second": 8104.107478,
  "diff": 2868.8899810000003
 },
 "multi": {
  "first": 8105.089366,
  "second": 9728.595296,
  "diff": 1623.5059299999994
 }
}