{
 "single": {
  "first": 5439.237595,
  "second": 8391.686588,
  "diff": 2952.448993000001
 },
 "multi": {
  "first": 8392.717747,
  "second": 9976.882018,
  "diff": 1584.1642709999996
 }
}