{
 "single": {
  "first": 5476.451334,
  "second": 8371.850957,
  "diff": 2895.3996230000002
 },
 "multi": {
  "first": 8372.813917,
  "second": 9591.054135,
  "diff": 1218.2402180000008
 }
}