{
 "single": {
  "first": 5124.342295,
  "second": 8000.913784,
  "diff": 2876.571489
 },
 "multi": {
  "first": 8001.763886,
  "second": 9229.016014,
  "diff": 1227.252128000001
 }
}