{
 "single": {
  "first": 5035.826985,
  "second": 7980.696838,
  "diff": 2944.869853
 },
 "multi": {
  "first": 7981.760586,
  "second": 9428.872259,
  "diff": 1447.1116729999994
 }
}