{
 "single": {
  "first": 5263.850348,
  "second": 8267.160182,
  "diff": 3003.3098339999997
 },
 "multi": {
  "first": 8268.093176,
  "second": 9474.08831,
  "diff": 1205.9951339999989
 }
}