{
 "single": {
  "first": 5483.038815,
  "second": 8495.626637,
  "diff": 3012.5878219999995
 },
 "multi": {
  "first": 8496.583585,
  "second": 9700.648053,
  "diff": 1204.0644680000005
 }
}