{
 "single": {
  "first": 4306.66562,
  "second": 6492.772207,
  "diff": 2186.106587
 },
 "multi": {
  "first": 6493.6824639999995,
  "second": 8044.114769,
  "diff": 1550.4323050000003
 }
}