{
 "single": {
  "first": 4273.234498,
  "second": 6393.113499,
  "diff": 2119.8790010000002
 },
 "multi": {
  "first": 6394.018346,
  "second": 7481.502666,
  "diff": 1087.4843200000005
 }
}