{
 "single": {
  "first": 4283.811604,
  "second": 6447.893629,
  "diff": 2164.0820249999997
 },
 "multi": {
  "first": 6448.922832,
  "second": 7679.090885,
  "diff": 1230.1680529999994
 }
}