{
 "single": {
  "first": 3927.810717,
  "second": 6167.474926,
  "diff": 2239.664209
 },
 "multi": {
  "first": 6168.495584,
  "second": 7193.069853,
  "diff": 1024.5742689999997
 }
}