{
 "single": {
  "first": 4173.374463,
  "second": 6388.0681349999995,
  "diff": 2214.6936719999994
 },
 "multi": {
  "first": 6388.992311,
  "second": 7748.312283,
  "diff": 1359.3199720000002
 }
}