{
 "single": {
  "first": 4151.104642,
  "second": 6292.334154,
  "diff": 2141.229512
 },
 "multi": {
  "first": 6293.297789,
  "second": 7444.517095,
  "diff": 1151.219306
 }
}