{
 "single": {
  "first": 4175.858535,
  "second": 6285.968036,
  "diff": 2110.109501
 },
 "multi": {
  "first": 6286.90114,
  "second": 7230.110959,
  "diff": 943.2098189999997
 }
}