{
 "single": {
  "first": 4689.505309,
  "second": 7158.391831,
  "diff": 2468.886522
 },
 "multi": {
  "first": 7159.399082,
  "second": 8464.607077,
  "diff": 1305.2079950000007
 }
}