{
 "single": {
  "first": 4399.614571,
  "second": 6394.535065,
  "diff": 1994.920494
 },
 "multi": {
  "first": 6395.395921,
  "second": 7368.937386,
  "diff": 973.5414649999993
 }
}