{
 "single": {
  "first": 3885.547404,
  "second": 5885.878978,
  "diff": 2000.3315739999998
 },
 "multi": {
  "first": 5886.7130369999995,
  "second": 6745.437119,
  "diff": 858.7240820000006
 }
}