{
 "single": {
  "first": 381.19154,
  "second": 391.074933,
  "diff": 9.883393000000012
 },
 "multi": {
  "first": 391.843365,
  "second": 561.14,
  "diff": 169.29663499999998
 }
}