{
 "single": {
  "first": 370.54858,
  "second": 380.098014,
  "diff": 9.549433999999962
 },
 "multi": {
  "first": 380.909267,
  "second": 567.915912,
  "diff": 187.00664500000005
 }
}