{
 "single": {
  "first": 382.870499,
  "second": 392.294857,
  "diff": 9.424357999999984
 },
 "multi": {
  "first": 393.147992,
  "second": 770.95983,
  "diff": 377.811838
 }
}