{
 "single": {
  "first": 381.425726,
  "second": 388.791544,
  "diff": 7.36581799999999
 },
 "multi": {
  "first": 389.695719,
  "second": 576.555022,
  "diff": 186.859303
 }
}