{
 "single": {
  "first": 393.080361,
  "second": 402.763395,
  "diff": 9.68303400000002
 },
 "multi": {
  "first": 403.524108,
  "second": 585.251719,
  "diff": 181.72761099999997
 }
}