{
 "single": {
  "first": 367.155406,
  "second": 376.839281,
  "diff": 9.683875
 },
 "multi": {
  "first": 377.615579,
  "second": 682.130755,
  "diff": 304.515176
 }
}