{
 "single": {
  "first": 376.042385,
  "second": 385.812984,
  "diff": 9.770598999999947
 },
 "multi": {
  "first": 386.578144,
  "second": 567.199943,
  "diff": 180.62179899999995
 }
}