{
 "single": {
  "first": 376.145908,
  "second": 383.516956,
  "diff": 7.371047999999973
 },
 "multi": {
  "first": 384.25718,
  "second": 764.889674,
  "diff": 380.632494
 }
}