{
 "single": {
  "first": 372.005527,
  "second": 382.700059,
  "diff": 10.694532000000038
 },
 "multi": {
  "first": 383.527112,
  "second": 562.0902,
  "diff": 178.563088
 }
}