{
 "single": {
  "first": 372.972853,
  "second": 382.643224,
  "diff": 9.670370999999989
 },
 "multi": {
  "first": 383.417266,
  "second": 563.74075,
  "diff": 180.32348400000006
 }
}