{
 "single": {
  "first": 460.219594,
  "second": 537.845563,
  "diff": 77.625969
 },
 "multi": {
  "first": 538.928553,
  "second": 939.723451,
  "diff": 400.794898
 }
}