{
 "single": {
  "first": 454.801736,
  "second": 532.752034,
  "diff": 77.95029799999998
 },
 "multi": {
  "first": 533.773643,
  "second": 848.077556,
  "diff": 314.30391299999997
 }
}