{
 "single": {
  "first": 451.301843,
  "second": 532.86335,
  "diff": 81.56150699999995
 },
 "multi": {
  "first": 533.868517,
  "second": 953.235853,
  "diff": 419.367336
 }
}