{
 "single": {
  "first": 441.381152,
  "second": 522.897739,
  "diff": 81.51658700000002
 },
 "multi": {
  "first": 523.757061,
  "second": 814.549241,
  "diff": 290.79218000000003
 }
}