{
 "single": {
  "first": 450.455651,
  "second": 528.093494,
  "diff": 77.63784299999998
 },
 "multi": {
  "first": 528.947072,
  "second": 831.765627,
  "diff": 302.81855499999995
 }
}