{
 "single": {
  "first": 453.17307,
  "second": 529.035844,
  "diff": 75.862774
 },
 "multi": {
  "first": 529.887606,
  "second": 1039.103324,
  "diff": 509.2157179999999
 }
}