{
 "single": {
  "first": 440.324927,
  "second": 520.067132,
  "diff": 79.74220500000001
 },
 "multi": {
  "first": 520.950236,
  "second": 919.008243,
  "diff": 398.058007
 }
}