{
 "single": {
  "first": 432.934539,
  "second": 504.965577,
  "diff": 72.03103800000002
 },
 "multi": {
  "first": 505.837418,
  "second": 917.79951,
  "diff": 411.96209200000004
 }
}