{
 "single": {
  "first": 450.79233,
  "second": 528.863441,
  "diff": 78.07111099999997
 },
 "multi": {
  "first": 529.757879,
  "second": 813.247865,
  "diff": 283.48998600000004
 }
}