{
 "single": {
  "first": 436.45609,
  "second": 509.737106,
  "diff": 73.28101599999997
 },
 "multi": {
  "first": 510.627857,
  "second": 817.509178,
  "diff": 306.881321
 }
}