{
 "single": {
  "first": 12578.57621,
  "second": 19226.958016,
  "diff": 6648.381806000001
 },
 "multi": {
  "first": 19227.906581,
  "second": 22013.640405,
  "diff": 2785.733823999999
 }
}