{
 "single": {
  "first": 13103.251416,
  "second": 20741.536227,
  "diff": 7638.284811000001
 },
 "multi": {
  "first": 20743.101171,
  "second": 24819.739411,
  "diff": 4076.63824
 }
}