{
 "single": {
  "first": 12169.236437,
  "second": 18784.926712,
  "diff": 6615.690275000001
 },
 "multi": {
  "first": 18785.90555,
  "second": 21792.009382,
  "diff": 3006.1038320000007
 }
}