{
 "single": {
  "first": 12571.720885,
  "second": 19184.431272,
  "diff": 6612.710387000001
 },
 "multi": {
  "first": 19185.330934,
  "second": 22599.120805,
  "diff": 3413.789870999997
 }
}