{
 "single": {
  "first": 13227.385179,
  "second": 21341.568456,
  "diff": 8114.183277
 },
 "multi": {
  "first": 21342.639687,
  "second": 25047.675244,
  "diff": 3705.0355569999992
 }
}