{
 "single": {
  "first": 13687.54775,
  "second": 21495.794077,
  "diff": 7808.246326999999
 },
 "multi": {
  "first": 21497.524988,
  "second": 25398.041034,
  "diff": 3900.5160460000006
 }
}