{
 "single": {
  "first": 13077.290957,
  "second": 20601.877106,
  "diff": 7524.586149000001
 },
 "multi": {
  "first": 20602.957191,
  "second": 24096.832931,
  "diff": 3493.8757399999995
 }
}