{
 "single": {
  "first": 13518.936047,
  "second": 20582.173054,
  "diff": 7063.237007
 },
 "multi": {
  "first": 20583.205802,
  "second": 23463.408099,
  "diff": 2880.202297
 }
}