{
 "single": {
  "first": 13395.9442,
  "second": 21083.837044,
  "diff": 7687.892844
 },
 "multi": {
  "first": 21084.836758,
  "second": 24595.805786,
  "diff": 3510.9690279999995
 }
}