{
 "single": {
  "first": 12866.391221,
  "second": 20464.281116,
  "diff": 7597.889894999998
 },
 "multi": {
  "first": 20465.351755,
  "second": 24213.143001,
  "diff": 3747.7912460000007
 }
}