{
 "single": {
  "first": 389.579668,
  "second": 423.808398,
  "diff": 34.228729999999985
 },
 "multi": {
  "first": 424.642821,
  "second": 843.102776,
  "diff": 418.4599549999999
 }
}