{
 "single": {
  "first": 397.084425,
  "second": 432.467975,
  "diff": 35.383550000000014
 },
 "multi": {
  "first": 433.471906,
  "second": 837.236809,
  "diff": 403.764903
 }
}