{
 "single": {
  "first": 395.436514,
  "second": 432.244454,
  "diff": 36.80794000000003
 },
 "multi": {
  "first": 433.106798,
  "second": 943.430079,
  "diff": 510.32328099999995
 }
}