{
 "single": {
  "first": 404.11802,
  "second": 439.579759,
  "diff": 35.46173900000002
 },
 "multi": {
  "first": 440.425501,
  "second": 757.326191,
  "diff": 316.90069
 }
}