{
 "single": {
  "first": 384.669996,
  "second": 418.835689,
  "diff": 34.165692999999976
 },
 "multi": {
  "first": 419.649611,
  "second": 737.98143,
  "diff": 318.33181900000005
 }
}