{
 "single": {
  "first": 388.831448,
  "second": 428.743559,
  "diff": 39.91211099999998
 },
 "multi": {
  "first": 429.741765,
  "second": 725.590709,
  "diff": 295.84894399999996
 }
}