{
 "single": {
  "first": 380.865277,
  "second": 419.21992,
  "diff": 38.35464300000001
 },
 "multi": {
  "first": 420.119494,
  "second": 774.697576,
  "diff": 354.57808200000005
 }
}