{
 "single": {
  "first": 382.809776,
  "second": 418.702089,
  "diff": 35.892313
 },
 "multi": {
  "first": 419.552339,
  "second": 759.793755,
  "diff": 340.241416
 }
}