{
 "single": {
  "first": 397.501435,
  "second": 433.000306,
  "diff": 35.49887100000001
 },
 "multi": {
  "first": 433.853598,
  "second": 733.874924,
  "diff": 300.021326
 }
}