{
 "single": {
  "first": 383.894072,
  "second": 418.635964,
  "diff": 34.74189200000001
 },
 "multi": {
  "first": 419.562609,
  "second": 733.04497,
  "diff": 313.482361
 }
}