{
 "single": {
  "first": 502.560976,
  "second": 515.153222,
  "diff": 12.592246000000046
 },
 "multi": {
  "first": 518.637054,
  "second": 637.139059,
  "diff": 118.50200499999994
 }
}