{
 "single": {
  "first": 3991.949788,
  "second": 5979.892133,
  "diff": 1987.9423450000004
 },
 "multi": {
  "first": 5980.77415,
  "second": 7906.893433,
  "diff": 1926.119283
 }
}