{
 "single": {
  "first": 5327.331276,
  "second": 7982.101481,
  "diff": 2654.770205
 },
 "multi": {
  "first": 7983.034626,
  "second": 10515.321451,
  "diff": 2532.286825
 }
}