{
 "single": {
  "first": 7133.881719,
  "second": 10877.478429,
  "diff": 3743.5967100000007
 },
 "multi": {
  "first": 10878.570032,
  "second": 14577.723364,
  "diff": 3699.153332
 }
}