{
 "single": {
  "first": 8554.284442,
  "second": 13689.23001,
  "diff": 5134.945567999999
 },
 "multi": {
  "first": 13690.637166,
  "second": 18173.620139,
  "diff": 4482.982972999998
 }
}