{
 "single": {
  "first": 10446.520279,
  "second": 16444.39005,
  "diff": 5997.8697710000015
 },
 "multi": {
  "first": 16445.335861,
  "second": 22751.012959,
  "diff": 6305.677098
 }
}