{
 "single": {
  "first": 12725.241885,
  "second": 20415.933215,
  "diff": 7690.6913300000015
 },
 "multi": {
  "first": 20417.044596,
  "second": 27132.82522,
  "diff": 6715.780623999999
 }
}