{
 "single": {
  "first": 15522.221622000001,
  "second": 24422.838756,
  "diff": 8900.617134
 },
 "multi": {
  "first": 24423.981245,
  "second": 32912.961261,
  "diff": 8488.980015999998
 }
}