{
 "single": {
  "first": 19257.658873,
  "second": 29354.299849,
  "diff": 10096.640975999999
 },
 "multi": {
  "first": 29355.367042,
  "second": 38760.1097,
  "diff": 9404.742658
 }
}