{
 "single": {
  "first": 20802.913375,
  "second": 32229.236962,
  "diff": 11426.323586999999
 },
 "multi": {
  "first": 32230.111242,
  "second": 43014.935121,
  "diff": 10784.823879000003
 }
}