{
 "single": {
  "first": 25099.019241,
  "second": 38266.733039,
  "diff": 13167.713797999997
 },
 "multi": {
  "first": 38267.638076,
  "second": 50281.689757,
  "diff": 12014.051680999997
 }
}