{
 "single": {
  "first": 470.438579,
  "second": 510.991237,
  "diff": 40.55265800000001
 },
 "multi": {
  "first": 511.985556,
  "second": 671.808143,
  "diff": 159.822587
 }
}