{
 "single": {
  "first": 27891.551133,
  "second": 43071.638945,
  "diff": 15180.087811999998
 },
 "multi": {
  "first": 43072.484708,
  "second": 57919.698051,
  "diff": 14847.213342999996
 }
}