{
 "single": {
  "first": 32176.889142,
  "second": 49672.752318,
  "diff": 17495.863176
 },
 "multi": {
  "first": 49673.629789,
  "second": 66339.364645,
  "diff": 16665.734855999995
 }
}