{
 "single": {
  "first": 39396.133848,
  "second": 63213.371225,
  "diff": 23817.237377000005
 },
 "multi": {
  "first": 63214.296401,
  "second": 82473.926997,
  "diff": 19259.630596000003
 }
}