{
 "single": {
  "first": 44530.16897,
  "second": 69964.428759,
  "diff": 25434.259789000003
 },
 "multi": {
  "first": 69965.522241,
  "second": 94222.296478,
  "diff": 24256.774237000005
 }
}