{
 "single": {
  "first": 50610.427426,
  "second": 79645.923742,
  "diff": 29035.496315999997
 },
 "multi": {
  "first": 79646.966454,
  "second": 107325.61311,
  "diff": 27678.64665600001
 }
}