{
 "single": {
  "first": 53958.218907,
  "second": 84359.704324,
  "diff": 30401.485417000004
 },
 "multi": {
  "first": 84360.59357,
  "second": 111033.2234,
  "diff": 26672.629830000005
 }
}