{
 "single": {
  "first": 473.806969,
  "second": 552.611239,
  "diff": 78.80426999999997
 },
 "multi": {
  "first": 553.603414,
  "second": 733.296191,
  "diff": 179.69277699999998
 }
}