{
 "single": {
  "first": 616.561398,
  "second": 772.693986,
  "diff": 156.13258799999994
 },
 "multi": {
  "first": 773.735825,
  "second": 1031.695579,
  "diff": 257.959754
 }
}