{
 "single": {
  "first": 381.379258,
  "second": 386.733346,
  "diff": 5.35408799999999
 },
 "multi": {
  "first": 387.649628,
  "second": 477.571435,
  "diff": 89.921807
 }
}