{
 "single": {
  "first": 844.893836,
  "second": 1104.323527,
  "diff": 259.42969100000005
 },
 "multi": {
  "first": 1105.210747,
  "second": 1460.471947,
  "diff": 355.2611999999999
 }
}