{
 "single": {
  "first": 1175.534616,
  "second": 1598.998885,
  "diff": 423.46426900000006
 },
 "multi": {
  "first": 1599.909472,
  "second": 2135.35965,
  "diff": 535.4501779999998
 }
}