{
 "single": {
  "first": 1702.091661,
  "second": 2378.349432,
  "diff": 676.257771
 },
 "multi": {
  "first": 2379.229529,
  "second": 3150.914335,
  "diff": 771.6848059999998
 }
}