{
 "single": {
  "first": 2304.673226,
  "second": 3316.376589,
  "diff": 1011.7033630000001
 },
 "multi": {
  "first": 3317.25873,
  "second": 4387.666486,
  "diff": 1070.407756
 }
}