{
 "single": {
  "first": 3109.907157,
  "second": 4534.2760610000005,
  "diff": 1424.3689040000004
 },
 "multi": {
  "first": 4535.190563,
  "second": 6069.630456,
  "diff": 1534.4398929999998
 }
}