{
 "single": {
  "first": 841.900074,
  "second": 1100.937339,
  "diff": 259.03726500000005
 },
 "multi": {
  "first": 1101.777537,
  "second": 1390.387888,
  "diff": 288.61035100000004
 }
}