{
 "single": {
  "first": 897.37918,
  "second": 1159.077098,
  "diff": 261.69791799999996
 },
 "multi": {
  "first": 1159.945011,
  "second": 1664.2439530000001,
  "diff": 504.2989420000001
 }
}