{
 "single": {
  "first": 833.278598,
  "second": 1087.729801,
  "diff": 254.45120299999996
 },
 "multi": {
  "first": 1088.600965,
  "second": 1591.931134,
  "diff": 503.33016899999984
 }
}