{
 "single": {
  "first": 841.793554,
  "second": 1098.653596,
  "diff": 256.86004200000013
 },
 "multi": {
  "first": 1099.499344,
  "second": 1377.8299240000001,
  "diff": 278.33058000000005
 }
}