{
 "single": {
  "first": 833.5387,
  "second": 1087.441681,
  "diff": 253.90298100000007
 },
 "multi": {
  "first": 1088.413172,
  "second": 1382.109828,
  "diff": 293.6966560000001
 }
}