{
 "single": {
  "first": 825.855141,
  "second": 1084.689165,
  "diff": 258.834024
 },
 "multi": {
  "first": 1085.544105,
  "second": 1366.628741,
  "diff": 281.08463600000005
 }
}