{
 "single": {
  "first": 846.4619,
  "second": 1104.490423,
  "diff": 258.02852299999995
 },
 "multi": {
  "first": 1105.350528,
  "second": 1484.4293539999999,
  "diff": 379.07882599999994
 }
}