{
 "single": {
  "first": 834.022273,
  "second": 1119.06539,
  "diff": 285.04311699999994
 },
 "multi": {
  "first": 1120.184174,
  "second": 1415.570035,
  "diff": 295.385861
 }
}