{
 "single": {
  "first": 869.713483,
  "second": 1129.953744,
  "diff": 260.2402609999999
 },
 "multi": {
  "first": 1130.807341,
  "second": 1449.264068,
  "diff": 318.456727
 }
}