{
 "single": {
  "first": 854.759265,
  "second": 1120.850571,
  "diff": 266.0913059999999
 },
 "multi": {
  "first": 1121.707405,
  "second": 1538.75895,
  "diff": 417.0515449999998
 }
}