{
 "single": {
  "first": 28249.159821,
  "second": 43503.408229,
  "diff": 15254.248408
 },
 "multi": {
  "first": 43504.273451,
  "second": 48799.199912,
  "diff": 5294.9264609999955
 }
}