{
 "single": {
  "first": 28123.747762,
  "second": 43269.487824,
  "diff": 15145.740062000004
 },
 "multi": {
  "first": 43270.331423,
  "second": 48663.914397,
  "diff": 5393.582973999997
 }
}