{
 "single": {
  "first": 27845.684761,
  "second": 42970.490182,
  "diff": 15124.805421000001
 },
 "multi": {
  "first": 42971.365738,
  "second": 48310.353553,
  "diff": 5338.987815
 }
}