{
 "single": {
  "first": 27697.817144,
  "second": 42840.10323,
  "diff": 15142.286086
 },
 "multi": {
  "first": 42840.979224,
  "second": 49017.605018,
  "diff": 6176.625794
 }
}