{
 "single": {
  "first": 27964.241382,
  "second": 43073.435333,
  "diff": 15109.193951000001
 },
 "multi": {
  "first": 43074.280196,
  "second": 48493.41019,
  "diff": 5419.129994000003
 }
}