{
 "single": {
  "first": 28230.501405,
  "second": 43495.159908,
  "diff": 15264.658503000002
 },
 "multi": {
  "first": 43496.025895,
  "second": 48839.234003,
  "diff": 5343.208107999999
 }
}