{
 "single": {
  "first": 27917.926933,
  "second": 43116.703523,
  "diff": 15198.776589999998
 },
 "multi": {
  "first": 43117.578548,
  "second": 48765.061225,
  "diff": 5647.482677
 }
}