{
 "single": {
  "first": 26493.798815,
  "second": 41852.670416,
  "diff": 15358.871601000003
 },
 "multi": {
  "first": 41853.685274,
  "second": 48060.271912,
  "diff": 6206.586637999993
 }
}