{
 "single": {
  "first": 28366.966038,
  "second": 43718.280282,
  "diff": 15351.314244000001
 },
 "multi": {
  "first": 43719.188846,
  "second": 49245.091209,
  "diff": 5525.902363000001
 }
}