{
 "single": {
  "first": 26438.616079,
  "second": 41678.822107,
  "diff": 15240.206028
 },
 "multi": {
  "first": 41679.745958,
  "second": 47667.433619,
  "diff": 5987.687661000004
 }
}