{
 "single": {
  "first": 5373.996421,
  "second": 8217.349238,
  "diff": 2843.352817000001
 },
 "multi": {
  "first": 8218.328766,
  "second": 9734.469029,
  "diff": 1516.1402629999993
 }
}