{
 "single": {
  "first": 5320.173564,
  "second": 8253.340292,
  "diff": 2933.166728000001
 },
 "multi": {
  "first": 8254.191742,
  "second": 10247.746168,
  "diff": 1993.5544259999988
 }
}