{
 "single": {
  "first": 5415.641947,
  "second": 8146.531736,
  "diff": 2730.889789
 },
 "multi": {
  "first": 8147.411589,
  "second": 9865.864819,
  "diff": 1718.45323
 }
}