{
 "single": {
  "first": 5308.065892,
  "second": 7921.085934,
  "diff": 2613.020042
 },
 "multi": {
  "first": 7921.959972,
  "second": 9951.765657,
  "diff": 2029.8056850000003
 }
}