{
 "single": {
  "first": 5349.761859,
  "second": 8220.313911,
  "diff": 2870.552051999999
 },
 "multi": {
  "first": 8221.212238,
  "second": 10268.730018,
  "diff": 2047.5177800000001
 }
}