{
 "single": {
  "first": 5808.835803,
  "second": 8745.837698,
  "diff": 2937.0018949999994
 },
 "multi": {
  "first": 8746.775916,
  "second": 10891.254588,
  "diff": 2144.4786719999993
 }
}