{
 "single": {
  "first": 5946.24355,
  "second": 8862.702116,
  "diff": 2916.4585660000002
 },
 "multi": {
  "first": 8863.5942,
  "second": 10921.46998,
  "diff": 2057.8757800000003
 }
}