{
 "single": {
  "first": 5626.642667,
  "second": 8822.816255,
  "diff": 3196.1735879999997
 },
 "multi": {
  "first": 8823.918199,
  "second": 10671.033933,
  "diff": 1847.1157340000009
 }
}