{
 "single": {
  "first": 5425.378779,
  "second": 8658.061227,
  "diff": 3232.6824480000005
 },
 "multi": {
  "first": 8658.96653,
  "second": 10277.674088,
  "diff": 1618.707558
 }
}