{
 "single": {
  "first": 5610.908055,
  "second": 8586.815508,
  "diff": 2975.907453
 },
 "multi": {
  "first": 8587.767247,
  "second": 10740.19702,
  "diff": 2152.429773
 }
}