{
 "single": {
  "first": 1387.406865,
  "second": 1944.966142,
  "diff": 557.5592770000001
 },
 "multi": {
  "first": 1946.044622,
  "second": 2679.31008,
  "diff": 733.2654580000003
 }
}