{
 "single": {
  "first": 1214.947887,
  "second": 1727.399478,
  "diff": 512.451591
 },
 "multi": {
  "first": 1728.413483,
  "second": 2840.4864310000003,
  "diff": 1112.0729480000002
 }
}