{
 "single": {
  "first": 1244.526778,
  "second": 1705.203634,
  "diff": 460.67685600000004
 },
 "multi": {
  "first": 1706.1258440000001,
  "second": 2488.364395,
  "diff": 782.2385509999999
 }
}