{
 "single": {
  "first": 1243.51971,
  "second": 1706.523911,
  "diff": 463.00420099999997
 },
 "multi": {
  "first": 1707.543311,
  "second": 2401.121577,
  "diff": 693.578266
 }
}