{
 "single": {
  "first": 1319.47912,
  "second": 1839.664013,
  "diff": 520.1848930000001
 },
 "multi": {
  "first": 1840.844721,
  "second": 2517.323096,
  "diff": 676.4783750000001
 }
}