{
 "single": {
  "first": 1403.621959,
  "second": 1998.824244,
  "diff": 595.2022849999998
 },
 "multi": {
  "first": 1999.723203,
  "second": 2552.206973,
  "diff": 552.4837699999998
 }
}