{
 "single": {
  "first": 1228.840784,
  "second": 1696.744984,
  "diff": 467.90419999999995
 },
 "multi": {
  "first": 1697.678582,
  "second": 2262.788692,
  "diff": 565.1101100000001
 }
}