{
 "single": {
  "first": 1280.554072,
  "second": 1725.857381,
  "diff": 445.3033090000001
 },
 "multi": {
  "first": 1726.824608,
  "second": 2265.819578,
  "diff": 538.9949700000002
 }
}