{
 "single": {
  "first": 1216.42182,
  "second": 1671.446672,
  "diff": 455.024852
 },
 "multi": {
  "first": 1672.348845,
  "second": 2274.839187,
  "diff": 602.490342
 }
}