{
 "single": {
  "first": 1247.33348,
  "second": 1728.08004,
  "diff": 480.74656000000004
 },
 "multi": {
  "first": 1729.0196799999999,
  "second": 2343.1122020000003,
  "diff": 614.0925220000004
 }
}