{
 "single": {
  "first": 18174.34599,
  "second": 28369.413539,
  "diff": 10195.067549
 },
 "multi": {
  "first": 28370.304822,
  "second": 32579.619009000002,
  "diff": 4209.314187000004
 }
}