{
 "single": {
  "first": 17636.114406,
  "second": 27053.462638,
  "diff": 9417.348232
 },
 "multi": {
  "first": 27054.300961,
  "second": 30769.667574,
  "diff": 3715.3666129999983
 }
}