{
 "single": {
  "first": 18016.196593,
  "second": 28530.634461,
  "diff": 10514.437868
 },
 "multi": {
  "first": 28531.652602,
  "second": 32538.023418,
  "diff": 4006.3708160000024
 }
}