{
 "single": {
  "first": 17918.123849,
  "second": 27080.929105,
  "diff": 9162.805256
 },
 "multi": {
  "first": 27081.768247,
  "second": 30650.536173,
  "diff": 3568.7679260000004
 }
}