{
 "single": {
  "first": 17711.671716,
  "second": 27226.927152,
  "diff": 9515.255436
 },
 "multi": {
  "first": 27227.773855,
  "second": 30756.688424,
  "diff": 3528.9145690000005
 }
}