{
 "single": {
  "first": 17222.729811,
  "second": 26722.594602,
  "diff": 9499.864791
 },
 "multi": {
  "first": 26723.47717,
  "second": 30241.799354,
  "diff": 3518.3221840000006
 }
}