{
 "single": {
  "first": 17349.169376,
  "second": 26840.51509,
  "diff": 9491.345714
 },
 "multi": {
  "first": 26841.808157,
  "second": 30951.991287,
  "diff": 4110.183130000001
 }
}