{
 "single": {
  "first": 16625.988558,
  "second": 26134.701629,
  "diff": 9508.713070999998
 },
 "multi": {
  "first": 26135.546101,
  "second": 29603.711839,
  "diff": 3468.1657379999997
 }
}