{
 "single": {
  "first": 16901.806542,
  "second": 26363.04249,
  "diff": 9461.235948000001
 },
 "multi": {
  "first": 26363.867742,
  "second": 29889.382133,
  "diff": 3525.5143910000006
 }
}