{
 "single": {
  "first": 17672.662204,
  "second": 27239.898926,
  "diff": 9567.236722000001
 },
 "multi": {
  "first": 27240.796758,
  "second": 30734.379813,
  "diff": 3493.583054999999
 }
}