{
 "single": {
  "first": 1891.333939,
  "second": 2600.836204,
  "diff": 709.5022650000001
 },
 "multi": {
  "first": 2601.816866,
  "second": 3389.33498,
  "diff": 787.518114
 }
}