{
 "single": {
  "first": 1641.8617789999998,
  "second": 2282.698847,
  "diff": 640.8370680000003
 },
 "multi": {
  "first": 2283.520035,
  "second": 3016.210746,
  "diff": 732.6907110000002
 }
}