{
 "single": {
  "first": 1659.25034,
  "second": 2315.453062,
  "diff": 656.202722
 },
 "multi": {
  "first": 2316.403205,
  "second": 3116.561836,
  "diff": 800.1586309999998
 }
}