{
 "single": {
  "first": 1792.048166,
  "second": 2471.756841,
  "diff": 679.7086749999999
 },
 "multi": {
  "first": 2472.627685,
  "second": 3254.782357,
  "diff": 782.1546720000001
 }
}