{
 "single": {
  "first": 1720.479659,
  "second": 2370.233582,
  "diff": 649.7539229999998
 },
 "multi": {
  "first": 2371.053041,
  "second": 3121.726463,
  "diff": 750.6734219999998
 }
}