{
 "single": {
  "first": 1662.224823,
  "second": 2337.533088,
  "diff": 675.3082650000001
 },
 "multi": {
  "first": 2338.513292,
  "second": 3116.285021,
  "diff": 777.771729
 }
}