{
 "single": {
  "first": 1651.9701300000002,
  "second": 2289.306665,
  "diff": 637.3365349999999
 },
 "multi": {
  "first": 2290.157924,
  "second": 3037.032708,
  "diff": 746.8747840000001
 }
}