{
 "single": {
  "first": 1641.6270530000002,
  "second": 2280.73034,
  "diff": 639.1032869999999
 },
 "multi": {
  "first": 2281.752937,
  "second": 3032.851382,
  "diff": 751.0984449999996
 }
}