{
 "single": {
  "first": 1705.5374259999999,
  "second": 2400.923909,
  "diff": 695.3864830000002
 },
 "multi": {
  "first": 2401.811654,
  "second": 3217.8985549999998,
  "diff": 816.0869009999997
 }
}