{
 "single": {
  "first": 1597.485334,
  "second": 2251.586145,
  "diff": 654.1008110000002
 },
 "multi": {
  "first": 2252.455219,
  "second": 2978.577979,
  "diff": 726.1227600000002
 }
}