{
 "single": {
  "first": 603.98659,
  "second": 751.505004,
  "diff": 147.518414
 },
 "multi": {
  "first": 752.450302,
  "second": 1191.309272,
  "diff": 438.85897
 }
}