{
 "single": {
  "first": 600.618587,
  "second": 749.038607,
  "diff": 148.4200199999999
 },
 "multi": {
  "first": 749.883244,
  "second": 1531.053474,
  "diff": 781.1702300000001
 }
}