{
 "single": {
  "first": 601.178863,
  "second": 748.315483,
  "diff": 147.13662
 },
 "multi": {
  "first": 749.177128,
  "second": 1300.405037,
  "diff": 551.227909
 }
}