{
 "single": {
  "first": 597.96371,
  "second": 745.387965,
  "diff": 147.42425500000002
 },
 "multi": {
  "first": 746.448138,
  "second": 1527.5735989999998,
  "diff": 781.1254609999999
 }
}