{
 "single": {
  "first": 611.898587,
  "second": 775.792746,
  "diff": 163.89415899999995
 },
 "multi": {
  "first": 776.684938,
  "second": 1842.6405340000001,
  "diff": 1065.9555960000002
 }
}