{
 "single": {
  "first": 569.680057,
  "second": 714.623308,
  "diff": 144.94325099999992
 },
 "multi": {
  "first": 715.63009,
  "second": 1249.417564,
  "diff": 533.7874740000001
 }
}