{
 "single": {
  "first": 572.449219,
  "second": 714.558082,
  "diff": 142.10886300000004
 },
 "multi": {
  "first": 715.400458,
  "second": 1373.512236,
  "diff": 658.1117780000001
 }
}