{
 "single": {
  "first": 595.488081,
  "second": 741.380732,
  "diff": 145.892651
 },
 "multi": {
  "first": 742.258988,
  "second": 1426.970456,
  "diff": 684.711468
 }
}