{
 "single": {
  "first": 608.539218,
  "second": 752.38035,
  "diff": 143.84113200000002
 },
 "multi": {
  "first": 753.486269,
  "second": 1326.938374,
  "diff": 573.4521050000001
 }
}