{
 "single": {
  "first": 597.652683,
  "second": 743.743474,
  "diff": 146.09079099999997
 },
 "multi": {
  "first": 744.612804,
  "second": 1166.319424,
  "diff": 421.70662000000004
 }
}