{
 "single": {
  "first": 12451.72333,
  "second": 19071.991081,
  "diff": 6620.267750999999
 },
 "multi": {
  "first": 19072.845703,
  "second": 21973.539784,
  "diff": 2900.6940810000015
 }
}