{
 "single": {
  "first": 13066.295443,
  "second": 20320.416972,
  "diff": 7254.121528999998
 },
 "multi": {
  "first": 20321.299364,
  "second": 24138.983333,
  "diff": 3817.6839690000015
 }
}