{
 "single": {
  "first": 12261.22166,
  "second": 18878.819869,
  "diff": 6617.598209
 },
 "multi": {
  "first": 18879.736833,
  "second": 22230.674796,
  "diff": 3350.9379630000003
 }
}