{
 "single": {
  "first": 11985.969461,
  "second": 18559.110927,
  "diff": 6573.141466000001
 },
 "multi": {
  "first": 18560.000323,
  "second": 21957.077964,
  "diff": 3397.077641
 }
}