{
 "single": {
  "first": 12521.785081,
  "second": 19210.174157,
  "diff": 6688.389076000001
 },
 "multi": {
  "first": 19211.054472,
  "second": 22827.209615,
  "diff": 3616.155143
 }
}