{
 "single": {
  "first": 12465.429458,
  "second": 19008.955663,
  "diff": 6543.526205
 },
 "multi": {
  "first": 19009.820189,
  "second": 22120.238795,
  "diff": 3110.418606000003
 }
}