{
 "single": {
  "first": 11531.280407,
  "second": 18059.019712,
  "diff": 6527.739305000001
 },
 "multi": {
  "first": 18060.034124,
  "second": 21577.445737000002,
  "diff": 3517.411613
 }
}