{
 "single": {
  "first": 12125.22504,
  "second": 18617.199163,
  "diff": 6491.974123000002
 },
 "multi": {
  "first": 18618.115588,
  "second": 21958.931685,
  "diff": 3340.816096999999
 }
}