{
 "single": {
  "first": 11844.204578,
  "second": 18358.810746,
  "diff": 6514.606167999998
 },
 "multi": {
  "first": 18359.663557,
  "second": 21391.785036,
  "diff": 3032.1214790000013
 }
}