{
 "single": {
  "first": 11979.476581,
  "second": 18495.171446,
  "diff": 6515.6948649999995
 },
 "multi": {
  "first": 18496.031563,
  "second": 23677.43835,
  "diff": 5181.406787
 }
}