{
 "single": {
  "first": 4314.952816,
  "second": 6567.938342,
  "diff": 2252.9855260000004
 },
 "multi": {
  "first": 6569.134486,
  "second": 8257.152531,
  "diff": 1688.0180449999998
 }
}