{
 "single": {
  "first": 3893.145048,
  "second": 5939.4079679999995,
  "diff": 2046.2629199999997
 },
 "multi": {
  "first": 5940.366565,
  "second": 7240.152474,
  "diff": 1299.7859090000002
 }
}