{
 "single": {
  "first": 4237.188946,
  "second": 6337.047665,
  "diff": 2099.858719
 },
 "multi": {
  "first": 6338.194137,
  "second": 7883.412548,
  "diff": 1545.2184109999998
 }
}