{
 "single": {
  "first": 4329.509359,
  "second": 6478.330661,
  "diff": 2148.8213020000003
 },
 "multi": {
  "first": 6479.198533,
  "second": 7893.618349,
  "diff": 1414.4198160000005
 }
}