{
 "single": {
  "first": 4282.308802,
  "second": 6468.685688,
  "diff": 2186.376886
 },
 "multi": {
  "first": 6469.542195,
  "second": 7894.255582,
  "diff": 1424.7133869999998
 }
}