{
 "single": {
  "first": 4209.129428,
  "second": 6283.119886,
  "diff": 2073.990458
 },
 "multi": {
  "first": 6284.037349,
  "second": 7697.4410960000005,
  "diff": 1413.4037470000003
 }
}