{
 "single": {
  "first": 4345.872119,
  "second": 6713.880212,
  "diff": 2368.0080930000004
 },
 "multi": {
  "first": 6716.766078,
  "second": 7987.022136,
  "diff": 1270.256058
 }
}