{
 "single": {
  "first": 4340.1975330000005,
  "second": 6408.740694,
  "diff": 2068.5431609999996
 },
 "multi": {
  "first": 6409.899148,
  "second": 7800.250727,
  "diff": 1390.3515789999992
 }
}