{
 "single": {
  "first": 4161.679081,
  "second": 6464.32309,
  "diff": 2302.6440089999996
 },
 "multi": {
  "first": 6465.275864,
  "second": 8249.122387,
  "diff": 1783.8465229999993
 }
}