{
 "single": {
  "first": 4345.613755,
  "second": 6673.256503,
  "diff": 2327.6427479999993
 },
 "multi": {
  "first": 6674.481341,
  "second": 8294.667457,
  "diff": 1620.1861159999999
 }
}