{
 "single": {
  "first": 15334.115189,
  "second": 23539.668996,
  "diff": 8205.553807
 },
 "multi": {
  "first": 23540.53008,
  "second": 28741.579509,
  "diff": 5201.049428999999
 }
}