{
 "single": {
  "first": 15011.109744,
  "second": 23319.469606,
  "diff": 8308.359862
 },
 "multi": {
  "first": 23320.418595,
  "second": 28283.092266,
  "diff": 4962.6736710000005
 }
}