{
 "single": {
  "first": 15332.143733,
  "second": 23911.982993999998,
  "diff": 8579.839260999997
 },
 "multi": {
  "first": 23912.83541,
  "second": 28984.994941,
  "diff": 5072.159531000001
 }
}