{
 "single": {
  "first": 15134.531074,
  "second": 24016.233602,
  "diff": 8881.702528
 },
 "multi": {
  "first": 24017.279299,
  "second": 29017.801725,
  "diff": 5000.5224259999995
 }
}