{
 "single": {
  "first": 14654.968089,
  "second": 22887.722305,
  "diff": 8232.754216
 },
 "multi": {
  "first": 22888.543773,
  "second": 28525.030346,
  "diff": 5636.486572999998
 }
}