{
 "single": {
  "first": 15184.701255,
  "second": 23064.75466,
  "diff": 7880.053404999999
 },
 "multi": {
  "first": 23065.67608,
  "second": 27729.237256,
  "diff": 4663.561175999999
 }
}