{
 "single": {
  "first": 14881.614848,
  "second": 23468.320712,
  "diff": 8586.705864000001
 },
 "multi": {
  "first": 23469.203063,
  "second": 28039.702051,
  "diff": 4570.498987999999
 }
}