{
 "single": {
  "first": 15179.91536,
  "second": 23554.539567,
  "diff": 8374.624206999999
 },
 "multi": {
  "first": 23555.381649,
  "second": 28604.407635,
  "diff": 5049.025986000001
 }
}