{
 "single": {
  "first": 14663.009808,
  "second": 23165.160148,
  "diff": 8502.150339999998
 },
 "multi": {
  "first": 23166.017398,
  "second": 28462.87266,
  "diff": 5296.855262000001
 }
}