{
 "single": {
  "first": 15323.590299,
  "second": 23513.910883,
  "diff": 8190.320584000001
 },
 "multi": {
  "first": 23514.824547,
  "second": 28602.81092,
  "diff": 5087.986373
 }
}