{
 "single": {
  "first": 12569.310423,
  "second": 20453.698305,
  "diff": 7884.387882000001
 },
 "multi": {
  "first": 20454.620432,
  "second": 23433.099737,
  "diff": 2978.4793050000007
 }
}