{
 "single": {
  "first": 13128.520248,
  "second": 20811.555114,
  "diff": 7683.034865999998
 },
 "multi": {
  "first": 20812.458179,
  "second": 23679.098956,
  "diff": 2866.6407770000005
 }
}