{
 "single": {
  "first": 12493.17242,
  "second": 19654.032877,
  "diff": 7160.860457000001
 },
 "multi": {
  "first": 19654.924376,
  "second": 22184.910387,
  "diff": 2529.986011000001
 }
}