{
 "single": {
  "first": 12551.716726999999,
  "second": 19448.20887,
  "diff": 6896.4921429999995
 },
 "multi": {
  "first": 19449.119048,
  "second": 22125.183367,
  "diff": 2676.064319000001
 }
}