{
 "single": {
  "first": 12813.410102,
  "second": 19655.886886,
  "diff": 6842.476784
 },
 "multi": {
  "first": 19656.729437,
  "second": 22355.789881,
  "diff": 2699.060443999999
 }
}