{
 "single": {
  "first": 12194.209345,
  "second": 18752.6716,
  "diff": 6558.462255000002
 },
 "multi": {
  "first": 18753.610475,
  "second": 21430.097461,
  "diff": 2676.486986
 }
}