{
 "single": {
  "first": 12163.154102,
  "second": 18727.68616,
  "diff": 6564.532058000001
 },
 "multi": {
  "first": 18728.57821,
  "second": 21441.819821,
  "diff": 2713.2416110000013
 }
}