{
 "single": {
  "first": 12447.998307,
  "second": 19026.233119,
  "diff": 6578.234812000001
 },
 "multi": {
  "first": 19027.128393,
  "second": 21642.348936,
  "diff": 2615.2205429999995
 }
}