{
 "single": {
  "first": 12935.725127,
  "second": 19923.276746,
  "diff": 6987.551619
 },
 "multi": {
  "first": 19924.144607,
  "second": 22747.120274,
  "diff": 2822.9756670000024
 }
}