{
 "single": {
  "first": 12582.494121,
  "second": 20101.008268,
  "diff": 7518.514147000002
 },
 "multi": {
  "first": 20102.004967,
  "second": 22957.487574,
  "diff": 2855.482606999998
 }
}