{
 "single": {
  "first": 776.221775,
  "second": 1032.01079,
  "diff": 255.78901500000006
 },
 "multi": {
  "first": 1032.910223,
  "second": 1339.858005,
  "diff": 306.94778199999996
 }
}