{
 "single": {
  "first": 838.990212,
  "second": 1094.897341,
  "diff": 255.90712900000005
 },
 "multi": {
  "first": 1095.783272,
  "second": 1527.514479,
  "diff": 431.73120700000004
 }
}