{
 "single": {
  "first": 802.430751,
  "second": 1054.645643,
  "diff": 252.21489200000008
 },
 "multi": {
  "first": 1055.470504,
  "second": 1472.958067,
  "diff": 417.48756300000014
 }
}