{
 "single": {
  "first": 845.382162,
  "second": 1098.251284,
  "diff": 252.86912199999995
 },
 "multi": {
  "first": 1099.106936,
  "second": 1415.688788,
  "diff": 316.581852
 }
}