{
 "single": {
  "first": 832.022391,
  "second": 1088.798104,
  "diff": 256.775713
 },
 "multi": {
  "first": 1089.633149,
  "second": 1632.4961939999998,
  "diff": 542.8630449999998
 }
}