{
 "single": {
  "first": 841.832753,
  "second": 1102.054155,
  "diff": 260.221402
 },
 "multi": {
  "first": 1102.886757,
  "second": 1544.240685,
  "diff": 441.353928
 }
}