{
 "single": {
  "first": 837.409857,
  "second": 1093.81096,
  "diff": 256.40110300000003
 },
 "multi": {
  "first": 1094.65927,
  "second": 1392.625633,
  "diff": 297.966363
 }
}