{
 "single": {
  "first": 790.351635,
  "second": 1039.088535,
  "diff": 248.7369000000001
 },
 "multi": {
  "first": 1039.923417,
  "second": 1449.21639,
  "diff": 409.2929730000001
 }
}