{
 "single": {
  "first": 789.809878,
  "second": 1041.491518,
  "diff": 251.68164000000002
 },
 "multi": {
  "first": 1042.328659,
  "second": 1434.371555,
  "diff": 392.0428959999999
 }
}