{
 "single": {
  "first": 789.94658,
  "second": 1043.782219,
  "diff": 253.8356389999999
 },
 "multi": {
  "first": 1044.63074,
  "second": 1351.637261,
  "diff": 307.006521
 }
}