{
 "single": {
  "first": 28309.265409,
  "second": 43709.849654,
  "diff": 15400.584244999998
 },
 "multi": {
  "first": 43710.678786,
  "second": 49012.797587,
  "diff": 5302.118801000004
 }
}