{
 "single": {
  "first": 34293.116468,
  "second": 50038.360389,
  "diff": 15745.243921000001
 },
 "multi": {
  "first": 50039.317031,
  "second": 55739.880241,
  "diff": 5700.56321
 }
}