{
 "single": {
  "first": 27029.330643,
  "second": 42079.325397,
  "diff": 15049.994754
 },
 "multi": {
  "first": 42080.424777,
  "second": 47608.875743,
  "diff": 5528.450965999997
 }
}