{
 "single": {
  "first": 26595.494989,
  "second": 41970.533638,
  "diff": 15375.038649000002
 },
 "multi": {
  "first": 41971.467299,
  "second": 47385.703747,
  "diff": 5414.236447999996
 }
}