{
 "single": {
  "first": 28277.447387,
  "second": 43319.540373,
  "diff": 15042.092986000003
 },
 "multi": {
  "first": 43320.389442,
  "second": 48557.823123,
  "diff": 5237.433681000002
 }
}