{
 "single": {
  "first": 28299.37019,
  "second": 43498.268353,
  "diff": 15198.898162999998
 },
 "multi": {
  "first": 43499.100028,
  "second": 48675.743659,
  "diff": 5176.643630999999
 }
}