{
 "single": {
  "first": 27545.432776,
  "second": 42766.279037,
  "diff": 15220.846260999999
 },
 "multi": {
  "first": 42767.217905,
  "second": 48621.747602,
  "diff": 5854.529697000005
 }
}