{
 "single": {
  "first": 27083.588166,
  "second": 42468.225351,
  "diff": 15384.637185
 },
 "multi": {
  "first": 42469.063645,
  "second": 47841.875299,
  "diff": 5372.811653999997
 }
}