{
 "single": {
  "first": 28342.513185,
  "second": 43752.959978,
  "diff": 15410.446793
 },
 "multi": {
  "first": 43753.858186,
  "second": 48977.95802,
  "diff": 5224.099834000001
 }
}