{
 "single": {
  "first": 27828.571264,
  "second": 42784.231241,
  "diff": 14955.659977000003
 },
 "multi": {
  "first": 42785.070152,
  "second": 48059.954469,
  "diff": 5274.884316999996
 }
}