{
 "single": {
  "first": 18161.80429,
  "second": 27842.473098,
  "diff": 9680.668807999999
 },
 "multi": {
  "first": 27843.295278,
  "second": 36999.248439,
  "diff": 9155.953161000001
 }
}