{
 "single": {
  "first": 18144.732818,
  "second": 27587.714141,
  "diff": 9442.981323
 },
 "multi": {
  "first": 27589.082307,
  "second": 36836.470818,
  "diff": 9247.388511000001
 }
}