{
 "single": {
  "first": 18139.475031,
  "second": 28399.695946,
  "diff": 10260.220914999998
 },
 "multi": {
  "first": 28400.727472,
  "second": 39104.966389,
  "diff": 10704.238917000002
 }
}