{
 "single": {
  "first": 17857.155269,
  "second": 27818.726059,
  "diff": 9961.570790000002
 },
 "multi": {
  "first": 27819.680237,
  "second": 37083.418699,
  "diff": 9263.738462000001
 }
}