{
 "single": {
  "first": 17638.682294,
  "second": 27965.155342,
  "diff": 10326.473048
 },
 "multi": {
  "first": 27966.223965,
  "second": 37724.979089,
  "diff": 9758.755124
 }
}