{
 "single": {
  "first": 17543.202188,
  "second": 28183.912742,
  "diff": 10640.710554000001
 },
 "multi": {
  "first": 28184.932056999998,
  "second": 37959.712384,
  "diff": 9774.780327
 }
}