{
 "single": {
  "first": 18238.807639,
  "second": 28524.723567,
  "diff": 10285.915928000002
 },
 "multi": {
  "first": 28525.782252,
  "second": 38647.745066,
  "diff": 10121.962814000002
 }
}