{
 "single": {
  "first": 18306.420789,
  "second": 28704.332451,
  "diff": 10397.911661999999
 },
 "multi": {
  "first": 28705.359574,
  "second": 38833.412101,
  "diff": 10128.052527000003
 }
}