{
 "single": {
  "first": 17773.007098000002,
  "second": 28195.084096,
  "diff": 10422.076997999997
 },
 "multi": {
  "first": 28195.995902,
  "second": 38118.707344,
  "diff": 9922.711442000003
 }
}