{
 "single": {
  "first": 17866.528162,
  "second": 27458.869678,
  "diff": 9592.341516
 },
 "multi": {
  "first": 27459.719615,
  "second": 37302.403001,
  "diff": 9842.683385999997
 }
}