{
 "single": {
  "first": 18343.860468,
  "second": 28994.241713,
  "diff": 10650.381245
 },
 "multi": {
  "first": 28995.252481,
  "second": 32773.217053,
  "diff": 3777.9645720000008
 }
}