{
 "single": {
  "first": 18516.924046,
  "second": 29064.297703,
  "diff": 10547.373657
 },
 "multi": {
  "first": 29065.357463,
  "second": 33042.541841,
  "diff": 3977.184377999998
 }
}