{
 "single": {
  "first": 18484.009694,
  "second": 29339.737453,
  "diff": 10855.727759000001
 },
 "multi": {
  "first": 29340.691934,
  "second": 33074.325702,
  "diff": 3733.6337680000033
 }
}