{
 "single": {
  "first": 17523.685845,
  "second": 28118.608759,
  "diff": 10594.922913999999
 },
 "multi": {
  "first": 28119.694912,
  "second": 32120.994894,
  "diff": 4001.2999820000005
 }
}