{
 "single": {
  "first": 18368.379449,
  "second": 28758.787707,
  "diff": 10390.408258
 },
 "multi": {
  "first": 28759.801639,
  "second": 32524.632901,
  "diff": 3764.8312619999997
 }
}