{
 "single": {
  "first": 18037.521513,
  "second": 28792.347195,
  "diff": 10754.825681999999
 },
 "multi": {
  "first": 28793.354565,
  "second": 33182.398173,
  "diff": 4389.043608
 }
}