{
 "single": {
  "first": 17939.365283,
  "second": 28985.679926,
  "diff": 11046.314643000002
 },
 "multi": {
  "first": 28986.705871,
  "second": 33485.419796,
  "diff": 4498.713925000004
 }
}