{
 "single": {
  "first": 18118.304227,
  "second": 28523.731655,
  "diff": 10405.427427999999
 },
 "multi": {
  "first": 28524.657342,
  "second": 32195.034395,
  "diff": 3670.377053
 }
}