{
 "single": {
  "first": 18281.852447,
  "second": 28301.512535,
  "diff": 10019.660088
 },
 "multi": {
  "first": 28302.489042,
  "second": 31964.357552,
  "diff": 3661.8685100000002
 }
}