{
 "single": {
  "first": 18607.406705,
  "second": 29201.365558,
  "diff": 10593.958853
 },
 "multi": {
  "first": 29202.276163,
  "second": 33495.951982,
  "diff": 4293.675819
 }
}