{
 "single": {
  "first": 421.11775,
  "second": 433.109162,
  "diff": 11.991412000000025
 },
 "multi": {
  "first": 434.16393,
  "second": 561.793271,
  "diff": 127.62934100000001
 }
}