{
 "single": {
  "first": 4427.497514,
  "second": 6961.237667,
  "diff": 2533.7401530000006
 },
 "multi": {
  "first": 6962.291013,
  "second": 8479.248933,
  "diff": 1516.9579200000007
 }
}