{
 "single": {
  "first": 5507.454809,
  "second": 8145.231396,
  "diff": 2637.7765870000003
 },
 "multi": {
  "first": 8146.126617,
  "second": 9872.50538,
  "diff": 1726.3787630000006
 }
}