{
 "single": {
  "first": 7090.364246,
  "second": 11087.620055,
  "diff": 3997.2558089999993
 },
 "multi": {
  "first": 11089.073569,
  "second": 13432.62301,
  "diff": 2343.549440999999
 }
}