{
 "single": {
  "first": 8318.596382,
  "second": 12876.108897,
  "diff": 4557.512515
 },
 "multi": {
  "first": 12876.985716,
  "second": 15816.46098,
  "diff": 2939.4752640000006
 }
}