{
 "single": {
  "first": 11731.179093,
  "second": 18022.187574,
  "diff": 6291.008480999999
 },
 "multi": {
  "first": 18023.212713,
  "second": 22135.220074,
  "diff": 4112.007361
 }
}