{
 "single": {
  "first": 12613.329565,
  "second": 20059.581271,
  "diff": 7446.251705999999
 },
 "multi": {
  "first": 20060.515797,
  "second": 24575.501122,
  "diff": 4514.9853250000015
 }
}