{
 "single": {
  "first": 15444.430119,
  "second": 24233.111544,
  "diff": 8788.681424999999
 },
 "multi": {
  "first": 24234.1645,
  "second": 29624.368654,
  "diff": 5390.204154000003
 }
}