{
 "single": {
  "first": 18565.108337,
  "second": 28378.538682,
  "diff": 9813.430344999997
 },
 "multi": {
  "first": 28379.47286,
  "second": 34457.849401,
  "diff": 6078.376540999998
 }
}