{
 "single": {
  "first": 20598.168675,
  "second": 31776.421317,
  "diff": 11178.252642
 },
 "multi": {
  "first": 31777.298979,
  "second": 38608.345364,
  "diff": 6831.0463850000015
 }
}