{
 "single": {
  "first": 25180.356072,
  "second": 38344.994633,
  "diff": 13164.638561000003
 },
 "multi": {
  "first": 38345.910437,
  "second": 46698.378801,
  "diff": 8352.468364
 }
}