{
 "single": {
  "first": 406.618363,
  "second": 448.72345,
  "diff": 42.105087000000026
 },
 "multi": {
  "first": 449.836229,
  "second": 731.206005,
  "diff": 281.369776
 }
}