{
 "single": {
  "first": 28199.112261,
  "second": 43226.451825,
  "diff": 15027.339563999998
 },
 "multi": {
  "first": 43227.28373,
  "second": 52831.554267,
  "diff": 9604.270536999997
 }
}