{
 "single": {
  "first": 32756.496226,
  "second": 53090.830415,
  "diff": 20334.334188999997
 },
 "multi": {
  "first": 53091.903592,
  "second": 65290.335284,
  "diff": 12198.431691999998
 }
}