{
 "single": {
  "first": 38646.836049,
  "second": 59714.536522,
  "diff": 21067.700473000004
 },
 "multi": {
  "first": 59715.490625,
  "second": 72068.799585,
  "diff": 12353.308960000002
 }
}