{
 "single": {
  "first": 43145.021816,
  "second": 68492.602011,
  "diff": 25347.580194999995
 },
 "multi": {
  "first": 68493.680549,
  "second": 82616.018038,
  "diff": 14122.337488999998
 }
}