{
 "single": {
  "first": 50602.95517,
  "second": 79117.354325,
  "diff": 28514.399154999992
 },
 "multi": {
  "first": 79118.398935,
  "second": 94742.536807,
  "diff": 15624.137871999992
 }
}