{
 "single": {
  "first": 53853.328664,
  "second": 84683.825579,
  "diff": 30830.496914999996
 },
 "multi": {
  "first": 84684.761689,
  "second": 101975.915135,
  "diff": 17291.153445999997
 }
}