{
 "single": {
  "first": 461.00777,
  "second": 538.432579,
  "diff": 77.42480900000004
 },
 "multi": {
  "first": 539.338239,
  "second": 723.831782,
  "diff": 184.49354299999993
 }
}