{
 "single": {
  "first": 608.975714,
  "second": 755.201354,
  "diff": 146.22564
 },
 "multi": {
  "first": 756.085631,
  "second": 1077.77309,
  "diff": 321.6874589999999
 }
}