{
 "single": {
  "first": 411.650267,
  "second": 417.822652,
  "diff": 6.17238500000002
 },
 "multi": {
  "first": 418.825093,
  "second": 534.896652,
  "diff": 116.07155900000004
 }
}