{
 "single": {
  "first": 845.694108,
  "second": 1103.269311,
  "diff": 257.575203
 },
 "multi": {
  "first": 1104.136842,
  "second": 1490.771108,
  "diff": 386.634266
 }
}