{
 "single": {
  "first": 1189.914746,
  "second": 1612.466234,
  "diff": 422.55148800000006
 },
 "multi": {
  "first": 1613.3368540000001,
  "second": 2118.121248,
  "diff": 504.7843939999998
 }
}