{
 "single": {
  "first": 1594.232484,
  "second": 2257.668526,
  "diff": 663.4360419999998
 },
 "multi": {
  "first": 2258.64529,
  "second": 2770.74509,
  "diff": 512.0998
 }
}