{
 "single": {
  "first": 2253.923667,
  "second": 3253.046422,
  "diff": 999.1227549999999
 },
 "multi": {
  "first": 3253.922273,
  "second": 4016.041077,
  "diff": 762.1188039999997
 }
}