{
 "single": {
  "first": 3043.201083,
  "second": 4514.538246,
  "diff": 1471.3371630000001
 },
 "multi": {
  "first": 4515.413881,
  "second": 5514.658565,
  "diff": 999.2446839999993
 }
}