{
 "single": {
  "first": 6803.217964,
  "second": 10354.180994,
  "diff": 3550.96303
 },
 "multi": {
  "first": 10355.90408,
  "second": 12275.522485,
  "diff": 1919.6184049999993
 }
}