{
 "single": {
  "first": 6178.621347,
  "second": 9584.465698,
  "diff": 3405.8443509999997
 },
 "multi": {
  "first": 9585.366561,
  "second": 11288.420081,
  "diff": 1703.0535199999995
 }
}