{
 "single": {
  "first": 6258.422451,
  "second": 9649.753406,
  "diff": 3391.3309549999994
 },
 "multi": {
  "first": 9650.614314,
  "second": 11068.707528,
  "diff": 1418.0932140000004
 }
}