{
 "single": {
  "first": 6338.964144,
  "second": 9733.144408,
  "diff": 3394.1802640000005
 },
 "multi": {
  "first": 9734.18056,
  "second": 11152.37824,
  "diff": 1418.1976799999993
 }
}