{
 "single": {
  "first": 6429.783869,
  "second": 9876.386204,
  "diff": 3446.6023350000005
 },
 "multi": {
  "first": 9877.385626,
  "second": 11542.613552,
  "diff": 1665.2279260000014
 }
}