{
 "single": {
  "first": 6619.993405,
  "second": 9971.354918,
  "diff": 3351.3615130000007
 },
 "multi": {
  "first": 9972.263958,
  "second": 11614.82006,
  "diff": 1642.5561020000005
 }
}