{
 "single": {
  "first": 6275.208173,
  "second": 9661.192002,
  "diff": 3385.983829
 },
 "multi": {
  "first": 9662.102139999999,
  "second": 11241.85621,
  "diff": 1579.7540700000009
 }
}