{
 "single": {
  "first": 6168.387521,
  "second": 9542.240971,
  "diff": 3373.8534499999996
 },
 "multi": {
  "first": 9543.117777,
  "second": 11109.922956,
  "diff": 1566.8051790000009
 }
}