{
 "single": {
  "first": 6719.98195,
  "second": 10083.942483,
  "diff": 3363.9605330000004
 },
 "multi": {
  "first": 10084.796706,
  "second": 11541.866595,
  "diff": 1457.0698890000003
 }
}