{
 "single": {
  "first": 6144.262897,
  "second": 9569.773518,
  "diff": 3425.5106210000004
 },
 "multi": {
  "first": 9570.713815,
  "second": 11149.868237,
  "diff": 1579.1544220000014
 }
}