{
 "single": {
  "first": 383.932511,
  "second": 389.366779,
  "diff": 5.434268000000031
 },
 "multi": {
  "first": 390.148014,
  "second": 618.021049,
  "diff": 227.87303499999996
 }
}