{
 "single": {
  "first": 364.147529,
  "second": 369.397656,
  "diff": 5.250126999999964
 },
 "multi": {
  "first": 370.181238,
  "second": 593.879649,
  "diff": 223.69841099999996
 }
}