{
 "single": {
  "first": 373.627546,
  "second": 378.777942,
  "diff": 5.150396000000001
 },
 "multi": {
  "first": 379.557252,
  "second": 603.862937,
  "diff": 224.30568499999998
 }
}