{
 "single": {
  "first": 376.219896,
  "second": 381.402904,
  "diff": 5.1830079999999725
 },
 "multi": {
  "first": 382.171188,
  "second": 799.315001,
  "diff": 417.1438130000001
 }
}