{
 "single": {
  "first": 360.593478,
  "second": 365.700233,
  "diff": 5.106755000000021
 },
 "multi": {
  "first": 366.460346,
  "second": 599.788848,
  "diff": 233.32850200000001
 }
}