{
 "single": {
  "first": 380.33918,
  "second": 385.384067,
  "diff": 5.044887000000017
 },
 "multi": {
  "first": 386.201433,
  "second": 604.799491,
  "diff": 218.59805799999998
 }
}