{
 "single": {
  "first": 382.848067,
  "second": 387.959008,
  "diff": 5.110940999999968
 },
 "multi": {
  "first": 388.706193,
  "second": 615.623408,
  "diff": 226.91721500000006
 }
}