{
 "single": {
  "first": 376.809267,
  "second": 381.781148,
  "diff": 4.971880999999996
 },
 "multi": {
  "first": 382.557589,
  "second": 613.38946,
  "diff": 230.83187099999998
 }
}