{
 "single": {
  "first": 368.102636,
  "second": 372.972807,
  "diff": 4.870170999999971
 },
 "multi": {
  "first": 373.728911,
  "second": 601.864637,
  "diff": 228.13572600000003
 }
}