{
 "single": {
  "first": 386.960848,
  "second": 392.047426,
  "diff": 5.0865779999999745
 },
 "multi": {
  "first": 392.895049,
  "second": 608.509573,
  "diff": 215.61452400000007
 }
}