{
 "single": {
  "first": 1650.512122,
  "second": 2324.557009,
  "diff": 674.044887
 },
 "multi": {
  "first": 2325.396581,
  "second": 2984.302097,
  "diff": 658.9055159999998
 }
}