{
 "single": {
  "first": 1532.823032,
  "second": 2195.80689,
  "diff": 662.9838579999998
 },
 "multi": {
  "first": 2196.928659,
  "second": 2764.828438,
  "diff": 567.8997789999999
 }
}