{
 "single": {
  "first": 1588.745613,
  "second": 2246.889947,
  "diff": 658.1443340000001
 },
 "multi": {
  "first": 2247.708078,
  "second": 2684.629172,
  "diff": 436.9210939999998
 }
}