{
 "single": {
  "first": 1588.55946,
  "second": 2344.36542,
  "diff": 755.8059600000001
 },
 "multi": {
  "first": 2345.225039,
  "second": 2927.204908,
  "diff": 581.9798690000002
 }
}