{
 "single": {
  "first": 1729.363177,
  "second": 2380.705589,
  "diff": 651.3424120000002
 },
 "multi": {
  "first": 2381.534928,
  "second": 3167.147481,
  "diff": 785.6125529999999
 }
}