{
 "single": {
  "first": 1857.351504,
  "second": 2713.553902,
  "diff": 856.2023980000001
 },
 "multi": {
  "first": 2714.477867,
  "second": 3244.555369,
  "diff": 530.0775020000001
 }
}