{
 "single": {
  "first": 1814.832489,
  "second": 2511.91165,
  "diff": 697.0791610000001
 },
 "multi": {
  "first": 2512.754976,
  "second": 3129.890822,
  "diff": 617.1358459999997
 }
}