{
 "single": {
  "first": 1703.0020789999999,
  "second": 2395.540003,
  "diff": 692.5379240000002
 },
 "multi": {
  "first": 2396.412111,
  "second": 3209.103188,
  "diff": 812.691077
 }
}