{
 "single": {
  "first": 1673.480412,
  "second": 2333.03345,
  "diff": 659.553038
 },
 "multi": {
  "first": 2334.081148,
  "second": 3009.398887,
  "diff": 675.3177389999996
 }
}