{
 "single": {
  "first": 1596.399866,
  "second": 2246.113612,
  "diff": 649.7137460000001
 },
 "multi": {
  "first": 2246.997969,
  "second": 2684.4008320000003,
  "diff": 437.40286300000025
 }
}