{
 "single": {
  "first": 12271.861175,
  "second": 18846.236369,
  "diff": 6574.375193999998
 },
 "multi": {
  "first": 18847.147161,
  "second": 22731.995767,
  "diff": 3884.8486059999996
 }
}