{
 "single": {
  "first": 12410.933423,
  "second": 18953.828323,
  "diff": 6542.894900000001
 },
 "multi": {
  "first": 18954.692725,
  "second": 22938.003055,
  "diff": 3983.3103300000002
 }
}