{
 "single": {
  "first": 12225.922617,
  "second": 18873.452376,
  "diff": 6647.529759000001
 },
 "multi": {
  "first": 18874.33721,
  "second": 23027.343379,
  "diff": 4153.006169
 }
}