{
 "single": {
  "first": 11934.892865,
  "second": 18573.274581,
  "diff": 6638.381716000002
 },
 "multi": {
  "first": 18574.144746,
  "second": 22821.963461,
  "diff": 4247.818714999998
 }
}