{
 "single": {
  "first": 12305.296618,
  "second": 18959.66933,
  "diff": 6654.372712
 },
 "multi": {
  "first": 18960.644685,
  "second": 23150.629647,
  "diff": 4189.984962000002
 }
}