{
 "single": {
  "first": 11973.633536,
  "second": 18636.455394,
  "diff": 6662.821858000001
 },
 "multi": {
  "first": 18637.373765,
  "second": 22500.512786,
  "diff": 3863.139020999999
 }
}