{
 "single": {
  "first": 12355.923713,
  "second": 19069.660674,
  "diff": 6713.736960999999
 },
 "multi": {
  "first": 19070.533152,
  "second": 23298.909718,
  "diff": 4228.376565999999
 }
}