{
 "single": {
  "first": 12591.563979,
  "second": 19234.811565,
  "diff": 6643.2475859999995
 },
 "multi": {
  "first": 19235.691761,
  "second": 23550.883104,
  "diff": 4315.191343000002
 }
}