{
 "single": {
  "first": 12501.760342,
  "second": 19137.205488,
  "diff": 6635.445146
 },
 "multi": {
  "first": 19138.116647,
  "second": 23541.485531,
  "diff": 4403.3688839999995
 }
}