{
 "single": {
  "first": 11329.77609,
  "second": 17832.702385,
  "diff": 6502.926295000001
 },
 "multi": {
  "first": 17833.787586,
  "second": 21734.130821,
  "diff": 3900.3432350000003
 }
}