{
 "single": {
  "first": 2337.389836,
  "second": 3354.938794,
  "diff": 1017.5489580000003
 },
 "multi": {
  "first": 3355.787923,
  "second": 4019.243786,
  "diff": 663.4558630000001
 }
}