{
 "single": {
  "first": 2587.8632669999997,
  "second": 3711.510691,
  "diff": 1123.6474240000002
 },
 "multi": {
  "first": 3712.671622,
  "second": 4507.240685,
  "diff": 794.5690629999999
 }
}