{
 "single": {
  "first": 2377.568379,
  "second": 3421.161027,
  "diff": 1043.5926480000003
 },
 "multi": {
  "first": 3422.104837,
  "second": 4217.066266,
  "diff": 794.961429
 }
}