{
 "single": {
  "first": 2375.6379230000002,
  "second": 3370.379406,
  "diff": 994.7414829999998
 },
 "multi": {
  "first": 3371.25723,
  "second": 4165.266675,
  "diff": 794.0094449999997
 }
}