{
 "single": {
  "first": 2292.428651,
  "second": 3359.167927,
  "diff": 1066.7392759999998
 },
 "multi": {
  "first": 3360.075893,
  "second": 4132.982941,
  "diff": 772.907048
 }
}