{
 "single": {
  "first": 2314.081825,
  "second": 3486.4285449999998,
  "diff": 1172.3467199999996
 },
 "multi": {
  "first": 3488.103805,
  "second": 4296.515781,
  "diff": 808.4119759999999
 }
}