{
 "single": {
  "first": 2279.721063,
  "second": 3324.55934,
  "diff": 1044.8382769999998
 },
 "multi": {
  "first": 3325.685896,
  "second": 4040.996021,
  "diff": 715.310125
 }
}