{
 "single": {
  "first": 2364.037655,
  "second": 3491.704938,
  "diff": 1127.6672829999998
 },
 "multi": {
  "first": 3492.568334,
  "second": 4244.552234,
  "diff": 751.9838999999997
 }
}