{
 "single": {
  "first": 2512.792401,
  "second": 3685.5576849999998,
  "diff": 1172.7652839999996
 },
 "multi": {
  "first": 3686.804847,
  "second": 4496.338854,
  "diff": 809.5340069999997
 }
}