{
 "single": {
  "first": 2391.417012,
  "second": 3453.827934,
  "diff": 1062.410922
 },
 "multi": {
  "first": 3454.691279,
  "second": 4350.313874,
  "diff": 895.6225950000003
 }
}