{
 "single": {
  "first": 28650.705268,
  "second": 43815.331281,
  "diff": 15164.626012999997
 },
 "multi": {
  "first": 43816.179954,
  "second": 51268.563672,
  "diff": 7452.383717999997
 }
}