{
 "single": {
  "first": 28560.548728,
  "second": 45771.202838,
  "diff": 17210.654109999996
 },
 "multi": {
  "first": 45772.366353,
  "second": 53459.977827,
  "diff": 7687.611474000005
 }
}