{
 "single": {
  "first": 27382.277358,
  "second": 43374.278669,
  "diff": 15992.001311
 },
 "multi": {
  "first": 43375.202045,
  "second": 51692.315189,
  "diff": 8317.113144000003
 }
}