{
 "single": {
  "first": 29773.084929,
  "second": 46383.180076,
  "diff": 16610.095146999996
 },
 "multi": {
  "first": 46384.195557,
  "second": 56300.634022,
  "diff": 9916.438465
 }
}