{
 "single": {
  "first": 29342.827611,
  "second": 44598.54358,
  "diff": 15255.715968999997
 },
 "multi": {
  "first": 44599.445249,
  "second": 51893.305022,
  "diff": 7293.859773000004
 }
}