{
 "single": {
  "first": 29047.19186,
  "second": 46613.389446,
  "diff": 17566.197586000002
 },
 "multi": {
  "first": 46614.360454,
  "second": 54503.83001,
  "diff": 7889.469555999996
 }
}