{
 "single": {
  "first": 29760.253083,
  "second": 47144.573812,
  "diff": 17384.320729000003
 },
 "multi": {
  "first": 47145.584577,
  "second": 55578.212212,
  "diff": 8432.627634999997
 }
}