{
 "single": {
  "first": 29468.640251,
  "second": 46936.031885,
  "diff": 17467.391633999996
 },
 "multi": {
  "first": 46937.193643,
  "second": 54706.140385,
  "diff": 7768.946742
 }
}