{
 "single": {
  "first": 29353.869344,
  "second": 47167.448007,
  "diff": 17813.578663
 },
 "multi": {
  "first": 47168.460879,
  "second": 54988.438652,
  "diff": 7819.977772999999
 }
}