{
 "single": {
  "first": 29229.078097,
  "second": 47003.748796,
  "diff": 17774.670699
 },
 "multi": {
  "first": 47004.79406,
  "second": 54850.566479,
  "diff": 7845.772419000001
 }
}