{
 "single": {
  "first": 838.698754,
  "second": 1091.902283,
  "diff": 253.2035289999999
 },
 "multi": {
  "first": 1093.013926,
  "second": 1461.434905,
  "diff": 368.420979
 }
}