{
 "single": {
  "first": 779.043222,
  "second": 1037.636517,
  "diff": 258.5932949999999
 },
 "multi": {
  "first": 1038.521473,
  "second": 1409.615202,
  "diff": 371.09372899999994
 }
}