{
 "single": {
  "first": 820.949577,
  "second": 1071.926981,
  "diff": 250.9774040000001
 },
 "multi": {
  "first": 1072.776559,
  "second": 1408.957251,
  "diff": 336.18069200000014
 }
}