{
 "single": {
  "first": 775.806496,
  "second": 1027.780832,
  "diff": 251.97433599999988
 },
 "multi": {
  "first": 1028.78787,
  "second": 1454.270407,
  "diff": 425.48253699999987
 }
}