{
 "single": {
  "first": 834.359751,
  "second": 1093.539371,
  "diff": 259.1796200000001
 },
 "multi": {
  "first": 1094.40336,
  "second": 1459.3327669999999,
  "diff": 364.92940699999986
 }
}