{
 "single": {
  "first": 835.328112,
  "second": 1095.966152,
  "diff": 260.63803999999993
 },
 "multi": {
  "first": 1096.945657,
  "second": 1472.367002,
  "diff": 375.421345
 }
}