{
 "single": {
  "first": 836.659696,
  "second": 1099.4359690000001,
  "diff": 262.77627300000006
 },
 "multi": {
  "first": 1100.267932,
  "second": 1575.946195,
  "diff": 475.678263
 }
}