{
 "single": {
  "first": 818.467906,
  "second": 1071.490823,
  "diff": 253.02291700000012
 },
 "multi": {
  "first": 1072.353558,
  "second": 1439.357481,
  "diff": 367.003923
 }
}