{
 "single": {
  "first": 842.591279,
  "second": 1095.884823,
  "diff": 253.2935440000001
 },
 "multi": {
  "first": 1096.741108,
  "second": 1473.128522,
  "diff": 376.38741400000004
 }
}