{
 "single": {
  "first": 795.005669,
  "second": 1051.686356,
  "diff": 256.6806869999999
 },
 "multi": {
  "first": 1052.549745,
  "second": 1385.34643,
  "diff": 332.796685
 }
}