{
 "single": {
  "first": 18501.721519,
  "second": 28558.424519,
  "diff": 10056.703000000001
 },
 "multi": {
  "first": 28559.271382,
  "second": 33115.353619,
  "diff": 4556.082237000002
 }
}