{
 "single": {
  "first": 17833.748556,
  "second": 27180.823279,
  "diff": 9347.074723000002
 },
 "multi": {
  "first": 27181.678357,
  "second": 31808.153955,
  "diff": 4626.475598000001
 }
}