{
 "single": {
  "first": 20972.496161,
  "second": 32175.518471,
  "diff": 11203.02231
 },
 "multi": {
  "first": 32176.408736,
  "second": 36727.05514,
  "diff": 4550.6464039999955
 }
}