{
 "single": {
  "first": 18616.789501,
  "second": 28651.594963,
  "diff": 10034.805462
 },
 "multi": {
  "first": 28652.699846,
  "second": 33595.144107,
  "diff": 4942.444261000001
 }
}