{
 "single": {
  "first": 18682.639761,
  "second": 31210.88372,
  "diff": 12528.243959000003
 },
 "multi": {
  "first": 31211.799908,
  "second": 36162.007875,
  "diff": 4950.207967000002
 }
}