{
 "single": {
  "first": 21331.324091,
  "second": 33238.305111,
  "diff": 11906.981020000003
 },
 "multi": {
  "first": 33239.509733,
  "second": 39362.09958,
  "diff": 6122.589847000003
 }
}