{
 "single": {
  "first": 18589.978057,
  "second": 27960.264775,
  "diff": 9370.286718
 },
 "multi": {
  "first": 27961.108091,
  "second": 32267.43172,
  "diff": 4306.323629000002
 }
}