{
 "single": {
  "first": 17861.880384,
  "second": 27382.193968,
  "diff": 9520.313584
 },
 "multi": {
  "first": 27383.180053,
  "second": 31970.649225,
  "diff": 4587.469172000001
 }
}