{
 "single": {
  "first": 17565.421682,
  "second": 26936.990869,
  "diff": 9371.569187000001
 },
 "multi": {
  "first": 26937.860069,
  "second": 31377.615849,
  "diff": 4439.755780000003
 }
}