{
 "single": {
  "first": 17617.662521,
  "second": 27745.306598,
  "diff": 10127.644077
 },
 "multi": {
  "first": 27746.162297,
  "second": 32334.446201,
  "diff": 4588.283904
 }
}