{
 "single": {
  "first": 2330.22279,
  "second": 3488.960943,
  "diff": 1158.7381530000002
 },
 "multi": {
  "first": 3489.9511780000003,
  "second": 4555.257309,
  "diff": 1065.3061309999994
 }
}