{
 "single": {
  "first": 2335.507056,
  "second": 3490.493482,
  "diff": 1154.986426
 },
 "multi": {
  "first": 3491.521076,
  "second": 4559.769295,
  "diff": 1068.248219
 }
}