{
 "single": {
  "first": 2515.18609,
  "second": 3664.03932,
  "diff": 1148.8532299999997
 },
 "multi": {
  "first": 3664.9731739999997,
  "second": 4442.317311,
  "diff": 777.344137
 }
}