{
 "single": {
  "first": 2439.561992,
  "second": 3852.990641,
  "diff": 1413.428649
 },
 "multi": {
  "first": 3853.993456,
  "second": 5008.440285,
  "diff": 1154.4468289999995
 }
}