{
 "single": {
  "first": 2596.476407,
  "second": 4032.053534,
  "diff": 1435.577127
 },
 "multi": {
  "first": 4034.191143,
  "second": 5722.410668,
  "diff": 1688.2195250000004
 }
}