{
 "single": {
  "first": 2654.961801,
  "second": 3889.800481,
  "diff": 1234.8386800000003
 },
 "multi": {
  "first": 3890.748727,
  "second": 5293.610322,
  "diff": 1402.8615950000003
 }
}