{
 "single": {
  "first": 2707.548365,
  "second": 4042.76406,
  "diff": 1335.2156949999999
 },
 "multi": {
  "first": 4043.806737,
  "second": 5174.264556,
  "diff": 1130.4578190000002
 }
}