{
 "single": {
  "first": 2480.252534,
  "second": 3677.961639,
  "diff": 1197.709105
 },
 "multi": {
  "first": 3678.890542,
  "second": 4934.735949,
  "diff": 1255.8454069999998
 }
}