{
 "single": {
  "first": 2424.380558,
  "second": 3656.8534019999997,
  "diff": 1232.472844
 },
 "multi": {
  "first": 3657.946459,
  "second": 4606.028302,
  "diff": 948.0818429999999
 }
}