{
 "single": {
  "first": 2327.417083,
  "second": 3349.515424,
  "diff": 1022.0983410000003
 },
 "multi": {
  "first": 3350.462912,
  "second": 4680.383054,
  "diff": 1329.920142
 }
}