{
 "single": {
  "first": 596.281384,
  "second": 743.659249,
  "diff": 147.37786500000004
 },
 "multi": {
  "first": 744.528161,
  "second": 1096.755383,
  "diff": 352.227222
 }
}