{
 "single": {
  "first": 623.196561,
  "second": 771.503087,
  "diff": 148.30652600000008
 },
 "multi": {
  "first": 772.377416,
  "second": 1344.366547,
  "diff": 571.989131
 }
}