{
 "single": {
  "first": 607.555449,
  "second": 758.308039,
  "diff": 150.75259000000005
 },
 "multi": {
  "first": 759.202066,
  "second": 995.35734,
  "diff": 236.15527400000008
 }
}