{
 "single": {
  "first": 566.831494,
  "second": 707.237531,
  "diff": 140.40603699999997
 },
 "multi": {
  "first": 708.075057,
  "second": 1138.816942,
  "diff": 430.7418849999999
 }
}