{
 "single": {
  "first": 607.088075,
  "second": 753.743258,
  "diff": 146.65518299999997
 },
 "multi": {
  "first": 754.913606,
  "second": 1228.255723,
  "diff": 473.34211700000003
 }
}