{
 "single": {
  "first": 596.963134,
  "second": 744.433186,
  "diff": 147.470052
 },
 "multi": {
  "first": 745.289377,
  "second": 982.397397,
  "diff": 237.10802
 }
}