{
 "single": {
  "first": 597.805822,
  "second": 743.769182,
  "diff": 145.96335999999997
 },
 "multi": {
  "first": 744.682817,
  "second": 1236.380968,
  "diff": 491.69815099999994
 }
}