{
 "single": {
  "first": 603.397377,
  "second": 754.580308,
  "diff": 151.18293099999994
 },
 "multi": {
  "first": 755.430811,
  "second": 1234.371006,
  "diff": 478.94019500000013
 }
}