{
 "single": {
  "first": 604.477669,
  "second": 748.923581,
  "diff": 144.44591200000002
 },
 "multi": {
  "first": 749.811464,
  "second": 1456.008846,
  "diff": 706.197382
 }
}