{
 "single": {
  "first": 599.750483,
  "second": 746.001915,
  "diff": 146.25143200000002
 },
 "multi": {
  "first": 746.944727,
  "second": 1234.278721,
  "diff": 487.33399399999996
 }
}