{
 "single": {
  "first": 388.956566,
  "second": 397.378438,
  "diff": 8.421872000000008
 },
 "multi": {
  "first": 398.274899,
  "second": 590.392823,
  "diff": 192.11792400000002
 }
}