{
 "single": {
  "first": 4021.224218,
  "second": 6035.718617,
  "diff": 2014.4943990000006
 },
 "multi": {
  "first": 6036.721589,
  "second": 7191.072837,
  "diff": 1154.351248
 }
}