{
 "single": {
  "first": 5543.742897,
  "second": 8752.743933,
  "diff": 3209.0010359999997
 },
 "multi": {
  "first": 8753.671112,
  "second": 10583.932008,
  "diff": 1830.2608959999998
 }
}