{
 "single": {
  "first": 6839.407562,
  "second": 10395.849212,
  "diff": 3556.441649999999
 },
 "multi": {
  "first": 10396.768649,
  "second": 11998.947578,
  "diff": 1602.1789289999997
 }
}