{
 "single": {
  "first": 8582.709541,
  "second": 13400.432472,
  "diff": 4817.722931
 },
 "multi": {
  "first": 13401.368055,
  "second": 15414.581026,
  "diff": 2013.212970999999
 }
}