{
 "single": {
  "first": 10485.270672999999,
  "second": 16650.035956,
  "diff": 6164.765283000001
 },
 "multi": {
  "first": 16651.096019,
  "second": 18925.643715,
  "diff": 2274.547695999998
 }
}