{
 "single": {
  "first": 13240.251653,
  "second": 20277.876972,
  "diff": 7037.625318999999
 },
 "multi": {
  "first": 20278.786981,
  "second": 23070.398714,
  "diff": 2791.611732999998
 }
}