{
 "single": {
  "first": 15287.117634,
  "second": 24342.711646,
  "diff": 9055.594012
 },
 "multi": {
  "first": 24343.614382,
  "second": 27601.390485,
  "diff": 3257.776103
 }
}