{
 "single": {
  "first": 17944.553665,
  "second": 27725.526232,
  "diff": 9780.972567
 },
 "multi": {
  "first": 27726.410242,
  "second": 31095.689531,
  "diff": 3369.2792889999982
 }
}