{
 "single": {
  "first": 20640.038065,
  "second": 31870.711101,
  "diff": 11230.673036
 },
 "multi": {
  "first": 31871.59036,
  "second": 35664.578002,
  "diff": 3792.9876420000037
 }
}