{
 "single": {
  "first": 24202.588347,
  "second": 37214.207715,
  "diff": 13011.619367999996
 },
 "multi": {
  "first": 37215.059311,
  "second": 41702.863786,
  "diff": 4487.8044750000045
 }
}