{
 "single": {
  "first": 395.593658,
  "second": 432.857474,
  "diff": 37.26381600000002
 },
 "multi": {
  "first": 433.782857,
  "second": 713.694927,
  "diff": 279.91207
 }
}