{
 "single": {
  "first": 28088.364758,
  "second": 43099.353727,
  "diff": 15010.988969000002
 },
 "multi": {
  "first": 43100.214691,
  "second": 48053.264032,
  "diff": 4953.049340999998
 }
}