{
 "single": {
  "first": 35714.752824,
  "second": 56380.14905,
  "diff": 20665.396225999997
 },
 "multi": {
  "first": 56381.196606,
  "second": 63627.738792,
  "diff": 7246.542185999999
 }
}