{
 "single": {
  "first": 39952.154398,
  "second": 62998.210981,
  "diff": 23046.056582999998
 },
 "multi": {
  "first": 63000.058571,
  "second": 70326.231459,
  "diff": 7326.172888000001
 }
}