{
 "single": {
  "first": 44616.992576,
  "second": 69873.700533,
  "diff": 25256.707957
 },
 "multi": {
  "first": 69874.58317,
  "second": 78075.04717,
  "diff": 8200.464000000007
 }
}