{
 "single": {
  "first": 50246.714154,
  "second": 78812.634941,
  "diff": 28565.920786999995
 },
 "multi": {
  "first": 78813.59503,
  "second": 87684.52298,
  "diff": 8870.927949999998
 }
}