{
 "single": {
  "first": 56490.053754,
  "second": 90022.464449,
  "diff": 33532.410695000006
 },
 "multi": {
  "first": 90023.520353,
  "second": 100883.785937,
  "diff": 10860.265583999993
 }
}