{
 "single": {
  "first": 467.665323,
  "second": 547.979242,
  "diff": 80.313919
 },
 "multi": {
  "first": 548.913322,
  "second": 858.978184,
  "diff": 310.06486200000006
 }
}