{
 "single": {
  "first": 649.554644,
  "second": 812.360699,
  "diff": 162.8060549999999
 },
 "multi": {
  "first": 813.394101,
  "second": 1415.3875170000001,
  "diff": 601.9934160000001
 }
}