{
 "single": {
  "first": 480.260687,
  "second": 487.098154,
  "diff": 6.837467000000004
 },
 "multi": {
  "first": 488.082554,
  "second": 719.410343,
  "diff": 231.327789
 }
}