{
 "single": {
  "first": 854.553801,
  "second": 1109.12975,
  "diff": 254.57594900000004
 },
 "multi": {
  "first": 1110.043978,
  "second": 1603.545697,
  "diff": 493.5017190000001
 }
}