{
 "single": {
  "first": 1178.947537,
  "second": 1640.94798,
  "diff": 462.0004429999999
 },
 "multi": {
  "first": 1641.8306400000001,
  "second": 2593.096736,
  "diff": 951.2660959999998
 }
}