{
 "single": {
  "first": 1656.6025319999999,
  "second": 2320.038797,
  "diff": 663.4362650000003
 },
 "multi": {
  "first": 2320.923152,
  "second": 3007.292254,
  "diff": 686.3691020000001
 }
}