{
 "single": {
  "first": 2311.701677,
  "second": 3359.905957,
  "diff": 1048.20428
 },
 "multi": {
  "first": 3360.787182,
  "second": 4062.065153,
  "diff": 701.277971
 }
}