{
 "single": {
  "first": 3085.660133,
  "second": 4527.238521,
  "diff": 1441.5783880000004
 },
 "multi": {
  "first": 4528.124968,
  "second": 5430.91155,
  "diff": 902.7865819999997
 }
}