{
 "single": {
  "first": 382.866165,
  "second": 387.762475,
  "diff": 4.896309999999971
 },
 "multi": {
  "first": 388.505734,
  "second": 581.632839,
  "diff": 193.12710499999997
 }
}