{
 "single": {
  "first": 370.985626,
  "second": 376.410079,
  "diff": 5.424452999999971
 },
 "multi": {
  "first": 377.217579,
  "second": 577.262355,
  "diff": 200.04477599999996
 }
}