{
 "single": {
  "first": 380.884843,
  "second": 386.017319,
  "diff": 5.132475999999997
 },
 "multi": {
  "first": 386.803475,
  "second": 593.854374,
  "diff": 207.05089900000002
 }
}