{
 "single": {
  "first": 390.579477,
  "second": 396.470028,
  "diff": 5.890551000000016
 },
 "multi": {
  "first": 397.26406,
  "second": 604.803175,
  "diff": 207.53911500000004
 }
}