{
 "single": {
  "first": 368.936651,
  "second": 374.176656,
  "diff": 5.2400049999999965
 },
 "multi": {
  "first": 374.930917,
  "second": 580.699075,
  "diff": 205.76815799999997
 }
}