{
 "single": {
  "first": 382.561512,
  "second": 387.381316,
  "diff": 4.819804000000033
 },
 "multi": {
  "first": 388.163144,
  "second": 590.805638,
  "diff": 202.64249400000006
 }
}