{
 "single": {
  "first": 372.020551,
  "second": 377.932906,
  "diff": 5.912354999999991
 },
 "multi": {
  "first": 378.747014,
  "second": 595.489586,
  "diff": 216.74257200000005
 }
}