{
 "single": {
  "first": 383.465717,
  "second": 388.641953,
  "diff": 5.176236000000017
 },
 "multi": {
  "first": 389.369346,
  "second": 589.902773,
  "diff": 200.53342700000002
 }
}