{
 "single": {
  "first": 385.923196,
  "second": 390.89338,
  "diff": 4.970183999999961
 },
 "multi": {
  "first": 391.660822,
  "second": 609.478509,
  "diff": 217.81768700000003
 }
}