{
 "single": {
  "first": 373.722611,
  "second": 379.149792,
  "diff": 5.427181000000019
 },
 "multi": {
  "first": 379.983037,
  "second": 684.818452,
  "diff": 304.83541499999995
 }
}