{
 "single": {
  "first": 4174.498302,
  "second": 6171.840579,
  "diff": 1997.3422769999997
 },
 "multi": {
  "first": 6172.712101,
  "second": 7471.530873,
  "diff": 1298.8187719999996
 }
}