{
 "single": {
  "first": 4184.096549,
  "second": 6383.646096,
  "diff": 2199.5495470000005
 },
 "multi": {
  "first": 6384.764195,
  "second": 7664.386715,
  "diff": 1279.62252
 }
}