{
 "single": {
  "first": 3970.374801,
  "second": 6075.533023,
  "diff": 2105.158222
 },
 "multi": {
  "first": 6076.532549,
  "second": 7245.499609,
  "diff": 1168.9670600000009
 }
}