{
 "single": {
  "first": 3729.969432,
  "second": 5683.817945,
  "diff": 1953.848513
 },
 "multi": {
  "first": 5684.673079,
  "second": 6872.670685,
  "diff": 1187.997606
 }
}