{
 "single": {
  "first": 4056.586994,
  "second": 6245.347899,
  "diff": 2188.7609050000005
 },
 "multi": {
  "first": 6246.385558,
  "second": 7316.779766,
  "diff": 1070.3942079999997
 }
}