{
 "single": {
  "first": 4336.960895,
  "second": 6462.020954,
  "diff": 2125.0600589999995
 },
 "multi": {
  "first": 6463.039744,
  "second": 7926.756549,
  "diff": 1463.716805
 }
}