{
 "single": {
  "first": 4277.047659,
  "second": 6455.102062,
  "diff": 2178.054403
 },
 "multi": {
  "first": 6455.964296,
  "second": 7687.475954,
  "diff": 1231.5116579999994
 }
}