{
 "single": {
  "first": 4249.476381,
  "second": 6458.080355,
  "diff": 2208.6039739999997
 },
 "multi": {
  "first": 6458.97704,
  "second": 7554.465365,
  "diff": 1095.4883250000003
 }
}