{
 "single": {
  "first": 4028.09089,
  "second": 6300.894992,
  "diff": 2272.8041019999996
 },
 "multi": {
  "first": 6302.052027,
  "second": 7701.774236,
  "diff": 1399.7222090000005
 }
}