{
 "single": {
  "first": 4274.594285,
  "second": 6566.952584,
  "diff": 2292.3582989999995
 },
 "multi": {
  "first": 6568.018487,
  "second": 8081.351985,
  "diff": 1513.333498
 }
}