{
 "single": {
  "first": 7696.000104,
  "second": 12047.904648,
  "diff": 4351.904544
 },
 "multi": {
  "first": 12048.748141,
  "second": 14760.046281,
  "diff": 2711.298140000001
 }
}