{
 "single": {
  "first": 7583.520251,
  "second": 11898.580062,
  "diff": 4315.059811000001
 },
 "multi": {
  "first": 11899.424798,
  "second": 14726.260047,
  "diff": 2826.8352489999997
 }
}