{
 "single": {
  "first": 7741.187928,
  "second": 12018.463133,
  "diff": 4277.275204999999
 },
 "multi": {
  "first": 12019.359001,
  "second": 15055.508052,
  "diff": 3036.1490509999985
 }
}