{
 "single": {
  "first": 7833.200574,
  "second": 12148.819256,
  "diff": 4315.618682
 },
 "multi": {
  "first": 12149.702091,
  "second": 15386.84671,
  "diff": 3237.1446190000006
 }
}