{
 "single": {
  "first": 7777.733582,
  "second": 12097.781508,
  "diff": 4320.047926
 },
 "multi": {
  "first": 12098.689474,
  "second": 14879.652801,
  "diff": 2780.9633269999995
 }
}