{
 "single": {
  "first": 8004.555625,
  "second": 12317.539574,
  "diff": 4312.983949
 },
 "multi": {
  "first": 12318.450654,
  "second": 15123.155156,
  "diff": 2804.7045020000005
 }
}