{
 "single": {
  "first": 8411.349627,
  "second": 12761.145596,
  "diff": 4349.795969000001
 },
 "multi": {
  "first": 12762.0201,
  "second": 15809.61148,
  "diff": 3047.59138
 }
}