{
 "single": {
  "first": 7708.799063,
  "second": 11975.953628,
  "diff": 4267.154564999999
 },
 "multi": {
  "first": 11976.82979,
  "second": 14745.317136,
  "diff": 2768.487346
 }
}