{
 "single": {
  "first": 7716.880316,
  "second": 12007.638306,
  "diff": 4290.757990000001
 },
 "multi": {
  "first": 12008.549006,
  "second": 14616.461755,
  "diff": 2607.912749000001
 }
}