{
 "single": {
  "first": 8179.73792,
  "second": 12499.679427,
  "diff": 4319.941507
 },
 "multi": {
  "first": 12500.551362,
  "second": 15316.687871,
  "diff": 2816.136509
 }
}