{
 "single": {
  "first": 5188.089965,
  "second": 8006.257677,
  "diff": 2818.1677119999995
 },
 "multi": {
  "first": 8007.277937,
  "second": 10717.123612,
  "diff": 2709.8456749999996
 }
}