{
 "single": {
  "first": 5508.912182,
  "second": 8302.096216,
  "diff": 2793.184034
 },
 "multi": {
  "first": 8302.990544,
  "second": 11011.180429,
  "diff": 2708.189885
 }
}