{
 "single": {
  "first": 4956.78823,
  "second": 7556.2684229999995,
  "diff": 2599.4801929999994
 },
 "multi": {
  "first": 7557.167669,
  "second": 10054.494591,
  "diff": 2497.326922
 }
}