{
 "single": {
  "first": 5246.152015,
  "second": 8092.236728,
  "diff": 2846.084713
 },
 "multi": {
  "first": 8093.132159,
  "second": 11165.992291,
  "diff": 3072.8601320000007
 }
}