{
 "single": {
  "first": 5675.548216,
  "second": 8420.580688,
  "diff": 2745.032472
 },
 "multi": {
  "first": 8421.497066,
  "second": 11332.509519,
  "diff": 2911.0124529999994
 }
}