{
 "single": {
  "first": 5126.721331,
  "second": 8107.577519,
  "diff": 2980.8561880000007
 },
 "multi": {
  "first": 8108.632664,
  "second": 11007.605815,
  "diff": 2898.973151000001
 }
}