{
 "single": {
  "first": 5536.296446,
  "second": 8592.267983,
  "diff": 3055.9715369999994
 },
 "multi": {
  "first": 8593.276277,
  "second": 11278.928946,
  "diff": 2685.652668999999
 }
}