{
 "single": {
  "first": 5499.365738,
  "second": 8201.851674,
  "diff": 2702.485935999999
 },
 "multi": {
  "first": 8202.684762,
  "second": 10726.268729,
  "diff": 2523.5839669999987
 }
}