{
 "single": {
  "first": 5261.801621,
  "second": 7968.070493,
  "diff": 2706.2688720000006
 },
 "multi": {
  "first": 7968.919486,
  "second": 10479.978174,
  "diff": 2511.058688
 }
}