{
 "single": {
  "first": 5379.907559,
  "second": 8484.046982,
  "diff": 3104.1394229999996
 },
 "multi": {
  "first": 8485.452277,
  "second": 11285.242027,
  "diff": 2799.78975
 }
}