{
 "single": {
  "first": 15142.702238,
  "second": 24065.072443,
  "diff": 8922.370205000001
 },
 "multi": {
  "first": 24065.968508,
  "second": 32320.700699,
  "diff": 8254.732191
 }
}