{
 "single": {
  "first": 15081.498432,
  "second": 23290.752624,
  "diff": 8209.254192
 },
 "multi": {
  "first": 23291.663531,
  "second": 31557.477231,
  "diff": 8265.813700000002
 }
}