{
 "single": {
  "first": 16081.92243,
  "second": 25407.377189,
  "diff": 9325.454758999998
 },
 "multi": {
  "first": 25408.41781,
  "second": 33914.36048,
  "diff": 8505.942670000004
 }
}