{
 "single": {
  "first": 14959.977799,
  "second": 22916.565985,
  "diff": 7956.588186000001
 },
 "multi": {
  "first": 22917.461253,
  "second": 30893.944524,
  "diff": 7976.483270999997
 }
}