{
 "single": {
  "first": 15792.665795,
  "second": 24447.450535,
  "diff": 8654.78474
 },
 "multi": {
  "first": 24448.505398,
  "second": 32515.539364,
  "diff": 8067.033965999999
 }
}