{
 "single": {
  "first": 15740.497122,
  "second": 23811.40386,
  "diff": 8070.906737999998
 },
 "multi": {
  "first": 23812.400864,
  "second": 31787.437472,
  "diff": 7975.036608000002
 }
}