{
 "single": {
  "first": 15479.821094,
  "second": 24105.102544,
  "diff": 8625.28145
 },
 "multi": {
  "first": 24106.171271,
  "second": 32621.631885,
  "diff": 8515.460614
 }
}