{
 "single": {
  "first": 15037.697667,
  "second": 23436.881853,
  "diff": 8399.184185999999
 },
 "multi": {
  "first": 23437.77007,
  "second": 31414.302919,
  "diff": 7976.532849000003
 }
}