{
 "single": {
  "first": 15237.193972,
  "second": 24288.829042,
  "diff": 9051.635070000002
 },
 "multi": {
  "first": 24289.832711,
  "second": 32549.624622,
  "diff": 8259.791911
 }
}