{
 "single": {
  "first": 15123.77806,
  "second": 23365.67435,
  "diff": 8241.89629
 },
 "multi": {
  "first": 23366.87229,
  "second": 31426.329677,
  "diff": 8059.457387000002
 }
}