{
 "single": {
  "first": 1174.97366,
  "second": 1585.01487,
  "diff": 410.04120999999986
 },
 "multi": {
  "first": 1585.84211,
  "second": 2148.877421,
  "diff": 563.0353110000001
 }
}