{
 "single": {
  "first": 1168.908577,
  "second": 1583.367043,
  "diff": 414.45846600000004
 },
 "multi": {
  "first": 1584.247577,
  "second": 2308.04669,
  "diff": 723.799113
 }
}