{
 "single": {
  "first": 1165.723914,
  "second": 1586.323073,
  "diff": 420.5991590000001
 },
 "multi": {
  "first": 1587.3208,
  "second": 2195.293914,
  "diff": 607.9731139999999
 }
}