{
 "single": {
  "first": 1159.0668660000001,
  "second": 1571.7036819999998,
  "diff": 412.6368159999997
 },
 "multi": {
  "first": 1572.5298870000001,
  "second": 2420.173935,
  "diff": 847.6440479999997
 }
}