{
 "single": {
  "first": 1214.575648,
  "second": 1659.891716,
  "diff": 445.3160680000001
 },
 "multi": {
  "first": 1660.8288400000001,
  "second": 2631.661545,
  "diff": 970.8327049999998
 }
}