{
 "single": {
  "first": 1260.5588010000001,
  "second": 1725.16453,
  "diff": 464.6057289999999
 },
 "multi": {
  "first": 1726.032683,
  "second": 2331.702099,
  "diff": 605.6694160000002
 }
}