{
 "single": {
  "first": 1190.870363,
  "second": 1615.526977,
  "diff": 424.656614
 },
 "multi": {
  "first": 1616.4510850000001,
  "second": 2552.560536,
  "diff": 936.1094509999998
 }
}