{
 "single": {
  "first": 1205.572052,
  "second": 1626.4463540000002,
  "diff": 420.87430200000017
 },
 "multi": {
  "first": 1627.316021,
  "second": 2327.690178,
  "diff": 700.3741569999997
 }
}