{
 "single": {
  "first": 1169.179245,
  "second": 1593.3345960000001,
  "diff": 424.1553510000001
 },
 "multi": {
  "first": 1594.230234,
  "second": 2438.653328,
  "diff": 844.4230939999998
 }
}