{
 "single": {
  "first": 1182.804305,
  "second": 1599.223812,
  "diff": 416.41950699999984
 },
 "multi": {
  "first": 1600.073118,
  "second": 2000.774033,
  "diff": 400.7009149999999
 }
}