{
 "single": {
  "first": 592.738107,
  "second": 740.017405,
  "diff": 147.27929800000004
 },
 "multi": {
  "first": 740.989398,
  "second": 994.569205,
  "diff": 253.57980699999996
 }
}