{
 "single": {
  "first": 599.82644,
  "second": 747.954001,
  "diff": 148.1275609999999
 },
 "multi": {
  "first": 748.828903,
  "second": 998.684423,
  "diff": 249.85552000000007
 }
}