{
 "single": {
  "first": 602.80987,
  "second": 750.625918,
  "diff": 147.8160479999999
 },
 "multi": {
  "first": 751.496077,
  "second": 1008.196532,
  "diff": 256.70045500000003
 }
}