{
 "single": {
  "first": 575.240912,
  "second": 724.09282,
  "diff": 148.85190799999998
 },
 "multi": {
  "first": 725.189116,
  "second": 995.902456,
  "diff": 270.71334
 }
}