{
 "single": {
  "first": 664.270383,
  "second": 811.365195,
  "diff": 147.09481199999993
 },
 "multi": {
  "first": 812.260897,
  "second": 1070.040059,
  "diff": 257.7791619999999
 }
}