{
 "single": {
  "first": 579.736921,
  "second": 719.63435,
  "diff": 139.897429
 },
 "multi": {
  "first": 720.526798,
  "second": 981.885024,
  "diff": 261.35822600000006
 }
}