{
 "single": {
  "first": 594.253759,
  "second": 739.513389,
  "diff": 145.25963000000002
 },
 "multi": {
  "first": 740.415663,
  "second": 997.95479,
  "diff": 257.539127
 }
}