{
 "single": {
  "first": 597.219802,
  "second": 744.888607,
  "diff": 147.66880500000002
 },
 "multi": {
  "first": 745.766611,
  "second": 995.325433,
  "diff": 249.55882199999996
 }
}