{
 "single": {
  "first": 620.923683,
  "second": 766.6485,
  "diff": 145.72481700000003
 },
 "multi": {
  "first": 767.518184,
  "second": 1017.607773,
  "diff": 250.08958899999993
 }
}