{
 "single": {
  "first": 604.130987,
  "second": 751.363211,
  "diff": 147.23222399999997
 },
 "multi": {
  "first": 752.219254,
  "second": 1008.291688,
  "diff": 256.07243400000004
 }
}