{
 "single": {
  "first": 830.062898,
  "second": 1088.919915,
  "diff": 258.8570169999999
 },
 "multi": {
  "first": 1089.767427,
  "second": 1504.226404,
  "diff": 414.458977
 }
}