{
 "single": {
  "first": 831.72468,
  "second": 1086.986512,
  "diff": 255.2618319999999
 },
 "multi": {
  "first": 1087.847551,
  "second": 1627.735928,
  "diff": 539.888377
 }
}