{
 "single": {
  "first": 828.012874,
  "second": 1082.400661,
  "diff": 254.3877869999999
 },
 "multi": {
  "first": 1083.271993,
  "second": 1496.794185,
  "diff": 413.5221919999999
 }
}