{
 "single": {
  "first": 779.324202,
  "second": 1026.277443,
  "diff": 246.95324099999993
 },
 "multi": {
  "first": 1027.096519,
  "second": 1592.5590849999999,
  "diff": 565.4625659999999
 }
}