{
 "single": {
  "first": 878.913387,
  "second": 1139.251239,
  "diff": 260.337852
 },
 "multi": {
  "first": 1140.106296,
  "second": 1831.0488810000002,
  "diff": 690.9425850000002
 }
}