{
 "single": {
  "first": 836.285784,
  "second": 1089.05968,
  "diff": 252.77389600000004
 },
 "multi": {
  "first": 1089.890912,
  "second": 1639.909243,
  "diff": 550.018331
 }
}