{
 "single": {
  "first": 834.518456,
  "second": 1090.272494,
  "diff": 255.75403800000004
 },
 "multi": {
  "first": 1091.126177,
  "second": 1505.9501129999999,
  "diff": 414.8239359999998
 }
}