{
 "single": {
  "first": 778.596462,
  "second": 1039.628104,
  "diff": 261.0316419999999
 },
 "multi": {
  "first": 1040.505173,
  "second": 1486.554517,
  "diff": 446.049344
 }
}