{
 "single": {
  "first": 816.390094,
  "second": 1067.413706,
  "diff": 251.02361200000007
 },
 "multi": {
  "first": 1068.247592,
  "second": 1491.966034,
  "diff": 423.7184420000001
 }
}