{
 "single": {
  "first": 835.276376,
  "second": 1102.0783040000001,
  "diff": 266.8019280000001
 },
 "multi": {
  "first": 1102.938519,
  "second": 1565.51313,
  "diff": 462.574611
 }
}