{
 "single": {
  "first": 28160.18674,
  "second": 43445.427833,
  "diff": 15285.241093
 },
 "multi": {
  "first": 43446.278011,
  "second": 58401.853752,
  "diff": 14955.575741
 }
}