{
 "single": {
  "first": 29881.753471,
  "second": 47214.589269,
  "diff": 17332.835797999996
 },
 "multi": {
  "first": 47215.710339,
  "second": 63243.797609,
  "diff": 16028.087270000004
 }
}