{
 "single": {
  "first": 27927.527926,
  "second": 43251.065986,
  "diff": 15323.538060000003
 },
 "multi": {
  "first": 43252.207447,
  "second": 57984.007779,
  "diff": 14731.800331999999
 }
}