{
 "single": {
  "first": 28057.049191,
  "second": 43373.954244,
  "diff": 15316.905053000002
 },
 "multi": {
  "first": 43374.913902,
  "second": 58239.221547,
  "diff": 14864.307645
 }
}