{
 "single": {
  "first": 28136.821213,
  "second": 43687.344803,
  "diff": 15550.52359
 },
 "multi": {
  "first": 43688.247168,
  "second": 58592.6687,
  "diff": 14904.421532
 }
}