{
 "single": {
  "first": 28352.301207,
  "second": 43708.140425,
  "diff": 15355.839217999997
 },
 "multi": {
  "first": 43709.128739,
  "second": 58579.907773,
  "diff": 14870.779034
 }
}