{
 "single": {
  "first": 28032.846805,
  "second": 43238.793916,
  "diff": 15205.947111000001
 },
 "multi": {
  "first": 43239.72516,
  "second": 57926.101775,
  "diff": 14686.376615000001
 }
}