{
 "single": {
  "first": 27997.719208,
  "second": 47143.239093,
  "diff": 19145.519884999998
 },
 "multi": {
  "first": 47144.193092,
  "second": 64271.028276,
  "diff": 17126.835183999996
 }
}