{
 "single": {
  "first": 29617.614125,
  "second": 46404.818871,
  "diff": 16787.204746000003
 },
 "multi": {
  "first": 46405.751966,
  "second": 62383.375682,
  "diff": 15977.623715999995
 }
}