{
 "single": {
  "first": 29990.814847,
  "second": 47382.5127,
  "diff": 17391.697852999998
 },
 "multi": {
  "first": 47383.562611,
  "second": 62912.717629,
  "diff": 15529.155017999998
 }
}