{
 "single": {
  "first": 10621.260116,
  "second": 16105.938144,
  "diff": 5484.678028
 },
 "multi": {
  "first": 16106.798365,
  "second": 19445.880407,
  "diff": 3339.082042
 }
}