{
 "single": {
  "first": 10284.122438,
  "second": 15838.637043,
  "diff": 5554.514605
 },
 "multi": {
  "first": 15839.520508,
  "second": 19438.228452,
  "diff": 3598.7079439999998
 }
}