{
 "single": {
  "first": 10528.345542,
  "second": 16824.284575,
  "diff": 6295.939033000002
 },
 "multi": {
  "first": 16825.353072,
  "second": 20652.785378,
  "diff": 3827.432305999999
 }
}