{
 "single": {
  "first": 10196.009584,
  "second": 15605.112667,
  "diff": 5409.103083
 },
 "multi": {
  "first": 15606.133503000001,
  "second": 19194.225785,
  "diff": 3588.092281999998
 }
}