{
 "single": {
  "first": 10356.920168,
  "second": 15779.555699,
  "diff": 5422.635531
 },
 "multi": {
  "first": 15780.470517,
  "second": 19391.400424,
  "diff": 3610.9299069999997
 }
}