{
 "single": {
  "first": 10327.80414,
  "second": 15820.855873,
  "diff": 5493.051733
 },
 "multi": {
  "first": 15821.747798,
  "second": 19468.226031,
  "diff": 3646.478232999998
 }
}