{
 "single": {
  "first": 9481.934635,
  "second": 14984.27993,
  "diff": 5502.345295000001
 },
 "multi": {
  "first": 14985.143346,
  "second": 18459.715805,
  "diff": 3474.572458999999
 }
}