{
 "single": {
  "first": 10458.228784,
  "second": 15912.091316,
  "diff": 5453.862531999999
 },
 "multi": {
  "first": 15912.988924,
  "second": 19497.232545,
  "diff": 3584.2436209999996
 }
}