{
 "single": {
  "first": 10387.518563,
  "second": 15800.394296,
  "diff": 5412.875733000001
 },
 "multi": {
  "first": 15801.308977,
  "second": 19257.573148,
  "diff": 3456.264170999999
 }
}