{
 "single": {
  "first": 9739.791572,
  "second": 15301.085887,
  "diff": 5561.294314999999
 },
 "multi": {
  "first": 15302.03865,
  "second": 18731.462965,
  "diff": 3429.4243149999984
 }
}