{
 "single": {
  "first": 6924.796924,
  "second": 10323.425039,
  "diff": 3398.6281149999995
 },
 "multi": {
  "first": 10324.30033,
  "second": 11990.079285,
  "diff": 1665.7789549999998
 }
}