{
 "single": {
  "first": 6895.683269,
  "second": 10304.360685,
  "diff": 3408.6774159999995
 },
 "multi": {
  "first": 10305.20688,
  "second": 12155.967154,
  "diff": 1850.7602740000002
 }
}