{
 "single": {
  "first": 6221.908289,
  "second": 10054.313811,
  "diff": 3832.405522
 },
 "multi": {
  "first": 10055.287712,
  "second": 12085.249367,
  "diff": 2029.961655000001
 }
}