{
 "single": {
  "first": 6393.145178,
  "second": 9950.487153,
  "diff": 3557.3419750000003
 },
 "multi": {
  "first": 9951.415597,
  "second": 12162.817903,
  "diff": 2211.402306
 }
}