{
 "single": {
  "first": 7038.061901,
  "second": 10498.891347,
  "diff": 3460.8294460000006
 },
 "multi": {
  "first": 10499.790167,
  "second": 13146.942376,
  "diff": 2647.1522090000017
 }
}