{
 "single": {
  "first": 6611.072321,
  "second": 10036.496308,
  "diff": 3425.423987
 },
 "multi": {
  "first": 10037.440096,
  "second": 12237.425709,
  "diff": 2199.985612999999
 }
}