{
 "single": {
  "first": 7026.647975,
  "second": 10867.662503,
  "diff": 3841.0145279999997
 },
 "multi": {
  "first": 10868.678219,
  "second": 12785.705803,
  "diff": 1917.0275840000013
 }
}