{
 "single": {
  "first": 6941.990858,
  "second": 10738.077591,
  "diff": 3796.086732999999
 },
 "multi": {
  "first": 10739.117044999999,
  "second": 12851.375076,
  "diff": 2112.258031000001
 }
}