{
 "single": {
  "first": 6655.237414,
  "second": 10442.280322,
  "diff": 3787.0429080000004
 },
 "multi": {
  "first": 10443.333241,
  "second": 12308.90521,
  "diff": 1865.5719690000005
 }
}