{
 "single": {
  "first": 6347.761659,
  "second": 10092.016911,
  "diff": 3744.255252000001
 },
 "multi": {
  "first": 10092.944975,
  "second": 11798.384822,
  "diff": 1705.4398469999996
 }
}