{
 "single": {
  "first": 17437.854027,
  "second": 26900.420619,
  "diff": 9462.566592
 },
 "multi": {
  "first": 26901.287317,
  "second": 30295.262263,
  "diff": 3393.974946000002
 }
}