{
 "single": {
  "first": 18722.641102,
  "second": 29373.936445,
  "diff": 10651.295342999998
 },
 "multi": {
  "first": 29375.018789,
  "second": 33350.622708,
  "diff": 3975.603919000001
 }
}