{
 "single": {
  "first": 16949.161267,
  "second": 27577.579731,
  "diff": 10628.418464000002
 },
 "multi": {
  "first": 27578.641511,
  "second": 31050.768805,
  "diff": 3472.127293999998
 }
}