{
 "single": {
  "first": 17879.425954,
  "second": 28377.259188,
  "diff": 10497.833234000002
 },
 "multi": {
  "first": 28378.183044,
  "second": 32034.438348,
  "diff": 3656.2553039999984
 }
}