{
 "single": {
  "first": 18426.026116,
  "second": 29258.446263,
  "diff": 10832.420147
 },
 "multi": {
  "first": 29259.464931,
  "second": 33234.097027,
  "diff": 3974.632096000005
 }
}