{
 "single": {
  "first": 18504.083543,
  "second": 28899.050315,
  "diff": 10394.966772
 },
 "multi": {
  "first": 28899.968833,
  "second": 32767.256155,
  "diff": 3867.287322
 }
}