{
 "single": {
  "first": 18112.3861,
  "second": 28736.347345,
  "diff": 10623.961244999999
 },
 "multi": {
  "first": 28737.362794,
  "second": 32356.001852,
  "diff": 3618.6390580000007
 }
}