{
 "single": {
  "first": 17682.531432,
  "second": 27765.252954,
  "diff": 10082.721522
 },
 "multi": {
  "first": 27766.224604,
  "second": 31061.933273,
  "diff": 3295.7086689999996
 }
}