{
 "single": {
  "first": 18166.012929,
  "second": 29337.304848,
  "diff": 11171.291919
 },
 "multi": {
  "first": 29338.345518,
  "second": 33108.139043,
  "diff": 3769.7935250000046
 }
}