{
 "single": {
  "first": 18029.756808,
  "second": 28323.718232,
  "diff": 10293.961424000001
 },
 "multi": {
  "first": 28324.739846,
  "second": 31959.538204,
  "diff": 3634.798358
 }
}