{
 "single": {
  "first": 10328.599999,
  "second": 15815.354779,
  "diff": 5486.754779999999
 },
 "multi": {
  "first": 15816.268223,
  "second": 18948.240958,
  "diff": 3131.9727349999994
 }
}