{
 "single": {
  "first": 9714.776169,
  "second": 15093.056201,
  "diff": 5378.280031999999
 },
 "multi": {
  "first": 15093.930386,
  "second": 18006.394359,
  "diff": 2912.4639730000017
 }
}