{
 "single": {
  "first": 10171.260539,
  "second": 15583.4805,
  "diff": 5412.219960999999
 },
 "multi": {
  "first": 15584.371849,
  "second": 18659.555914,
  "diff": 3075.1840650000013
 }
}