{
 "single": {
  "first": 10422.345235,
  "second": 15787.711339,
  "diff": 5365.366103999999
 },
 "multi": {
  "first": 15788.574974,
  "second": 18625.96029,
  "diff": 2837.385316
 }
}