{
 "single": {
  "first": 9999.565918,
  "second": 15573.212915,
  "diff": 5573.646997
 },
 "multi": {
  "first": 15574.081926,
  "second": 18651.219169,
  "diff": 3077.137242999999
 }
}