{
 "single": {
  "first": 9515.63763,
  "second": 14957.098832,
  "diff": 5441.461202
 },
 "multi": {
  "first": 14957.959066,
  "second": 18147.004861,
  "diff": 3189.045795000002
 }
}