{
 "single": {
  "first": 10156.615055,
  "second": 15696.617668,
  "diff": 5540.002613000001
 },
 "multi": {
  "first": 15697.499187,
  "second": 18446.915486,
  "diff": 2749.4162990000023
 }
}