{
 "single": {
  "first": 10195.648033,
  "second": 15685.461124,
  "diff": 5489.813091
 },
 "multi": {
  "first": 15686.393643,
  "second": 18776.610976,
  "diff": 3090.2173330000005
 }
}