{
 "single": {
  "first": 10191.281499,
  "second": 15635.778459,
  "diff": 5444.496959999999
 },
 "multi": {
  "first": 15636.699915,
  "second": 18270.705761,
  "diff": 2634.005846000002
 }
}