{
 "single": {
  "first": 10246.117869,
  "second": 15689.568181,
  "diff": 5443.450312000001
 },
 "multi": {
  "first": 15690.528808,
  "second": 18462.490972,
  "diff": 2771.9621640000005
 }
}