{
 "single": {
  "first": 389.357385,
  "second": 401.304579,
  "diff": 11.947193999999968
 },
 "multi": {
  "first": 402.096964,
  "second": 553.078732,
  "diff": 150.98176799999993
 }
}