{
 "single": {
  "first": 373.082358,
  "second": 382.708628,
  "diff": 9.626269999999977
 },
 "multi": {
  "first": 383.815354,
  "second": 530.255074,
  "diff": 146.43972000000002
 }
}