{
 "single": {
  "first": 379.925089,
  "second": 389.5624,
  "diff": 9.637311000000011
 },
 "multi": {
  "first": 390.335723,
  "second": 624.629719,
  "diff": 234.29399600000005
 }
}