{
 "single": {
  "first": 384.249225,
  "second": 391.551165,
  "diff": 7.301940000000002
 },
 "multi": {
  "first": 392.308136,
  "second": 527.707193,
  "diff": 135.39905699999997
 }
}