{
 "single": {
  "first": 378.48811,
  "second": 386.934608,
  "diff": 8.44649800000002
 },
 "multi": {
  "first": 387.745388,
  "second": 523.288463,
  "diff": 135.543075
 }
}