{
 "single": {
  "first": 373.769187,
  "second": 381.256813,
  "diff": 7.487626000000034
 },
 "multi": {
  "first": 382.009452,
  "second": 510.038086,
  "diff": 128.028634
 }
}