{
 "single": {
  "first": 367.529232,
  "second": 377.283092,
  "diff": 9.753860000000032
 },
 "multi": {
  "first": 378.068453,
  "second": 613.139583,
  "diff": 235.07113000000004
 }
}