{
 "single": {
  "first": 380.55274,
  "second": 387.831707,
  "diff": 7.278967000000023
 },
 "multi": {
  "first": 388.597347,
  "second": 529.346876,
  "diff": 140.74952899999994
 }
}