{
 "single": {
  "first": 377.377747,
  "second": 384.427173,
  "diff": 7.049425999999983
 },
 "multi": {
  "first": 385.273805,
  "second": 520.738413,
  "diff": 135.46460800000006
 }
}