{
 "single": {
  "first": 382.701454,
  "second": 392.373189,
  "diff": 9.671735000000012
 },
 "multi": {
  "first": 393.208538,
  "second": 513.247214,
  "diff": 120.03867600000001
 }
}