{
 "single": {
  "first": 384.610051,
  "second": 419.433276,
  "diff": 34.82322499999998
 },
 "multi": {
  "first": 420.287841,
  "second": 745.308493,
  "diff": 325.020652
 }
}