{
 "single": {
  "first": 379.832695,
  "second": 414.937624,
  "diff": 35.10492900000003
 },
 "multi": {
  "first": 415.749438,
  "second": 632.827195,
  "diff": 217.07775699999996
 }
}