{
 "single": {
  "first": 386.246268,
  "second": 422.071606,
  "diff": 35.82533799999999
 },
 "multi": {
  "first": 423.78142,
  "second": 646.314899,
  "diff": 222.53347899999994
 }
}