{
 "single": {
  "first": 379.410364,
  "second": 414.644419,
  "diff": 35.23405500000001
 },
 "multi": {
  "first": 415.484456,
  "second": 614.215951,
  "diff": 198.731495
 }
}