{
 "single": {
  "first": 394.339767,
  "second": 428.92891,
  "diff": 34.58914299999998
 },
 "multi": {
  "first": 429.75734,
  "second": 630.104247,
  "diff": 200.346907
 }
}