{
 "single": {
  "first": 395.269607,
  "second": 432.408376,
  "diff": 37.13876899999997
 },
 "multi": {
  "first": 433.283729,
  "second": 644.555323,
  "diff": 211.27159400000005
 }
}