{
 "single": {
  "first": 387.676014,
  "second": 424.048098,
  "diff": 36.37208399999997
 },
 "multi": {
  "first": 424.954232,
  "second": 642.295426,
  "diff": 217.34119400000003
 }
}