{
 "single": {
  "first": 390.989434,
  "second": 426.951388,
  "diff": 35.96195399999999
 },
 "multi": {
  "first": 428.06158,
  "second": 628.917346,
  "diff": 200.85576599999996
 }
}