{
 "single": {
  "first": 384.894297,
  "second": 421.704602,
  "diff": 36.81030500000003
 },
 "multi": {
  "first": 422.585658,
  "second": 744.812735,
  "diff": 322.22707699999995
 }
}