{
 "single": {
  "first": 381.131565,
  "second": 416.469955,
  "diff": 35.338390000000004
 },
 "multi": {
  "first": 417.329347,
  "second": 742.279687,
  "diff": 324.95034
 }
}