{
 "single": {
  "first": 827.050721,
  "second": 1075.327969,
  "diff": 248.277248
 },
 "multi": {
  "first": 1076.20511,
  "second": 1484.662989,
  "diff": 408.4578789999998
 }
}