{
 "single": {
  "first": 832.116496,
  "second": 1087.673234,
  "diff": 255.5567380000001
 },
 "multi": {
  "first": 1088.506196,
  "second": 1494.35043,
  "diff": 405.8442339999999
 }
}