{
 "single": {
  "first": 827.566248,
  "second": 1075.048661,
  "diff": 247.48241300000007
 },
 "multi": {
  "first": 1075.884787,
  "second": 1485.0094060000001,
  "diff": 409.12461900000017
 }
}