{
 "single": {
  "first": 792.157637,
  "second": 1050.038012,
  "diff": 257.88037499999996
 },
 "multi": {
  "first": 1051.044892,
  "second": 1429.9472700000001,
  "diff": 378.9023780000002
 }
}