{
 "single": {
  "first": 833.096147,
  "second": 1084.595489,
  "diff": 251.49934200000007
 },
 "multi": {
  "first": 1085.438137,
  "second": 1468.507431,
  "diff": 383.0692939999999
 }
}