{
 "single": {
  "first": 834.834179,
  "second": 1089.873922,
  "diff": 255.03974300000004
 },
 "multi": {
  "first": 1090.7417580000001,
  "second": 1485.497419,
  "diff": 394.7556609999999
 }
}