{
 "single": {
  "first": 825.314019,
  "second": 1077.149641,
  "diff": 251.83562199999994
 },
 "multi": {
  "first": 1077.972883,
  "second": 1585.061066,
  "diff": 507.0881830000001
 }
}