{
 "single": {
  "first": 833.222597,
  "second": 1085.546506,
  "diff": 252.32390899999996
 },
 "multi": {
  "first": 1086.405076,
  "second": 1588.6369869999999,
  "diff": 502.23191099999985
 }
}