{
 "single": {
  "first": 815.138965,
  "second": 1068.085658,
  "diff": 252.94669299999998
 },
 "multi": {
  "first": 1068.913127,
  "second": 1435.882453,
  "diff": 366.9693259999999
 }
}