{
 "single": {
  "first": 824.738615,
  "second": 1083.122108,
  "diff": 258.38349300000004
 },
 "multi": {
  "first": 1083.966947,
  "second": 1699.934056,
  "diff": 615.9671090000002
 }
}