{
 "single": {
  "first": 3080.054245,
  "second": 4628.22121,
  "diff": 1548.166965
 },
 "multi": {
  "first": 4629.132276,
  "second": 5787.655315,
  "diff": 1158.5230389999997
 }
}