{
 "single": {
  "first": 3152.082991,
  "second": 4699.736852,
  "diff": 1547.6538609999998
 },
 "multi": {
  "first": 4700.796556,
  "second": 5677.741193,
  "diff": 976.9446369999996
 }
}