{
 "single": {
  "first": 3258.601987,
  "second": 4841.076533,
  "diff": 1582.4745460000004
 },
 "multi": {
  "first": 4841.9979220000005,
  "second": 5927.225161,
  "diff": 1085.2272389999998
 }
}