{
 "single": {
  "first": 3204.012094,
  "second": 4789.909982,
  "diff": 1585.897888
 },
 "multi": {
  "first": 4790.778834,
  "second": 5785.442266,
  "diff": 994.6634320000003
 }
}