{
 "single": {
  "first": 2960.536575,
  "second": 4465.670281,
  "diff": 1505.1337059999996
 },
 "multi": {
  "first": 4466.557431,
  "second": 5395.352972,
  "diff": 928.7955409999995
 }
}