{
 "single": {
  "first": 3203.9125050000002,
  "second": 4708.603205,
  "diff": 1504.6907
 },
 "multi": {
  "first": 4709.589226,
  "second": 5984.428413,
  "diff": 1274.8391869999996
 }
}