{
 "single": {
  "first": 3064.736487,
  "second": 4690.207329,
  "diff": 1625.4708419999997
 },
 "multi": {
  "first": 4691.237015,
  "second": 5646.806899,
  "diff": 955.5698840000005
 }
}