{
 "single": {
  "first": 3201.291339,
  "second": 4739.944576,
  "diff": 1538.653237
 },
 "multi": {
  "first": 4740.96406,
  "second": 5669.034625,
  "diff": 928.070565
 }
}