{
 "single": {
  "first": 3130.00961,
  "second": 4652.594921,
  "diff": 1522.5853109999998
 },
 "multi": {
  "first": 4653.494708,
  "second": 5552.471457,
  "diff": 898.9767489999995
 }
}