{
 "single": {
  "first": 3161.650675,
  "second": 4731.7507669999995,
  "diff": 1570.1000919999997
 },
 "multi": {
  "first": 4732.626699,
  "second": 5724.375835,
  "diff": 991.7491359999995
 }
}