{
 "single": {
  "first": 2316.837473,
  "second": 3480.702814,
  "diff": 1163.8653410000002
 },
 "multi": {
  "first": 3481.589862,
  "second": 4287.212322,
  "diff": 805.6224600000005
 }
}