{
 "single": {
  "first": 2334.771975,
  "second": 3331.625131,
  "diff": 996.8531559999997
 },
 "multi": {
  "first": 3332.589333,
  "second": 3927.528346,
  "diff": 594.9390130000002
 }
}