{
 "single": {
  "first": 2390.147582,
  "second": 3393.885953,
  "diff": 1003.7383709999999
 },
 "multi": {
  "first": 3394.7380709999998,
  "second": 4169.965522,
  "diff": 775.2274510000007
 }
}