{
 "single": {
  "first": 2382.733157,
  "second": 3670.886226,
  "diff": 1288.153069
 },
 "multi": {
  "first": 3672.336362,
  "second": 4324.593704,
  "diff": 652.2573419999999
 }
}