{
 "single": {
  "first": 2427.099499,
  "second": 3629.495606,
  "diff": 1202.396107
 },
 "multi": {
  "first": 3630.417223,
  "second": 4233.926891,
  "diff": 603.5096680000001
 }
}