{
 "single": {
  "first": 2478.317998,
  "second": 3555.086165,
  "diff": 1076.7681670000002
 },
 "multi": {
  "first": 3555.991622,
  "second": 4116.458734,
  "diff": 560.4671119999998
 }
}