{
 "single": {
  "first": 2400.292004,
  "second": 3460.954559,
  "diff": 1060.6625549999999
 },
 "multi": {
  "first": 3461.83466,
  "second": 4241.368014,
  "diff": 779.5333539999997
 }
}