{
 "single": {
  "first": 2238.214729,
  "second": 3210.146417,
  "diff": 971.9316880000001
 },
 "multi": {
  "first": 3210.98611,
  "second": 3824.616169,
  "diff": 613.6300590000001
 }
}