{
 "single": {
  "first": 2404.989654,
  "second": 3461.517791,
  "diff": 1056.5281370000002
 },
 "multi": {
  "first": 3462.4075510000002,
  "second": 4089.921061,
  "diff": 627.5135099999998
 }
}