{
 "single": {
  "first": 2394.949779,
  "second": 3484.606616,
  "diff": 1089.656837
 },
 "multi": {
  "first": 3485.6053309999998,
  "second": 4459.841735,
  "diff": 974.2364040000002
 }
}