{
 "single": {
  "first": 12961.511783,
  "second": 20301.033647,
  "diff": 7339.521864
 },
 "multi": {
  "first": 20301.89804,
  "second": 23063.651892,
  "diff": 2761.7538520000016
 }
}