{
 "single": {
  "first": 12504.1,
  "second": 19517.061356,
  "diff": 7012.961355999998
 },
 "multi": {
  "first": 19518.097468,
  "second": 22901.454166,
  "diff": 3383.3566979999996
 }
}