{
 "single": {
  "first": 12693.867994,
  "second": 19657.310386,
  "diff": 6963.442392000001
 },
 "multi": {
  "first": 19658.56466,
  "second": 22429.133384,
  "diff": 2770.5687240000007
 }
}