{
 "single": {
  "first": 12524.868433,
  "second": 19743.207187,
  "diff": 7218.338754
 },
 "multi": {
  "first": 19744.23665,
  "second": 22930.155589,
  "diff": 3185.918939000003
 }
}