{
 "single": {
  "first": 12919.58965,
  "second": 20345.532064,
  "diff": 7425.942413999999
 },
 "multi": {
  "first": 20346.932041,
  "second": 23469.64737,
  "diff": 3122.7153289999987
 }
}