{
 "single": {
  "first": 12901.981571,
  "second": 20520.900238,
  "diff": 7618.918666999998
 },
 "multi": {
  "first": 20522.414559,
  "second": 23516.290053,
  "diff": 2993.875494
 }
}