{
 "single": {
  "first": 12843.268997,
  "second": 20853.851842,
  "diff": 8010.582845000001
 },
 "multi": {
  "first": 20855.021398,
  "second": 24935.249534,
  "diff": 4080.228135999998
 }
}