{
 "single": {
  "first": 14566.110464,
  "second": 22122.049081,
  "diff": 7555.938617000002
 },
 "multi": {
  "first": 22123.100242,
  "second": 25607.773245,
  "diff": 3484.673003
 }
}