{
 "single": {
  "first": 11651.777751,
  "second": 18605.132106,
  "diff": 6953.354355000001
 },
 "multi": {
  "first": 18606.330178,
  "second": 21773.14295,
  "diff": 3166.812772000001
 }
}