{
 "single": {
  "first": 12280.006398,
  "second": 19259.593113,
  "diff": 6979.5867149999995
 },
 "multi": {
  "first": 19261.001121,
  "second": 22525.069623,
  "diff": 3264.0685019999983
 }
}