{
 "single": {
  "first": 390.104343,
  "second": 399.5839,
  "diff": 9.479557000000057
 },
 "multi": {
  "first": 400.318191,
  "second": 619.105539,
  "diff": 218.787348
 }
}