{
 "single": {
  "first": 392.488057,
  "second": 403.75187,
  "diff": 11.26381299999997
 },
 "multi": {
  "first": 404.601167,
  "second": 527.493755,
  "diff": 122.89258799999999
 }
}