{
 "single": {
  "first": 375.482005,
  "second": 382.758798,
  "diff": 7.276792999999998
 },
 "multi": {
  "first": 383.512875,
  "second": 495.223455,
  "diff": 111.71058
 }
}