{
 "single": {
  "first": 376.062798,
  "second": 388.215317,
  "diff": 12.15251900000004
 },
 "multi": {
  "first": 389.012391,
  "second": 502.21705,
  "diff": 113.20465899999999
 }
}