{
 "single": {
  "first": 380.447359,
  "second": 390.021723,
  "diff": 9.574364000000003
 },
 "multi": {
  "first": 390.874349,
  "second": 500.502365,
  "diff": 109.628016
 }
}