{
 "single": {
  "first": 370.053863,
  "second": 381.789992,
  "diff": 11.736129000000005
 },
 "multi": {
  "first": 382.617015,
  "second": 513.704393,
  "diff": 131.087378
 }
}