{
 "single": {
  "first": 378.815726,
  "second": 388.59125,
  "diff": 9.775524000000019
 },
 "multi": {
  "first": 389.362061,
  "second": 507.986969,
  "diff": 118.624908
 }
}