{
 "single": {
  "first": 381.153855,
  "second": 390.473241,
  "diff": 9.319385999999952
 },
 "multi": {
  "first": 391.214818,
  "second": 505.674677,
  "diff": 114.459859
 }
}