{
 "single": {
  "first": 375.513533,
  "second": 385.449493,
  "diff": 9.935960000000023
 },
 "multi": {
  "first": 386.25667,
  "second": 498.730544,
  "diff": 112.47387400000002
 }
}