{
 "single": {
  "first": 391.924422,
  "second": 401.746395,
  "diff": 9.821973000000014
 },
 "multi": {
  "first": 402.537102,
  "second": 524.359162,
  "diff": 121.82205999999996
 }
}