{
 "single": {
  "first": 457.643084,
  "second": 534.366109,
  "diff": 76.72302500000006
 },
 "multi": {
  "first": 535.215085,
  "second": 725.551141,
  "diff": 190.33605599999999
 }
}