{
 "single": {
  "first": 451.232834,
  "second": 527.670175,
  "diff": 76.43734099999995
 },
 "multi": {
  "first": 528.518977,
  "second": 733.168922,
  "diff": 204.649945
 }
}