{
 "single": {
  "first": 440.775744,
  "second": 517.360132,
  "diff": 76.58438800000005
 },
 "multi": {
  "first": 518.220936,
  "second": 689.305722,
  "diff": 171.0847859999999
 }
}