{
 "single": {
  "first": 445.515804,
  "second": 522.113738,
  "diff": 76.59793400000001
 },
 "multi": {
  "first": 522.995397,
  "second": 720.892593,
  "diff": 197.897196
 }
}