{
 "single": {
  "first": 437.35951,
  "second": 512.905752,
  "diff": 75.546242
 },
 "multi": {
  "first": 513.951921,
  "second": 674.209014,
  "diff": 160.25709300000005
 }
}