{
 "single": {
  "first": 442.720695,
  "second": 522.057276,
  "diff": 79.33658100000002
 },
 "multi": {
  "first": 522.962595,
  "second": 720.09986,
  "diff": 197.13726500000007
 }
}