{
 "single": {
  "first": 462.296384,
  "second": 538.850429,
  "diff": 76.55404499999997
 },
 "multi": {
  "first": 539.712776,
  "second": 752.585543,
  "diff": 212.87276700000007
 }
}