{
 "single": {
  "first": 445.009738,
  "second": 520.588797,
  "diff": 75.57905899999997
 },
 "multi": {
  "first": 521.446669,
  "second": 691.504763,
  "diff": 170.05809399999998
 }
}