{
 "single": {
  "first": 443.184164,
  "second": 518.19622,
  "diff": 75.01205600000003
 },
 "multi": {
  "first": 519.049941,
  "second": 719.597549,
  "diff": 200.54760799999997
 }
}