{
 "single": {
  "first": 446.217745,
  "second": 525.437996,
  "diff": 79.22025100000002
 },
 "multi": {
  "first": 526.456256,
  "second": 701.351068,
  "diff": 174.894812
 }
}