{
 "single": {
  "first": 1653.388827,
  "second": 2321.192865,
  "diff": 667.804038
 },
 "multi": {
  "first": 2322.066927,
  "second": 2771.251038,
  "diff": 449.18411100000003
 }
}