{
 "single": {
  "first": 1627.396727,
  "second": 2301.177432,
  "diff": 673.7807049999999
 },
 "multi": {
  "first": 2302.113389,
  "second": 2981.7004699999998,
  "diff": 679.5870809999997
 }
}