{
 "single": {
  "first": 1538.756124,
  "second": 2195.525903,
  "diff": 656.7697790000002
 },
 "multi": {
  "first": 2196.591128,
  "second": 2643.440086,
  "diff": 446.84895800000004
 }
}