{
 "single": {
  "first": 1593.980606,
  "second": 2246.798973,
  "diff": 652.8183669999999
 },
 "multi": {
  "first": 2247.660738,
  "second": 2690.356975,
  "diff": 442.6962370000001
 }
}