{
 "single": {
  "first": 1651.667454,
  "second": 2318.460438,
  "diff": 666.7929840000002
 },
 "multi": {
  "first": 2319.362147,
  "second": 2881.81119,
  "diff": 562.4490430000001
 }
}