{
 "single": {
  "first": 1643.608029,
  "second": 2293.308006,
  "diff": 649.6999770000002
 },
 "multi": {
  "first": 2294.156347,
  "second": 2952.900537,
  "diff": 658.7441899999999
 }
}