{
 "single": {
  "first": 1661.989298,
  "second": 2330.030816,
  "diff": 668.041518
 },
 "multi": {
  "first": 2330.9252500000002,
  "second": 2953.449987,
  "diff": 622.5247369999997
 }
}