{
 "single": {
  "first": 1608.796762,
  "second": 2265.704202,
  "diff": 656.90744
 },
 "multi": {
  "first": 2266.5714669999998,
  "second": 2948.103698,
  "diff": 681.5322310000001
 }
}