{
 "single": {
  "first": 1651.501452,
  "second": 2313.790285,
  "diff": 662.2888330000001
 },
 "multi": {
  "first": 2314.72725,
  "second": 2768.436591,
  "diff": 453.7093410000002
 }
}