{
 "single": {
  "first": 1668.886248,
  "second": 2317.694736,
  "diff": 648.8084879999999
 },
 "multi": {
  "first": 2318.811271,
  "second": 2779.673316,
  "diff": 460.86204499999985
 }
}