{
 "single": {
  "first": 1165.901955,
  "second": 1565.2580189999999,
  "diff": 399.35606399999983
 },
 "multi": {
  "first": 1566.135546,
  "second": 1931.442247,
  "diff": 365.306701
 }
}