{
 "single": {
  "first": 1216.880336,
  "second": 1643.725083,
  "diff": 426.8447470000001
 },
 "multi": {
  "first": 1644.686146,
  "second": 2008.868341,
  "diff": 364.1821950000001
 }
}