{
 "single": {
  "first": 1115.20832,
  "second": 1523.529543,
  "diff": 408.32122300000015
 },
 "multi": {
  "first": 1524.384293,
  "second": 1890.018004,
  "diff": 365.63371099999995
 }
}