{
 "single": {
  "first": 1081.528748,
  "second": 1494.423974,
  "diff": 412.8952260000001
 },
 "multi": {
  "first": 1495.36786,
  "second": 1867.0262010000001,
  "diff": 371.65834100000006
 }
}