{
 "single": {
  "first": 1104.383709,
  "second": 1525.2045130000001,
  "diff": 420.8208040000002
 },
 "multi": {
  "first": 1526.267722,
  "second": 1887.808501,
  "diff": 361.54077899999993
 }
}