{
 "single": {
  "first": 1159.199662,
  "second": 1578.614844,
  "diff": 419.41518199999996
 },
 "multi": {
  "first": 1579.4359,
  "second": 1942.090709,
  "diff": 362.6548090000001
 }
}