{
 "single": {
  "first": 1170.329885,
  "second": 1582.218257,
  "diff": 411.8883719999999
 },
 "multi": {
  "first": 1583.116942,
  "second": 1944.646751,
  "diff": 361.5298089999999
 }
}