{
 "single": {
  "first": 1166.225558,
  "second": 1567.15945,
  "diff": 400.933892
 },
 "multi": {
  "first": 1568.0692410000001,
  "second": 1925.755494,
  "diff": 357.68625299999985
 }
}