{
 "single": {
  "first": 1173.833133,
  "second": 1583.621406,
  "diff": 409.7882729999999
 },
 "multi": {
  "first": 1584.509053,
  "second": 1955.408292,
  "diff": 370.8992390000001
 }
}