{
 "single": {
  "first": 1172.062091,
  "second": 1592.364552,
  "diff": 420.302461
 },
 "multi": {
  "first": 1593.213675,
  "second": 1963.0370269999999,
  "diff": 369.8233519999999
 }
}