{
 "single": {
  "first": 3941.138476,
  "second": 6191.992877,
  "diff": 2250.8544009999996
 },
 "multi": {
  "first": 6193.03278,
  "second": 7695.751978,
  "diff": 1502.7191980000007
 }
}