{
 "single": {
  "first": 4105.149377,
  "second": 6362.747041,
  "diff": 2257.597664
 },
 "multi": {
  "first": 6363.672849,
  "second": 8038.832528,
  "diff": 1675.1596790000003
 }
}