{
 "single": {
  "first": 4272.696366,
  "second": 6364.623995,
  "diff": 2091.927629
 },
 "multi": {
  "first": 6365.585754,
  "second": 8184.413349,
  "diff": 1818.8275950000007
 }
}