{
 "single": {
  "first": 4318.205329,
  "second": 6454.615754,
  "diff": 2136.410425
 },
 "multi": {
  "first": 6455.630465,
  "second": 7943.53894,
  "diff": 1487.9084750000002
 }
}