{
 "single": {
  "first": 4583.628687,
  "second": 6770.746,
  "diff": 2187.1173129999997
 },
 "multi": {
  "first": 6771.807293,
  "second": 8237.906386999999,
  "diff": 1466.0990939999992
 }
}