{
 "single": {
  "first": 4185.741546,
  "second": 6434.649668,
  "diff": 2248.908122
 },
 "multi": {
  "first": 6435.579301,
  "second": 8147.4492549999995,
  "diff": 1711.8699539999998
 }
}