{
 "single": {
  "first": 4235.05715,
  "second": 6360.308752,
  "diff": 2125.2516020000003
 },
 "multi": {
  "first": 6361.203434,
  "second": 8448.893205,
  "diff": 2087.6897710000003
 }
}