{
 "single": {
  "first": 4625.939788,
  "second": 6793.174143,
  "diff": 2167.2343550000005
 },
 "multi": {
  "first": 6794.045075,
  "second": 8590.001107,
  "diff": 1795.956032
 }
}