{
 "single": {
  "first": 4423.396568,
  "second": 6649.916548,
  "diff": 2226.51998
 },
 "multi": {
  "first": 6650.811161,
  "second": 8279.329306,
  "diff": 1628.518145
 }
}