{
 "single": {
  "first": 4220.310483,
  "second": 6455.308357,
  "diff": 2234.9978739999997
 },
 "multi": {
  "first": 6456.265852,
  "second": 8217.094802,
  "diff": 1760.8289499999992
 }
}