{
 "single": {
  "first": 6858.722815,
  "second": 10516.017099,
  "diff": 3657.2942840000005
 },
 "multi": {
  "first": 10517.334126,
  "second": 14191.998325,
  "diff": 3674.6641990000007
 }
}