{
 "single": {
  "first": 6914.575639,
  "second": 10739.99579,
  "diff": 3825.420151000001
 },
 "multi": {
  "first": 10740.959448,
  "second": 14156.673466,
  "diff": 3415.7140180000006
 }
}