{
 "single": {
  "first": 6860.822065,
  "second": 10320.393999,
  "diff": 3459.5719339999996
 },
 "multi": {
  "first": 10321.277924,
  "second": 13568.347036,
  "diff": 3247.069111999999
 }
}