{
 "single": {
  "first": 6332.243153,
  "second": 9742.320644,
  "diff": 3410.077490999999
 },
 "multi": {
  "first": 9743.185508,
  "second": 12949.837044,
  "diff": 3206.6515359999994
 }
}