{
 "single": {
  "first": 6492.980096,
  "second": 10037.205587,
  "diff": 3544.225491
 },
 "multi": {
  "first": 10038.137288,
  "second": 13621.78477,
  "diff": 3583.6474820000003
 }
}