{
 "single": {
  "first": 6838.51197,
  "second": 10235.963623,
  "diff": 3397.451653
 },
 "multi": {
  "first": 10236.873049,
  "second": 13472.805786,
  "diff": 3235.932737000001
 }
}