{
 "single": {
  "first": 6458.656893,
  "second": 10282.983953,
  "diff": 3824.3270600000005
 },
 "multi": {
  "first": 10283.932895,
  "second": 14038.110209,
  "diff": 3754.1773140000005
 }
}