{
 "single": {
  "first": 7340.609804,
  "second": 11150.641317,
  "diff": 3810.031513
 },
 "multi": {
  "first": 11151.523294,
  "second": 14490.287435,
  "diff": 3338.7641409999997
 }
}