{
 "single": {
  "first": 6790.311907,
  "second": 10290.915211,
  "diff": 3500.6033039999993
 },
 "multi": {
  "first": 10291.852234,
  "second": 14422.148689,
  "diff": 4130.296455
 }
}