{
 "single": {
  "first": 6945.758596,
  "second": 10771.096664,
  "diff": 3825.338068000001
 },
 "multi": {
  "first": 10771.986071,
  "second": 14206.706439,
  "diff": 3434.7203680000002
 }
}