{
 "single": {
  "first": 24159.78586,
  "second": 37365.921902,
  "diff": 13206.136042000002
 },
 "multi": {
  "first": 37366.813638,
  "second": 42271.885792,
  "diff": 4905.072154000001
 }
}