{
 "single": {
  "first": 21905.197808,
  "second": 35113.888959,
  "diff": 13208.691151000003
 },
 "multi": {
  "first": 35114.746334,
  "second": 40138.128028,
  "diff": 5023.381693999996
 }
}