{
 "single": {
  "first": 23925.126759,
  "second": 37263.338104,
  "diff": 13338.211345000003
 },
 "multi": {
  "first": 37264.188694,
  "second": 42251.597856,
  "diff": 4987.409162000004
 }
}