{
 "single": {
  "first": 23960.647644,
  "second": 37406.837165,
  "diff": 13446.189520999997
 },
 "multi": {
  "first": 37407.73102,
  "second": 42403.597604,
  "diff": 4995.866584000003
 }
}