{
 "single": {
  "first": 24363.980247,
  "second": 37498.197857,
  "diff": 13134.21761
 },
 "multi": {
  "first": 37499.037856,
  "second": 42397.689332,
  "diff": 4898.651475999999
 }
}