{
 "single": {
  "first": 24166.741353,
  "second": 37340.168994,
  "diff": 13173.427640999998
 },
 "multi": {
  "first": 37341.047217,
  "second": 42239.559911,
  "diff": 4898.512693999997
 }
}