{
 "single": {
  "first": 24178.275795,
  "second": 37513.747693,
  "diff": 13335.471897999996
 },
 "multi": {
  "first": 37514.627438,
  "second": 42802.696355,
  "diff": 5288.068916999997
 }
}