{
 "single": {
  "first": 24212.906981,
  "second": 37259.391344,
  "diff": 13046.484363000003
 },
 "multi": {
  "first": 37260.227042,
  "second": 42146.742418,
  "diff": 4886.515376000003
 }
}