{
 "single": {
  "first": 21940.611697,
  "second": 34911.252596,
  "diff": 12970.640898999998
 },
 "multi": {
  "first": 34912.099967,
  "second": 39792.897597,
  "diff": 4880.797630000001
 }
}