{
 "single": {
  "first": 24219.483109,
  "second": 37598.904449,
  "diff": 13379.42134
 },
 "multi": {
  "first": 37599.759403000004,
  "second": 42940.068527,
  "diff": 5340.309123999999
 }
}