{
 "single": {
  "first": 367.118556,
  "second": 372.337817,
  "diff": 5.21926099999996
 },
 "multi": {
  "first": 373.186929,
  "second": 675.25137,
  "diff": 302.06444099999993
 }
}