{
 "single": {
  "first": 385.814335,
  "second": 392.073333,
  "diff": 6.258997999999963
 },
 "multi": {
  "first": 392.917752,
  "second": 595.35911,
  "diff": 202.44135799999998
 }
}