{
 "single": {
  "first": 383.719459,
  "second": 388.90994,
  "diff": 5.190481000000034
 },
 "multi": {
  "first": 389.67753,
  "second": 584.724265,
  "diff": 195.04673499999996
 }
}