{
 "single": {
  "first": 395.63949,
  "second": 401.112588,
  "diff": 5.473097999999993
 },
 "multi": {
  "first": 401.91009,
  "second": 594.534299,
  "diff": 192.624209
 }
}