{
 "single": {
  "first": 385.768056,
  "second": 391.094009,
  "diff": 5.325953000000027
 },
 "multi": {
  "first": 391.866218,
  "second": 603.973926,
  "diff": 212.107708
 }
}