{
 "single": {
  "first": 370.306483,
  "second": 375.388599,
  "diff": 5.082115999999985
 },
 "multi": {
  "first": 376.135783,
  "second": 775.365987,
  "diff": 399.230204
 }
}