{
 "single": {
  "first": 380.248162,
  "second": 385.51512,
  "diff": 5.266958000000045
 },
 "multi": {
  "first": 386.311472,
  "second": 696.176441,
  "diff": 309.864969
 }
}