{
 "single": {
  "first": 371.078301,
  "second": 376.20719,
  "diff": 5.128889000000015
 },
 "multi": {
  "first": 376.957925,
  "second": 582.584217,
  "diff": 205.62629199999998
 }
}