{
 "single": {
  "first": 387.974808,
  "second": 392.810581,
  "diff": 4.835773000000017
 },
 "multi": {
  "first": 393.734687,
  "second": 599.668823,
  "diff": 205.93413599999997
 }
}