{
 "single": {
  "first": 364.273495,
  "second": 369.303064,
  "diff": 5.029568999999981
 },
 "multi": {
  "first": 370.176497,
  "second": 574.766185,
  "diff": 204.58968799999997
 }
}