{
 "single": {
  "first": 15356.35527,
  "second": 23384.365996,
  "diff": 8028.010726
 },
 "multi": {
  "first": 23385.576454000002,
  "second": 26571.557413,
  "diff": 3185.980958999997
 }
}