{
 "single": {
  "first": 15227.016733,
  "second": 24005.622961,
  "diff": 8778.606228
 },
 "multi": {
  "first": 24006.589533,
  "second": 27223.995784,
  "diff": 3217.4062510000003
 }
}