{
 "single": {
  "first": 15065.655986,
  "second": 23448.353244,
  "diff": 8382.697258000002
 },
 "multi": {
  "first": 23449.261804,
  "second": 26559.387897,
  "diff": 3110.126092999999
 }
}