{
 "single": {
  "first": 14607.585183,
  "second": 23550.600875,
  "diff": 8943.015692
 },
 "multi": {
  "first": 23551.521436,
  "second": 26739.132531,
  "diff": 3187.611095
 }
}