{
 "single": {
  "first": 15904.067043,
  "second": 24890.325207,
  "diff": 8986.258164000003
 },
 "multi": {
  "first": 24891.28922,
  "second": 28547.124837,
  "diff": 3655.8356170000006
 }
}