{
 "single": {
  "first": 15620.200635,
  "second": 25023.574769,
  "diff": 9403.374134
 },
 "multi": {
  "first": 25024.593775,
  "second": 28687.314799,
  "diff": 3662.7210239999986
 }
}