{
 "single": {
  "first": 14809.294223,
  "second": 23092.494743,
  "diff": 8283.200519999999
 },
 "multi": {
  "first": 23093.373109,
  "second": 26707.845377,
  "diff": 3614.4722680000013
 }
}