{
 "single": {
  "first": 15244.81625,
  "second": 23872.592548,
  "diff": 8627.776298
 },
 "multi": {
  "first": 23873.484732,
  "second": 27276.264026,
  "diff": 3402.779294
 }
}