{
 "single": {
  "first": 14977.214074,
  "second": 23776.397902,
  "diff": 8799.183828000001
 },
 "multi": {
  "first": 23777.447304,
  "second": 27060.572247,
  "diff": 3283.124942999999
 }
}