{
 "single": {
  "first": 15098.998331,
  "second": 23992.164056,
  "diff": 8893.165725
 },
 "multi": {
  "first": 23993.090052,
  "second": 27294.730492,
  "diff": 3301.640439999999
 }
}