{
 "single": {
  "first": 438.155529,
  "second": 450.094898,
  "diff": 11.939369
 },
 "multi": {
  "first": 451.117143,
  "second": 762.195009,
  "diff": 311.07786600000003
 }
}