{
 "single": {
  "first": 3910.369623,
  "second": 5855.742983,
  "diff": 1945.37336
 },
 "multi": {
  "first": 5856.632951,
  "second": 7512.352756,
  "diff": 1655.7198050000006
 }
}