{
 "single": {
  "first": 5616.881335,
  "second": 8698.728722,
  "diff": 3081.847387
 },
 "multi": {
  "first": 8699.739479,
  "second": 10921.17305,
  "diff": 2221.4335709999996
 }
}