{
 "single": {
  "first": 6841.419305,
  "second": 10825.911844,
  "diff": 3984.492539
 },
 "multi": {
  "first": 10826.991781,
  "second": 12756.504451,
  "diff": 1929.51267
 }
}