{
 "single": {
  "first": 8428.96487,
  "second": 13332.505412,
  "diff": 4903.540542000001
 },
 "multi": {
  "first": 13333.359495,
  "second": 15582.608365,
  "diff": 2249.2488699999994
 }
}