{
 "single": {
  "first": 10647.162176,
  "second": 17106.757258,
  "diff": 6459.595082000002
 },
 "multi": {
  "first": 17107.73847,
  "second": 19953.157533,
  "diff": 2845.419063000001
 }
}