{
 "single": {
  "first": 12863.199813,
  "second": 20068.393873,
  "diff": 7205.194060000002
 },
 "multi": {
  "first": 20069.425054,
  "second": 23728.506597,
  "diff": 3659.0815430000002
 }
}