{
 "single": {
  "first": 15432.849882,
  "second": 23954.646249,
  "diff": 8521.796367
 },
 "multi": {
  "first": 23955.61855,
  "second": 27718.57624,
  "diff": 3762.9576899999993
 }
}