{
 "single": {
  "first": 18101.2762,
  "second": 27560.309319,
  "diff": 9459.033119
 },
 "multi": {
  "first": 27561.33493,
  "second": 30982.084789,
  "diff": 3420.7498589999996
 }
}