{
 "single": {
  "first": 20955.291255,
  "second": 32969.964021,
  "diff": 12014.672766
 },
 "multi": {
  "first": 32970.864059,
  "second": 38183.224749,
  "diff": 5212.360690000001
 }
}