{
 "single": {
  "first": 24264.558986,
  "second": 37107.488829,
  "diff": 12842.929843000002
 },
 "multi": {
  "first": 37108.345299,
  "second": 41891.781797999996,
  "diff": 4783.436498999996
 }
}