{
 "single": {
  "first": 411.79694,
  "second": 449.457782,
  "diff": 37.660842
 },
 "multi": {
  "first": 450.372742,
  "second": 753.199045,
  "diff": 302.82630299999994
 }
}