{
 "single": {
  "first": 28367.309486,
  "second": 43543.090495,
  "diff": 15175.781008999998
 },
 "multi": {
  "first": 43543.945686,
  "second": 49182.590881,
  "diff": 5638.645194999997
 }
}