{
 "single": {
  "first": 33846.295097,
  "second": 54420.87998,
  "diff": 20574.584882999996
 },
 "multi": {
  "first": 54422.130309,
  "second": 61578.257802,
  "diff": 7156.127493
 }
}