{
 "single": {
  "first": 38281.369628,
  "second": 60393.912177,
  "diff": 22112.542548999998
 },
 "multi": {
  "first": 60395.066644,
  "second": 67888.768178,
  "diff": 7493.701534
 }
}