{
 "single": {
  "first": 43518.355606,
  "second": 68779.456236,
  "diff": 25261.10063
 },
 "multi": {
  "first": 68780.63337,
  "second": 77139.806218,
  "diff": 8359.172848000002
 }
}