{
 "single": {
  "first": 48419.807138,
  "second": 75053.116577,
  "diff": 26633.309438999997
 },
 "multi": {
  "first": 75054.001374,
  "second": 84195.029519,
  "diff": 9141.028145000004
 }
}