{
 "single": {
  "first": 55181.460711,
  "second": 87398.058706,
  "diff": 32216.597994999996
 },
 "multi": {
  "first": 87398.990881,
  "second": 98234.740314,
  "diff": 10835.74943299999
 }
}