{
 "single": {
  "first": 455.655415,
  "second": 536.981794,
  "diff": 81.32637900000003
 },
 "multi": {
  "first": 538.023119,
  "second": 948.30235,
  "diff": 410.2792310000001
 }
}