{
 "single": {
  "first": 617.615214,
  "second": 769.614632,
  "diff": 151.999418
 },
 "multi": {
  "first": 770.57528,
  "second": 1538.905522,
  "diff": 768.330242
 }
}