{
 "single": {
  "first": 483.81959,
  "second": 490.493636,
  "diff": 6.674045999999976
 },
 "multi": {
  "first": 491.618682,
  "second": 784.212762,
  "diff": 292.59408
 }
}