{
 "single": {
  "first": 818.941708,
  "second": 1077.751129,
  "diff": 258.80942100000004
 },
 "multi": {
  "first": 1078.634478,
  "second": 1923.973614,
  "diff": 845.339136
 }
}