{
 "single": {
  "first": 1201.294122,
  "second": 1627.634216,
  "diff": 426.3400939999999
 },
 "multi": {
  "first": 1628.508756,
  "second": 2553.661161,
  "diff": 925.152405
 }
}