{
 "single": {
  "first": 1663.5963940000001,
  "second": 2331.059666,
  "diff": 667.463272
 },
 "multi": {
  "first": 2331.909627,
  "second": 3370.806218,
  "diff": 1038.8965910000002
 }
}