{
 "single": {
  "first": 2310.203923,
  "second": 3296.416356,
  "diff": 986.2124330000001
 },
 "multi": {
  "first": 3297.342342,
  "second": 4479.724683,
  "diff": 1182.3823410000005
 }
}