{
 "single": {
  "first": 3087.623149,
  "second": 4531.954896,
  "diff": 1444.3317470000002
 },
 "multi": {
  "first": 4532.828817,
  "second": 5867.783906,
  "diff": 1334.955089
 }
}