{
 "single": {
  "first": 606.897433,
  "second": 756.246644,
  "diff": 149.34921099999997
 },
 "multi": {
  "first": 757.090826,
  "second": 1254.4296180000001,
  "diff": 497.3387920000001
 }
}