{
 "single": {
  "first": 595.84839,
  "second": 752.475966,
  "diff": 156.62757599999998
 },
 "multi": {
  "first": 753.32818,
  "second": 1146.358773,
  "diff": 393.03059299999995
 }
}