{
 "single": {
  "first": 593.244106,
  "second": 738.325122,
  "diff": 145.08101599999998
 },
 "multi": {
  "first": 739.187971,
  "second": 1115.340304,
  "diff": 376.1523330000001
 }
}