{
 "single": {
  "first": 600.013313,
  "second": 749.448296,
  "diff": 149.434983
 },
 "multi": {
  "first": 750.323025,
  "second": 1148.614715,
  "diff": 398.2916899999999
 }
}