{
 "single": {
  "first": 602.288124,
  "second": 751.739649,
  "diff": 149.45152499999995
 },
 "multi": {
  "first": 752.651971,
  "second": 1133.314592,
  "diff": 380.66262099999994
 }
}