{
 "single": {
  "first": 605.378549,
  "second": 757.614467,
  "diff": 152.23591799999997
 },
 "multi": {
  "first": 758.6574,
  "second": 1140.477297,
  "diff": 381.81989699999986
 }
}