{
 "single": {
  "first": 561.6803,
  "second": 707.774301,
  "diff": 146.09400100000005
 },
 "multi": {
  "first": 708.70014,
  "second": 1214.790641,
  "diff": 506.090501
 }
}