{
 "single": {
  "first": 601.784408,
  "second": 751.741492,
  "diff": 149.957084
 },
 "multi": {
  "first": 752.610564,
  "second": 1250.505029,
  "diff": 497.89446499999997
 }
}