{
 "single": {
  "first": 573.356762,
  "second": 716.215135,
  "diff": 142.85837300000003
 },
 "multi": {
  "first": 717.20152,
  "second": 1078.586471,
  "diff": 361.3849510000001
 }
}