{
 "single": {
  "first": 603.43541,
  "second": 748.628421,
  "diff": 145.19301099999996
 },
 "multi": {
  "first": 749.570432,
  "second": 1477.618933,
  "diff": 728.048501
 }
}