{
 "single": {
  "first": 2395.730019,
  "second": 3530.200698,
  "diff": 1134.470679
 },
 "multi": {
  "first": 3531.2010920000002,
  "second": 4698.085186,
  "diff": 1166.884094
 }
}