{
 "single": {
  "first": 2326.897505,
  "second": 3351.841279,
  "diff": 1024.9437740000003
 },
 "multi": {
  "first": 3352.744643,
  "second": 4439.346565,
  "diff": 1086.6019219999998
 }
}