{
 "single": {
  "first": 2281.426179,
  "second": 3322.4795910000003,
  "diff": 1041.0534120000002
 },
 "multi": {
  "first": 3323.747387,
  "second": 4474.893824,
  "diff": 1151.1464369999999
 }
}