{
 "single": {
  "first": 2336.283843,
  "second": 3393.169428,
  "diff": 1056.885585
 },
 "multi": {
  "first": 3394.0328600000003,
  "second": 4494.064716,
  "diff": 1100.0318559999996
 }
}