{
 "single": {
  "first": 2303.011364,
  "second": 3354.000845,
  "diff": 1050.989481
 },
 "multi": {
  "first": 3354.875353,
  "second": 4439.872345,
  "diff": 1084.9969919999999
 }
}