{
 "single": {
  "first": 2338.371183,
  "second": 3419.094694,
  "diff": 1080.7235109999997
 },
 "multi": {
  "first": 3420.007518,
  "second": 4562.578314,
  "diff": 1142.5707960000004
 }
}