{
 "single": {
  "first": 2523.852065,
  "second": 3700.360555,
  "diff": 1176.5084900000002
 },
 "multi": {
  "first": 3701.336648,
  "second": 4875.155508,
  "diff": 1173.8188599999999
 }
}