{
 "single": {
  "first": 2312.858377,
  "second": 3347.14969,
  "diff": 1034.2913130000002
 },
 "multi": {
  "first": 3348.099879,
  "second": 4421.364018,
  "diff": 1073.2641390000003
 }
}