{
 "single": {
  "first": 2376.3560509999998,
  "second": 3400.249996,
  "diff": 1023.8939450000003
 },
 "multi": {
  "first": 3401.102168,
  "second": 4560.060048,
  "diff": 1158.9578800000004
 }
}