{
 "single": {
  "first": 2445.235855,
  "second": 3468.704967,
  "diff": 1023.4691120000002
 },
 "multi": {
  "first": 3469.536643,
  "second": 4607.944342,
  "diff": 1138.4076989999999
 }
}