{
 "single": {
  "first": 21570.006522,
  "second": 34111.02983,
  "diff": 12541.023308
 },
 "multi": {
  "first": 34112.10423,
  "second": 39720.770726,
  "diff": 5608.666496000005
 }
}