{
 "single": {
  "first": 20906.105161,
  "second": 32816.288157,
  "diff": 11910.182996000003
 },
 "multi": {
  "first": 32817.305736,
  "second": 40572.25972,
  "diff": 7754.953984
 }
}