{
 "single": {
  "first": 22136.155264,
  "second": 33841.85592,
  "diff": 11705.700656
 },
 "multi": {
  "first": 33842.738979,
  "second": 39611.705161,
  "diff": 5768.9661819999965
 }
}