{
 "single": {
  "first": 21302.772892,
  "second": 33110.513631,
  "diff": 11807.740739
 },
 "multi": {
  "first": 33111.526441,
  "second": 38687.000565,
  "diff": 5575.474124
 }
}