{
 "single": {
  "first": 21030.983518,
  "second": 32532.095481,
  "diff": 11501.111963
 },
 "multi": {
  "first": 32532.970866,
  "second": 39453.764111,
  "diff": 6920.793244999997
 }
}