{
 "single": {
  "first": 21589.196643,
  "second": 34544.64513,
  "diff": 12955.448486999998
 },
 "multi": {
  "first": 34546.0151,
  "second": 41451.766429,
  "diff": 6905.751329000006
 }
}