{
 "single": {
  "first": 20675.2155,
  "second": 32354.788736,
  "diff": 11679.573236
 },
 "multi": {
  "first": 32355.77203,
  "second": 38493.750164,
  "diff": 6137.978133999997
 }
}