{
 "single": {
  "first": 21083.679753,
  "second": 33507.443437,
  "diff": 12423.763684000001
 },
 "multi": {
  "first": 33508.396341,
  "second": 38783.534862,
  "diff": 5275.138521000001
 }
}