{
 "single": {
  "first": 21582.996776,
  "second": 34534.940747,
  "diff": 12951.943971
 },
 "multi": {
  "first": 34535.854556,
  "second": 39968.345318,
  "diff": 5432.490762000001
 }
}