{
 "single": {
  "first": 21218.955566,
  "second": 32645.979665,
  "diff": 11427.024098999998
 },
 "multi": {
  "first": 32646.89733,
  "second": 38508.207049,
  "diff": 5861.309718999997
 }
}