{
 "single": {
  "first": 23711.445809,
  "second": 37914.1813,
  "diff": 14202.735490999996
 },
 "multi": {
  "first": 37915.189961,
  "second": 42988.067379,
  "diff": 5072.877418000004
 }
}