{
 "single": {
  "first": 24867.569821,
  "second": 39709.868006,
  "diff": 14842.298184999996
 },
 "multi": {
  "first": 39710.901699,
  "second": 44835.624252,
  "diff": 5124.722553
 }
}