{
 "single": {
  "first": 24456.772961,
  "second": 37430.460234,
  "diff": 12973.687273
 },
 "multi": {
  "first": 37431.497081,
  "second": 42205.998602,
  "diff": 4774.501520999998
 }
}