{
 "single": {
  "first": 25253.949658,
  "second": 38859.967791,
  "diff": 13606.018133000001
 },
 "multi": {
  "first": 38860.892134,
  "second": 43871.709772,
  "diff": 5010.817638
 }
}