{
 "single": {
  "first": 25413.534384,
  "second": 40232.21509,
  "diff": 14818.680706
 },
 "multi": {
  "first": 40233.1988,
  "second": 45281.280661,
  "diff": 5048.081860999999
 }
}