{
 "single": {
  "first": 25464.794884,
  "second": 39707.647015,
  "diff": 14242.852131000003
 },
 "multi": {
  "first": 39708.727181,
  "second": 44880.881307,
  "diff": 5172.154126000001
 }
}