{
 "single": {
  "first": 24842.317098,
  "second": 39500.16291,
  "diff": 14657.845812
 },
 "multi": {
  "first": 39501.068716,
  "second": 44532.296541,
  "diff": 5031.227825000002
 }
}