{
 "single": {
  "first": 24608.693342,
  "second": 38568.981228,
  "diff": 13960.287885999998
 },
 "multi": {
  "first": 38570.006653,
  "second": 43779.713011,
  "diff": 5209.706358000003
 }
}