{
 "single": {
  "first": 24873.354438,
  "second": 38794.727467,
  "diff": 13921.373028999998
 },
 "multi": {
  "first": 38795.678942,
  "second": 43735.994844,
  "diff": 4940.315902000002
 }
}