{
 "single": {
  "first": 24838.813824,
  "second": 39239.832579,
  "diff": 14401.018755000001
 },
 "multi": {
  "first": 39240.847419,
  "second": 44385.410816,
  "diff": 5144.563397000005
 }
}