{
 "single": {
  "first": 384.224698,
  "second": 424.571448,
  "diff": 40.346749999999986
 },
 "multi": {
  "first": 425.449892,
  "second": 581.313272,
  "diff": 155.86338
 }
}