{
 "single": {
  "first": 393.385507,
  "second": 429.62131,
  "diff": 36.235802999999976
 },
 "multi": {
  "first": 430.53586,
  "second": 586.639624,
  "diff": 156.103764
 }
}