{
 "single": {
  "first": 385.198324,
  "second": 421.925485,
  "diff": 36.72716099999997
 },
 "multi": {
  "first": 423.170337,
  "second": 578.290965,
  "diff": 155.120628
 }
}