{
 "single": {
  "first": 398.184618,
  "second": 433.910762,
  "diff": 35.72614399999998
 },
 "multi": {
  "first": 434.802547,
  "second": 598.909212,
  "diff": 164.10666500000002
 }
}