{
 "single": {
  "first": 393.479206,
  "second": 429.002701,
  "diff": 35.523495000000025
 },
 "multi": {
  "first": 429.885289,
  "second": 594.625941,
  "diff": 164.740652
 }
}