{
 "single": {
  "first": 385.330201,
  "second": 424.965007,
  "diff": 39.634806000000026
 },
 "multi": {
  "first": 425.866793,
  "second": 591.641491,
  "diff": 165.774698
 }
}