{
 "single": {
  "first": 389.489993,
  "second": 424.953263,
  "diff": 35.463269999999966
 },
 "multi": {
  "first": 425.804179,
  "second": 592.03762,
  "diff": 166.23344099999997
 }
}