{
 "single": {
  "first": 392.226932,
  "second": 428.059364,
  "diff": 35.83243200000004
 },
 "multi": {
  "first": 428.900562,
  "second": 573.215703,
  "diff": 144.31514099999998
 }
}