{
 "single": {
  "first": 382.106469,
  "second": 417.10607,
  "diff": 34.999600999999984
 },
 "multi": {
  "first": 417.994841,
  "second": 574.914748,
  "diff": 156.91990700000002
 }
}