{
 "single": {
  "first": 392.435199,
  "second": 430.125142,
  "diff": 37.68994299999997
 },
 "multi": {
  "first": 430.987539,
  "second": 598.348936,
  "diff": 167.36139699999995
 }
}