{
 "single": {
  "first": 391.202315,
  "second": 396.505645,
  "diff": 5.303330000000017
 },
 "multi": {
  "first": 397.303291,
  "second": 494.644114,
  "diff": 97.340823
 }
}