{
 "single": {
  "first": 379.562361,
  "second": 384.553857,
  "diff": 4.991495999999984
 },
 "multi": {
  "first": 385.382672,
  "second": 482.451306,
  "diff": 97.06863399999997
 }
}