{
 "single": {
  "first": 403.149118,
  "second": 408.346814,
  "diff": 5.197696000000008
 },
 "multi": {
  "first": 409.117907,
  "second": 505.697722,
  "diff": 96.579815
 }
}