{
 "single": {
  "first": 387.084545,
  "second": 392.277235,
  "diff": 5.192690000000027
 },
 "multi": {
  "first": 393.038667,
  "second": 493.68525,
  "diff": 100.64658300000002
 }
}