{
 "single": {
  "first": 388.355253,
  "second": 393.914337,
  "diff": 5.559083999999984
 },
 "multi": {
  "first": 394.722927,
  "second": 493.249216,
  "diff": 98.52628899999996
 }
}