{
 "single": {
  "first": 373.382824,
  "second": 378.831181,
  "diff": 5.448356999999987
 },
 "multi": {
  "first": 379.604516,
  "second": 475.301322,
  "diff": 95.69680600000004
 }
}