{
 "single": {
  "first": 380.112802,
  "second": 385.054602,
  "diff": 4.941800000000001
 },
 "multi": {
  "first": 385.809913,
  "second": 481.519557,
  "diff": 95.70964400000003
 }
}