{
 "single": {
  "first": 378.277065,
  "second": 384.222241,
  "diff": 5.945176000000004
 },
 "multi": {
  "first": 385.137288,
  "second": 490.074327,
  "diff": 104.93703899999997
 }
}