{
 "single": {
  "first": 372.866775,
  "second": 378.225659,
  "diff": 5.358883999999989
 },
 "multi": {
  "first": 378.998131,
  "second": 476.107845,
  "diff": 97.109714
 }
}