{
 "single": {
  "first": 372.626557,
  "second": 377.694849,
  "diff": 5.068291999999985
 },
 "multi": {
  "first": 378.450457,
  "second": 473.765656,
  "diff": 95.315199
 }
}