{
 "single": {
  "first": 31981.000341,
  "second": 49502.340579,
  "diff": 17521.340238000004
 },
 "multi": {
  "first": 49503.16632,
  "second": 66187.045735,
  "diff": 16683.87941500001
 }
}