{
 "single": {
  "first": 32012.623488,
  "second": 49345.060195,
  "diff": 17332.436706999997
 },
 "multi": {
  "first": 49345.936452,
  "second": 66045.337773,
  "diff": 16699.401321000005
 }
}