{
 "single": {
  "first": 31710.29889,
  "second": 48965.948983,
  "diff": 17255.650093000004
 },
 "multi": {
  "first": 48966.829138,
  "second": 65740.944969,
  "diff": 16774.115831000003
 }
}