{
 "single": {
  "first": 31977.858184,
  "second": 49338.319517,
  "diff": 17360.461333000003
 },
 "multi": {
  "first": 49339.182529,
  "second": 65838.660607,
  "diff": 16499.478078
 }
}