{
 "single": {
  "first": 32418.120653,
  "second": 49928.151199,
  "diff": 17510.030545999998
 },
 "multi": {
  "first": 49929.172974,
  "second": 66695.925405,
  "diff": 16766.752431
 }
}