{
 "single": {
  "first": 31187.525732,
  "second": 48529.347866,
  "diff": 17341.822134
 },
 "multi": {
  "first": 48530.213313,
  "second": 65200.11374,
  "diff": 16669.900427
 }
}