{
 "single": {
  "first": 32138.183614,
  "second": 49239.506353,
  "diff": 17101.322738999996
 },
 "multi": {
  "first": 49240.390577,
  "second": 65864.474095,
  "diff": 16624.083518
 }
}