{
 "single": {
  "first": 1202.441722,
  "second": 1622.161416,
  "diff": 419.7196939999999
 },
 "multi": {
  "first": 1623.058285,
  "second": 2155.201791,
  "diff": 532.1435059999999
 }
}