{
 "single": {
  "first": 1179.437845,
  "second": 1597.494968,
  "diff": 418.05712300000005
 },
 "multi": {
  "first": 1598.3413759999999,
  "second": 2125.774618,
  "diff": 527.4332420000001
 }
}