{
 "single": {
  "first": 1190.767695,
  "second": 1609.641202,
  "diff": 418.873507
 },
 "multi": {
  "first": 1610.4995239999998,
  "second": 2145.403196,
  "diff": 534.9036720000004
 }
}