{
 "single": {
  "first": 1166.865462,
  "second": 1580.04691,
  "diff": 413.18144800000005
 },
 "multi": {
  "first": 1580.873699,
  "second": 2095.085943,
  "diff": 514.212244
 }
}