{
 "single": {
  "first": 1112.479501,
  "second": 1518.509489,
  "diff": 406.029988
 },
 "multi": {
  "first": 1519.367868,
  "second": 2049.676056,
  "diff": 530.3081879999997
 }
}