{
 "single": {
  "first": 1156.28775,
  "second": 1589.306525,
  "diff": 433.018775
 },
 "multi": {
  "first": 1590.180278,
  "second": 2114.293755,
  "diff": 524.1134770000001
 }
}