{
 "single": {
  "first": 1189.724507,
  "second": 1611.24326,
  "diff": 421.51875300000006
 },
 "multi": {
  "first": 1612.138145,
  "second": 2152.094639,
  "diff": 539.956494
 }
}