{
 "single": {
  "first": 1168.145404,
  "second": 1580.151008,
  "diff": 412.00560399999995
 },
 "multi": {
  "first": 1580.99062,
  "second": 2112.892868,
  "diff": 531.9022479999999
 }
}