{
 "single": {
  "first": 1193.810365,
  "second": 1619.140622,
  "diff": 425.33025699999985
 },
 "multi": {
  "first": 1620.054885,
  "second": 2141.766232,
  "diff": 521.7113469999999
 }
}