{
 "single": {
  "first": 1140.968044,
  "second": 1563.075878,
  "diff": 422.10783400000014
 },
 "multi": {
  "first": 1563.945019,
  "second": 2091.785362,
  "diff": 527.8403430000001
 }
}