{
 "single": {
  "first": 447.392271,
  "second": 526.37299,
  "diff": 78.98071899999997
 },
 "multi": {
  "first": 527.233869,
  "second": 734.709824,
  "diff": 207.475955
 }
}