{
 "single": {
  "first": 440.681868,
  "second": 512.535043,
  "diff": 71.85317499999996
 },
 "multi": {
  "first": 513.421773,
  "second": 941.341833,
  "diff": 427.9200599999999
 }
}