{
 "single": {
  "first": 444.919267,
  "second": 521.161023,
  "diff": 76.24175600000001
 },
 "multi": {
  "first": 522.04258,
  "second": 860.736182,
  "diff": 338.69360199999994
 }
}