{
 "single": {
  "first": 454.459058,
  "second": 531.278896,
  "diff": 76.819838
 },
 "multi": {
  "first": 532.182737,
  "second": 872.544678,
  "diff": 340.361941
 }
}