{
 "single": {
  "first": 461.72821,
  "second": 548.689942,
  "diff": 86.96173199999998
 },
 "multi": {
  "first": 549.689229,
  "second": 798.762149,
  "diff": 249.07292000000007
 }
}