{
 "single": {
  "first": 441.202585,
  "second": 516.160975,
  "diff": 74.95839000000001
 },
 "multi": {
  "first": 517.045802,
  "second": 837.37503,
  "diff": 320.32922800000006
 }
}