{
 "single": {
  "first": 442.941523,
  "second": 518.971129,
  "diff": 76.029606
 },
 "multi": {
  "first": 519.822052,
  "second": 942.979953,
  "diff": 423.15790100000004
 }
}