{
 "single": {
  "first": 445.527281,
  "second": 525.145839,
  "diff": 79.61855800000001
 },
 "multi": {
  "first": 526.029269,
  "second": 744.094623,
  "diff": 218.06535399999996
 }
}