{
 "single": {
  "first": 447.040169,
  "second": 523.944377,
  "diff": 76.90420800000004
 },
 "multi": {
  "first": 524.810728,
  "second": 736.035539,
  "diff": 211.22481099999993
 }
}