{
 "single": {
  "first": 451.265451,
  "second": 527.797267,
  "diff": 76.53181600000005
 },
 "multi": {
  "first": 528.687137,
  "second": 845.221368,
  "diff": 316.534231
 }
}