{
 "single": {
  "first": 4453.552969,
  "second": 6459.820148,
  "diff": 2006.2671789999995
 },
 "multi": {
  "first": 6460.798455,
  "second": 7774.814987,
  "diff": 1314.0165319999996
 }
}