{
 "single": {
  "first": 3889.726534,
  "second": 6158.652307,
  "diff": 2268.9257730000004
 },
 "multi": {
  "first": 6160.256395,
  "second": 7690.056687,
  "diff": 1529.800292
 }
}