{
 "single": {
  "first": 4082.902566,
  "second": 6372.092543,
  "diff": 2289.1899769999995
 },
 "multi": {
  "first": 6373.033888,
  "second": 7383.432734,
  "diff": 1010.398846
 }
}