{
 "single": {
  "first": 4041.066041,
  "second": 6155.893513,
  "diff": 2114.827472
 },
 "multi": {
  "first": 6157.070459,
  "second": 7152.417451,
  "diff": 995.3469920000007
 }
}