{
 "single": {
  "first": 4137.173306,
  "second": 6255.478548,
  "diff": 2118.3052420000004
 },
 "multi": {
  "first": 6256.371966,
  "second": 7254.657077,
  "diff": 998.2851110000001
 }
}