{
 "single": {
  "first": 4173.673635,
  "second": 6375.288979,
  "diff": 2201.615344
 },
 "multi": {
  "first": 6376.196215,
  "second": 7344.689153,
  "diff": 968.4929380000003
 }
}