{
 "single": {
  "first": 4359.544807,
  "second": 6594.205682,
  "diff": 2234.6608749999996
 },
 "multi": {
  "first": 6595.334795,
  "second": 7731.4884839999995,
  "diff": 1136.1536889999998
 }
}