{
 "single": {
  "first": 4296.55113,
  "second": 6266.243666,
  "diff": 1969.6925360000005
 },
 "multi": {
  "first": 6267.113238,
  "second": 7277.975454,
  "diff": 1010.8622160000004
 }
}