{
 "single": {
  "first": 3724.032957,
  "second": 5786.290474,
  "diff": 2062.2575170000005
 },
 "multi": {
  "first": 5787.131368,
  "second": 7017.213079,
  "diff": 1230.0817109999998
 }
}