{
 "single": {
  "first": 3901.830989,
  "second": 5862.045742,
  "diff": 1960.2147530000002
 },
 "multi": {
  "first": 5862.914891,
  "second": 6832.360905,
  "diff": 969.4460139999992
 }
}