{
 "single": {
  "first": 17178.714914,
  "second": 27347.335942,
  "diff": 10168.621028000001
 },
 "multi": {
  "first": 27348.457287,
  "second": 31902.822623,
  "diff": 4554.365335999999
 }
}