{
 "single": {
  "first": 17965.589482,
  "second": 27962.515947,
  "diff": 9996.926465
 },
 "multi": {
  "first": 27963.512231,
  "second": 32667.905997,
  "diff": 4704.393766000001
 }
}