{
 "single": {
  "first": 18011.613995,
  "second": 27758.275448,
  "diff": 9746.661453
 },
 "multi": {
  "first": 27759.224697999998,
  "second": 31427.326357,
  "diff": 3668.1016590000036
 }
}