{
 "single": {
  "first": 17247.80876,
  "second": 27082.379047,
  "diff": 9834.570286999999
 },
 "multi": {
  "first": 27083.367815,
  "second": 31135.76643,
  "diff": 4052.3986149999982
 }
}