{
 "single": {
  "first": 17152.798301,
  "second": 27158.515699,
  "diff": 10005.717398
 },
 "multi": {
  "first": 27159.371107,
  "second": 31506.622951,
  "diff": 4347.251844000002
 }
}