{
 "single": {
  "first": 17552.159811,
  "second": 27805.891146,
  "diff": 10253.731335
 },
 "multi": {
  "first": 27806.926192,
  "second": 31676.435666,
  "diff": 3869.5094740000022
 }
}