{
 "single": {
  "first": 18195.008095,
  "second": 27941.866307,
  "diff": 9746.858212
 },
 "multi": {
  "first": 27942.803216,
  "second": 32476.014539,
  "diff": 4533.2113229999995
 }
}