{
 "single": {
  "first": 18766.691656,
  "second": 28841.696355,
  "diff": 10075.004699000001
 },
 "multi": {
  "first": 28842.817059,
  "second": 33153.361058,
  "diff": 4310.543999000001
 }
}