{
 "single": {
  "first": 17452.586672,
  "second": 27383.396935,
  "diff": 9930.810263
 },
 "multi": {
  "first": 27384.253863,
  "second": 31251.85214,
  "diff": 3867.5982769999973
 }
}