{
 "single": {
  "first": 17256.212319,
  "second": 27197.435432,
  "diff": 9941.223113
 },
 "multi": {
  "first": 27198.348359,
  "second": 31084.353135,
  "diff": 3886.0047760000016
 }
}