{
 "single": {
  "first": 28087.891546,
  "second": 43274.064794,
  "diff": 15186.173248
 },
 "multi": {
  "first": 43274.911215,
  "second": 49345.866525,
  "diff": 6070.955309999998
 }
}