{
 "single": {
  "first": 28019.540326,
  "second": 42924.640196,
  "diff": 14905.099870000002
 },
 "multi": {
  "first": 42925.531993,
  "second": 48732.565167,
  "diff": 5807.033174000004
 }
}