{
 "single": {
  "first": 27576.409658,
  "second": 42757.777275,
  "diff": 15181.367617
 },
 "multi": {
  "first": 42758.673311,
  "second": 48266.688811,
  "diff": 5508.015500000001
 }
}