{
 "single": {
  "first": 26656.115753,
  "second": 42004.675112,
  "diff": 15348.559358999999
 },
 "multi": {
  "first": 42005.568853,
  "second": 47093.776053,
  "diff": 5088.207200000004
 }
}