{
 "single": {
  "first": 26919.200566,
  "second": 42358.604041,
  "diff": 15439.403475
 },
 "multi": {
  "first": 42359.447346,
  "second": 47514.519003,
  "diff": 5155.071657
 }
}