{
 "single": {
  "first": 27624.707761,
  "second": 43066.313703,
  "diff": 15441.605941999998
 },
 "multi": {
  "first": 43067.170238,
  "second": 48920.155272,
  "diff": 5852.985034000005
 }
}