{
 "single": {
  "first": 27858.099568999998,
  "second": 42982.613092,
  "diff": 15124.513523000001
 },
 "multi": {
  "first": 42983.48553,
  "second": 48913.076187,
  "diff": 5929.590657000001
 }
}