{
 "single": {
  "first": 27363.78048,
  "second": 42571.00621,
  "diff": 15207.225729999998
 },
 "multi": {
  "first": 42571.837158,
  "second": 47964.621466,
  "diff": 5392.784307999995
 }
}