{
 "single": {
  "first": 28350.264843,
  "second": 43668.665175,
  "diff": 15318.400332000001
 },
 "multi": {
  "first": 43669.56079,
  "second": 48973.506032,
  "diff": 5303.945241999994
 }
}