{
 "single": {
  "first": 27848.39587,
  "second": 44737.023859,
  "diff": 16888.627989
 },
 "multi": {
  "first": 44737.873206,
  "second": 50421.560497,
  "diff": 5683.687291000002
 }
}