{
 "single": {
  "first": 6791.692452,
  "second": 10660.677098,
  "diff": 3868.984646
 },
 "multi": {
  "first": 10661.562979,
  "second": 13244.255319,
  "diff": 2582.6923399999996
 }
}