{
 "single": {
  "first": 6159.829227,
  "second": 9684.117588,
  "diff": 3524.288360999999
 },
 "multi": {
  "first": 9685.065151,
  "second": 11860.806746,
  "diff": 2175.7415949999995
 }
}