{
 "single": {
  "first": 6416.8941859999995,
  "second": 10227.883127,
  "diff": 3810.9889409999996
 },
 "multi": {
  "first": 10228.846701,
  "second": 12591.968812,
  "diff": 2363.1221109999988
 }
}