{
 "single": {
  "first": 6927.543446,
  "second": 10649.727035,
  "diff": 3722.183589
 },
 "multi": {
  "first": 10650.690731,
  "second": 12970.274014999999,
  "diff": 2319.5832839999985
 }
}