{
 "single": {
  "first": 6900.176321,
  "second": 10734.960521,
  "diff": 3834.784200000001
 },
 "multi": {
  "first": 10735.9717,
  "second": 13595.597329,
  "diff": 2859.625629
 }
}