{
 "single": {
  "first": 7017.548575,
  "second": 10608.452657,
  "diff": 3590.904082
 },
 "multi": {
  "first": 10609.391257,
  "second": 12905.7331,
  "diff": 2296.341843
 }
}