{
 "single": {
  "first": 6472.31814,
  "second": 9866.111596,
  "diff": 3393.7934560000003
 },
 "multi": {
  "first": 9867.008057,
  "second": 11892.955885,
  "diff": 2025.9478280000003
 }
}