{
 "single": {
  "first": 7069.417164,
  "second": 10746.736627,
  "diff": 3677.319463
 },
 "multi": {
  "first": 10747.636641000001,
  "second": 12855.443917,
  "diff": 2107.8072759999995
 }
}