{
 "single": {
  "first": 6665.1532449999995,
  "second": 10348.201316,
  "diff": 3683.048071000001
 },
 "multi": {
  "first": 10349.189209,
  "second": 12681.781582,
  "diff": 2332.5923729999995
 }
}