{
 "single": {
  "first": 6872.886985,
  "second": 10335.228729,
  "diff": 3462.3417440000003
 },
 "multi": {
  "first": 10336.092688,
  "second": 12821.45365,
  "diff": 2485.360961999999
 }
}