{
 "single": {
  "first": 14954.929474,
  "second": 23357.39182,
  "diff": 8402.462346
 },
 "multi": {
  "first": 23358.27749,
  "second": 27237.534,
  "diff": 3879.2565099999993
 }
}