{
 "single": {
  "first": 15318.424572,
  "second": 23192.83354,
  "diff": 7874.408968
 },
 "multi": {
  "first": 23193.919112,
  "second": 27252.622088,
  "diff": 4058.7029760000005
 }
}