{
 "single": {
  "first": 14978.740153,
  "second": 23357.019271,
  "diff": 8378.279118
 },
 "multi": {
  "first": 23357.893626,
  "second": 27189.635933,
  "diff": 3831.7423070000004
 }
}