{
 "single": {
  "first": 14734.691071,
  "second": 22899.467436,
  "diff": 8164.776365
 },
 "multi": {
  "first": 22900.422358,
  "second": 27634.985728,
  "diff": 4734.56337
 }
}