{
 "single": {
  "first": 15292.033484,
  "second": 23822.221545,
  "diff": 8530.188061
 },
 "multi": {
  "first": 23823.481416,
  "second": 28917.338421,
  "diff": 5093.857005000002
 }
}