{
 "single": {
  "first": 14828.765844,
  "second": 23335.362117,
  "diff": 8506.596273000001
 },
 "multi": {
  "first": 23336.226943,
  "second": 26927.279722,
  "diff": 3591.052778999998
 }
}