{
 "single": {
  "first": 14452.464439,
  "second": 22498.113934,
  "diff": 8045.6494950000015
 },
 "multi": {
  "first": 22499.036003,
  "second": 26326.014256,
  "diff": 3826.9782529999975
 }
}