{
 "single": {
  "first": 15317.040454,
  "second": 23974.300554,
  "diff": 8657.260100000001
 },
 "multi": {
  "first": 23975.392195,
  "second": 27953.158493,
  "diff": 3977.7662979999986
 }
}