{
 "single": {
  "first": 15776.283077,
  "second": 23740.504386,
  "diff": 7964.2213090000005
 },
 "multi": {
  "first": 23741.405437,
  "second": 27154.682178,
  "diff": 3413.276740999998
 }
}