{
 "single": {
  "first": 15063.632687,
  "second": 23640.925699,
  "diff": 8577.293012
 },
 "multi": {
  "first": 23641.833529,
  "second": 27965.068943,
  "diff": 4323.235413999999
 }
}