{
 "single": {
  "first": 13041.352485,
  "second": 19850.923537,
  "diff": 6809.571051999999
 },
 "multi": {
  "first": 19851.932124,
  "second": 22385.469992,
  "diff": 2533.5378679999994
 }
}