{
 "single": {
  "first": 12616.785926,
  "second": 19871.403456,
  "diff": 7254.6175299999995
 },
 "multi": {
  "first": 19872.550554,
  "second": 22338.501241,
  "diff": 2465.9506870000005
 }
}