{
 "single": {
  "first": 12371.409193,
  "second": 20013.822585,
  "diff": 7642.413392000002
 },
 "multi": {
  "first": 20014.986502,
  "second": 23030.12927,
  "diff": 3015.1427680000015
 }
}