{
 "single": {
  "first": 12694.911224,
  "second": 19408.480904,
  "diff": 6713.5696800000005
 },
 "multi": {
  "first": 19409.272546,
  "second": 21832.646822,
  "diff": 2423.3742759999986
 }
}