{
 "single": {
  "first": 12807.730752,
  "second": 19872.616777,
  "diff": 7064.886025
 },
 "multi": {
  "first": 19873.52567,
  "second": 22525.247936,
  "diff": 2651.7222660000007
 }
}