{
 "single": {
  "first": 12538.593565,
  "second": 19390.47401,
  "diff": 6851.8804450000025
 },
 "multi": {
  "first": 19391.663628,
  "second": 22146.163847,
  "diff": 2754.5002190000014
 }
}