{
 "single": {
  "first": 12666.507819,
  "second": 19477.286293,
  "diff": 6810.778474000001
 },
 "multi": {
  "first": 19478.65413,
  "second": 22319.003949,
  "diff": 2840.3498190000028
 }
}