{
 "single": {
  "first": 12813.819458,
  "second": 19933.620989,
  "diff": 7119.801530999999
 },
 "multi": {
  "first": 19934.646344,
  "second": 22427.522973,
  "diff": 2492.8766289999985
 }
}