{
 "single": {
  "first": 12512.694524,
  "second": 19697.071681,
  "diff": 7184.377157000001
 },
 "multi": {
  "first": 19697.976231,
  "second": 22180.02274,
  "diff": 2482.046509
 }
}