{
 "single": {
  "first": 12674.828434,
  "second": 20030.776431,
  "diff": 7355.947996999999
 },
 "multi": {
  "first": 20031.722391,
  "second": 22575.972123,
  "diff": 2544.249732
 }
}