{
 "single": {
  "first": 2527.645702,
  "second": 3766.689548,
  "diff": 1239.043846
 },
 "multi": {
  "first": 3767.773303,
  "second": 4702.087094,
  "diff": 934.3137910000005
 }
}