{
 "single": {
  "first": 2336.797253,
  "second": 3400.950471,
  "diff": 1064.153218
 },
 "multi": {
  "first": 3401.865874,
  "second": 4112.332437,
  "diff": 710.466563
 }
}