{
 "single": {
  "first": 3066.777322,
  "second": 4197.889116,
  "diff": 1131.1117940000004
 },
 "multi": {
  "first": 4198.887767,
  "second": 5032.261086,
  "diff": 833.3733190000003
 }
}