{
 "single": {
  "first": 2285.381846,
  "second": 3305.785677,
  "diff": 1020.4038309999996
 },
 "multi": {
  "first": 3306.647203,
  "second": 3998.602216,
  "diff": 691.9550130000002
 }
}