{
 "single": {
  "first": 2165.822159,
  "second": 3222.161822,
  "diff": 1056.3396630000002
 },
 "multi": {
  "first": 3223.079119,
  "second": 4354.858457,
  "diff": 1131.7793380000003
 }
}