{
 "single": {
  "first": 2421.443842,
  "second": 3585.844922,
  "diff": 1164.40108
 },
 "multi": {
  "first": 3586.824301,
  "second": 4340.588094,
  "diff": 753.7637929999996
 }
}