{
 "single": {
  "first": 2371.025065,
  "second": 3507.267677,
  "diff": 1136.242612
 },
 "multi": {
  "first": 3508.172743,
  "second": 4291.246889,
  "diff": 783.0741459999999
 }
}