{
 "single": {
  "first": 2358.784666,
  "second": 3464.992959,
  "diff": 1106.2082930000001
 },
 "multi": {
  "first": 3465.861262,
  "second": 4433.61889,
  "diff": 967.7576279999998
 }
}