{
 "single": {
  "first": 2683.94535,
  "second": 3804.324278,
  "diff": 1120.378928
 },
 "multi": {
  "first": 3805.329087,
  "second": 4741.306984,
  "diff": 935.9778969999998
 }
}