{
 "single": {
  "first": 2580.756982,
  "second": 3775.004891,
  "diff": 1194.2479090000002
 },
 "multi": {
  "first": 3775.99076,
  "second": 4774.142306,
  "diff": 998.1515459999996
 }
}