{
 "single": {
  "first": 433.447755,
  "second": 505.911751,
  "diff": 72.46399600000001
 },
 "multi": {
  "first": 506.772448,
  "second": 783.637234,
  "diff": 276.86478600000004
 }
}