{
 "single": {
  "first": 435.889767,
  "second": 511.736195,
  "diff": 75.846428
 },
 "multi": {
  "first": 512.610656,
  "second": 870.989903,
  "diff": 358.3792470000001
 }
}