{
 "single": {
  "first": 456.553194,
  "second": 534.97195,
  "diff": 78.41875599999997
 },
 "multi": {
  "first": 535.819685,
  "second": 889.217608,
  "diff": 353.397923
 }
}