{
 "single": {
  "first": 434.43566,
  "second": 508.361173,
  "diff": 73.92551300000002
 },
 "multi": {
  "first": 509.242128,
  "second": 879.436131,
  "diff": 370.19400300000007
 }
}