{
 "single": {
  "first": 440.33998,
  "second": 514.973451,
  "diff": 74.63347099999993
 },
 "multi": {
  "first": 515.846812,
  "second": 870.908668,
  "diff": 355.06185600000003
 }
}