{
 "single": {
  "first": 446.038892,
  "second": 521.624103,
  "diff": 75.58521100000002
 },
 "multi": {
  "first": 522.474311,
  "second": 895.030842,
  "diff": 372.55653100000006
 }
}