{
 "single": {
  "first": 473.202442,
  "second": 566.007398,
  "diff": 92.80495599999995
 },
 "multi": {
  "first": 567.468198,
  "second": 862.962781,
  "diff": 295.4945829999999
 }
}