{
 "single": {
  "first": 445.574916,
  "second": 520.774495,
  "diff": 75.19957900000003
 },
 "multi": {
  "first": 521.624636,
  "second": 889.117582,
  "diff": 367.49294599999996
 }
}