{
 "single": {
  "first": 456.566396,
  "second": 536.233096,
  "diff": 79.66670000000005
 },
 "multi": {
  "first": 537.074157,
  "second": 899.803739,
  "diff": 362.72958199999994
 }
}