{
 "single": {
  "first": 457.176317,
  "second": 533.101124,
  "diff": 75.92480700000004
 },
 "multi": {
  "first": 534.020168,
  "second": 786.785658,
  "diff": 252.76549
 }
}