{
 "single": {
  "first": 21231.859239,
  "second": 33793.146538,
  "diff": 12561.287299
 },
 "multi": {
  "first": 33794.475322,
  "second": 38510.082432,
  "diff": 4715.6071100000045
 }
}