{
 "single": {
  "first": 21384.554325,
  "second": 33523.754945,
  "diff": 12139.20062
 },
 "multi": {
  "first": 33524.79133,
  "second": 40762.996809,
  "diff": 7238.205478999997
 }
}