{
 "single": {
  "first": 22251.294625,
  "second": 35895.65259,
  "diff": 13644.357965
 },
 "multi": {
  "first": 35896.724202,
  "second": 40555.855851,
  "diff": 4659.131649000003
 }
}