{
 "single": {
  "first": 21637.943345,
  "second": 34627.360602,
  "diff": 12989.417257000001
 },
 "multi": {
  "first": 34628.336111,
  "second": 39040.722997,
  "diff": 4412.386886
 }
}