{
 "single": {
  "first": 21783.763237,
  "second": 34768.424998,
  "diff": 12984.661761000003
 },
 "multi": {
  "first": 34769.665712,
  "second": 39163.938627,
  "diff": 4394.272915000001
 }
}