{
 "single": {
  "first": 21392.390932,
  "second": 34490.362912,
  "diff": 13097.971979999998
 },
 "multi": {
  "first": 34491.396835,
  "second": 38830.63993,
  "diff": 4339.243094999998
 }
}