{
 "single": {
  "first": 21973.529198,
  "second": 34942.333072,
  "diff": 12968.803874000001
 },
 "multi": {
  "first": 34943.395524,
  "second": 38711.986311,
  "diff": 3768.590787000001
 }
}