{
 "single": {
  "first": 21705.85042,
  "second": 34665.557026,
  "diff": 12959.706606000003
 },
 "multi": {
  "first": 34667.368126,
  "second": 39022.068998,
  "diff": 4354.700872000001
 }
}