{
 "single": {
  "first": 21221.192318,
  "second": 32240.865321,
  "diff": 11019.673003
 },
 "multi": {
  "first": 32241.736179,
  "second": 36266.081134,
  "diff": 4024.3449550000005
 }
}