{
 "single": {
  "first": 20647.456066,
  "second": 32119.993227,
  "diff": 11472.537161
 },
 "multi": {
  "first": 32120.900792,
  "second": 37090.295709,
  "diff": 4969.394916999998
 }
}