{
 "single": {
  "first": 9033.858177,
  "second": 14319.190969,
  "diff": 5285.332791999999
 },
 "multi": {
  "first": 14320.179463,
  "second": 16599.873631,
  "diff": 2279.694167999998
 }
}