{
 "single": {
  "first": 8327.377554,
  "second": 13491.259979,
  "diff": 5163.882425
 },
 "multi": {
  "first": 13492.403565,
  "second": 15529.712604,
  "diff": 2037.3090389999998
 }
}