{
 "single": {
  "first": 8702.203075,
  "second": 13835.583522,
  "diff": 5133.380447000001
 },
 "multi": {
  "first": 13836.48511,
  "second": 16018.52489,
  "diff": 2182.039780000001
 }
}