{
 "single": {
  "first": 9278.288783,
  "second": 14069.351755,
  "diff": 4791.062972
 },
 "multi": {
  "first": 14070.272451,
  "second": 15985.116694,
  "diff": 1914.8442429999996
 }
}