{
 "single": {
  "first": 8611.056778,
  "second": 13832.323141,
  "diff": 5221.266363000001
 },
 "multi": {
  "first": 13833.367441,
  "second": 16296.148021,
  "diff": 2462.7805800000006
 }
}