{
 "single": {
  "first": 8399.823281,
  "second": 13706.849845,
  "diff": 5307.026564
 },
 "multi": {
  "first": 13707.873015,
  "second": 16479.178162,
  "diff": 2771.305147000001
 }
}