{
 "single": {
  "first": 8813.25075,
  "second": 13884.712144,
  "diff": 5071.461394
 },
 "multi": {
  "first": 13885.87845,
  "second": 16044.729991,
  "diff": 2158.851541
 }
}