{
 "single": {
  "first": 9028.836364,
  "second": 14123.580274,
  "diff": 5094.743909999999
 },
 "multi": {
  "first": 14124.548895,
  "second": 16447.891048,
  "diff": 2323.3421530000014
 }
}