{
 "single": {
  "first": 8805.633969,
  "second": 14088.68828,
  "diff": 5283.054311
 },
 "multi": {
  "first": 14090.021787,
  "second": 16166.580237,
  "diff": 2076.5584500000004
 }
}