{
 "single": {
  "first": 8884.371085,
  "second": 14157.547618,
  "diff": 5273.176533
 },
 "multi": {
  "first": 14158.633035,
  "second": 16030.078822,
  "diff": 1871.4457869999987
 }
}