{
 "single": {
  "first": 1749.240163,
  "second": 2439.304769,
  "diff": 690.0646059999999
 },
 "multi": {
  "first": 2440.152942,
  "second": 3054.148406,
  "diff": 613.9954639999996
 }
}