{
 "single": {
  "first": 1584.5014139999998,
  "second": 2246.336956,
  "diff": 661.8355420000003
 },
 "multi": {
  "first": 2247.289828,
  "second": 3123.748151,
  "diff": 876.4583229999998
 }
}