{
 "single": {
  "first": 2094.761347,
  "second": 2896.911395,
  "diff": 802.150048
 },
 "multi": {
  "first": 2897.836459,
  "second": 3838.56525,
  "diff": 940.728791
 }
}