{
 "single": {
  "first": 1869.999265,
  "second": 2596.797582,
  "diff": 726.7983170000002
 },
 "multi": {
  "first": 2597.659922,
  "second": 3308.408915,
  "diff": 710.7489930000002
 }
}