{
 "single": {
  "first": 1687.804749,
  "second": 2508.79572,
  "diff": 820.9909710000002
 },
 "multi": {
  "first": 2509.900036,
  "second": 3285.211946,
  "diff": 775.3119099999999
 }
}