{
 "single": {
  "first": 1746.5180639999999,
  "second": 2424.860059,
  "diff": 678.3419950000002
 },
 "multi": {
  "first": 2425.97664,
  "second": 3140.660782,
  "diff": 714.6841420000001
 }
}