{
 "single": {
  "first": 1781.3027240000001,
  "second": 2522.608466,
  "diff": 741.305742
 },
 "multi": {
  "first": 2523.50936,
  "second": 3297.970828,
  "diff": 774.461468
 }
}