{
 "single": {
  "first": 1879.4785160000001,
  "second": 2661.220676,
  "diff": 781.7421599999998
 },
 "multi": {
  "first": 2662.397985,
  "second": 3342.817051,
  "diff": 680.4190659999999
 }
}