{
 "single": {
  "first": 1640.7462150000001,
  "second": 2356.853078,
  "diff": 716.106863
 },
 "multi": {
  "first": 2358.055551,
  "second": 3120.179254,
  "diff": 762.1237030000002
 }
}