{
 "single": {
  "first": 1653.370586,
  "second": 2359.692613,
  "diff": 706.3220270000002
 },
 "multi": {
  "first": 2360.637095,
  "second": 3235.833115,
  "diff": 875.1960199999999
 }
}