{
 "single": {
  "first": 21647.435089,
  "second": 34023.669731,
  "diff": 12376.234642000003
 },
 "multi": {
  "first": 34024.518804,
  "second": 38316.220133,
  "diff": 4291.701329000003
 }
}