{
 "single": {
  "first": 21353.431482,
  "second": 33820.768966,
  "diff": 12467.337484000003
 },
 "multi": {
  "first": 33821.822905,
  "second": 38074.788799,
  "diff": 4252.965894000001
 }
}