{
 "single": {
  "first": 22308.898536,
  "second": 34251.234899,
  "diff": 11942.336363000002
 },
 "multi": {
  "first": 34252.251086,
  "second": 38885.804363,
  "diff": 4633.553277000006
 }
}