{
 "single": {
  "first": 21567.166216999998,
  "second": 33707.224996,
  "diff": 12140.058778999999
 },
 "multi": {
  "first": 33708.103703,
  "second": 38203.891252,
  "diff": 4495.787549000001
 }
}