{
 "single": {
  "first": 21499.358602,
  "second": 33703.63444,
  "diff": 12204.275838000001
 },
 "multi": {
  "first": 33704.483725,
  "second": 38049.256215,
  "diff": 4344.772490000003
 }
}