{
 "single": {
  "first": 21855.031012,
  "second": 33004.43504,
  "diff": 11149.404027999997
 },
 "multi": {
  "first": 33005.305134,
  "second": 37394.822774,
  "diff": 4389.517639999998
 }
}