{
 "single": {
  "first": 21336.241411,
  "second": 33093.487772,
  "diff": 11757.246361000001
 },
 "multi": {
  "first": 33094.372241,
  "second": 37764.929901,
  "diff": 4670.557660000006
 }
}