{
 "single": {
  "first": 21226.035612,
  "second": 33429.545106,
  "diff": 12203.509493999998
 },
 "multi": {
  "first": 33432.098094,
  "second": 38048.934598,
  "diff": 4616.836503999999
 }
}