{
 "single": {
  "first": 20826.360993,
  "second": 32433.944352,
  "diff": 11607.583359
 },
 "multi": {
  "first": 32435.051492,
  "second": 36639.658631,
  "diff": 4204.607139
 }
}