{
 "single": {
  "first": 20372.599317,
  "second": 32128.998586,
  "diff": 11756.399269000001
 },
 "multi": {
  "first": 32129.852776,
  "second": 36520.478825,
  "diff": 4390.626048999999
 }
}