{
 "single": {
  "first": 3173.145839,
  "second": 4894.993159,
  "diff": 1721.8473199999999
 },
 "multi": {
  "first": 4895.91875,
  "second": 5815.855292,
  "diff": 919.9365420000004
 }
}