{
 "single": {
  "first": 3317.051924,
  "second": 4964.117007,
  "diff": 1647.065083
 },
 "multi": {
  "first": 4965.16327,
  "second": 5836.828456,
  "diff": 871.6651860000002
 }
}