{
 "single": {
  "first": 3284.822359,
  "second": 4956.352836,
  "diff": 1671.5304770000002
 },
 "multi": {
  "first": 4957.32316,
  "second": 5900.26079,
  "diff": 942.9376300000004
 }
}