{
 "single": {
  "first": 3117.666047,
  "second": 4559.077592,
  "diff": 1441.4115449999995
 },
 "multi": {
  "first": 4559.992122,
  "second": 5485.783378,
  "diff": 925.7912560000004
 }
}