{
 "single": {
  "first": 3229.689967,
  "second": 4689.256321,
  "diff": 1459.566354
 },
 "multi": {
  "first": 4690.290031,
  "second": 5537.472384,
  "diff": 847.1823529999992
 }
}