{
 "single": {
  "first": 3302.512911,
  "second": 4946.273053,
  "diff": 1643.760142
 },
 "multi": {
  "first": 4947.393502,
  "second": 6268.923432,
  "diff": 1321.5299299999997
 }
}