{
 "single": {
  "first": 3380.501624,
  "second": 5055.139541,
  "diff": 1674.6379169999996
 },
 "multi": {
  "first": 5056.136249,
  "second": 5934.909793,
  "diff": 878.7735439999997
 }
}