{
 "single": {
  "first": 3241.775239,
  "second": 4839.31701,
  "diff": 1597.5417709999997
 },
 "multi": {
  "first": 4840.246715,
  "second": 5803.261372,
  "diff": 963.0146569999997
 }
}