{
 "single": {
  "first": 3451.300449,
  "second": 5095.908369,
  "diff": 1644.60792
 },
 "multi": {
  "first": 5096.893923,
  "second": 6198.951921,
  "diff": 1102.0579980000002
 }
}