{
 "single": {
  "first": 3015.642132,
  "second": 4769.77694,
  "diff": 1754.1348079999998
 },
 "multi": {
  "first": 4770.829859,
  "second": 5837.560908,
  "diff": 1066.731049
 }
}