{
 "single": {
  "first": 10276.683398,
  "second": 15695.896255,
  "diff": 5419.212857
 },
 "multi": {
  "first": 15696.761983,
  "second": 18119.400688,
  "diff": 2422.638705000001
 }
}