{
 "single": {
  "first": 9367.686226,
  "second": 14755.086657,
  "diff": 5387.400431
 },
 "multi": {
  "first": 14756.001787,
  "second": 16961.381064,
  "diff": 2205.379277000002
 }
}