{
 "single": {
  "first": 9792.450358,
  "second": 15251.122605,
  "diff": 5458.672247
 },
 "multi": {
  "first": 15251.974662,
  "second": 17522.759108,
  "diff": 2270.784445999998
 }
}