{
 "single": {
  "first": 10308.23385,
  "second": 15732.811457,
  "diff": 5424.577606999999
 },
 "multi": {
  "first": 15733.791455,
  "second": 18419.189906,
  "diff": 2685.398450999999
 }
}