{
 "single": {
  "first": 10335.412484,
  "second": 15749.742626,
  "diff": 5414.330141999999
 },
 "multi": {
  "first": 15750.661063,
  "second": 18439.582824,
  "diff": 2688.9217610000014
 }
}