{
 "single": {
  "first": 9365.485684,
  "second": 14746.679812,
  "diff": 5381.194128000001
 },
 "multi": {
  "first": 14747.600608,
  "second": 17181.045794,
  "diff": 2433.445186000001
 }
}