{
 "single": {
  "first": 10330.794021,
  "second": 15887.090638,
  "diff": 5556.296617
 },
 "multi": {
  "first": 15887.963787,
  "second": 18247.931702,
  "diff": 2359.967915000001
 }
}