{
 "single": {
  "first": 9514.122769,
  "second": 14951.696955,
  "diff": 5437.574186
 },
 "multi": {
  "first": 14952.673442,
  "second": 17850.609987,
  "diff": 2897.9365450000005
 }
}