{
 "single": {
  "first": 10308.910747,
  "second": 15703.616924,
  "diff": 5394.706177
 },
 "multi": {
  "first": 15704.538464,
  "second": 18343.971122,
  "diff": 2639.4326579999997
 }
}