{
 "single": {
  "first": 9898.03845,
  "second": 15329.856648,
  "diff": 5431.818198000001
 },
 "multi": {
  "first": 15330.734002,
  "second": 17970.168738,
  "diff": 2639.434736000001
 }
}