{
 "single": {
  "first": 2212.476411,
  "second": 3204.462188,
  "diff": 991.9857769999999
 },
 "multi": {
  "first": 3205.343714,
  "second": 3882.035112,
  "diff": 676.6913979999999
 }
}