{
 "single": {
  "first": 2310.1914189999998,
  "second": 3408.761105,
  "diff": 1098.5696860000003
 },
 "multi": {
  "first": 3409.814668,
  "second": 4262.029581,
  "diff": 852.2149129999998
 }
}