{
 "single": {
  "first": 2319.373368,
  "second": 3323.516927,
  "diff": 1004.1435590000001
 },
 "multi": {
  "first": 3324.390302,
  "second": 4119.096225,
  "diff": 794.7059230000004
 }
}