{
 "single": {
  "first": 2332.904868,
  "second": 3375.1747530000002,
  "diff": 1042.2698850000002
 },
 "multi": {
  "first": 3376.11769,
  "second": 4206.961487,
  "diff": 830.8437969999995
 }
}