{
 "single": {
  "first": 2329.168016,
  "second": 3405.570663,
  "diff": 1076.402647
 },
 "multi": {
  "first": 3406.455922,
  "second": 4195.782678,
  "diff": 789.3267559999995
 }
}