{
 "single": {
  "first": 2301.7574640000003,
  "second": 3422.715839,
  "diff": 1120.9583749999997
 },
 "multi": {
  "first": 3423.612837,
  "second": 4312.639015,
  "diff": 889.0261779999996
 }
}