{
 "single": {
  "first": 2387.9775799999998,
  "second": 3494.690752,
  "diff": 1106.7131720000002
 },
 "multi": {
  "first": 3495.574176,
  "second": 4165.220908,
  "diff": 669.6467320000002
 }
}