{
 "single": {
  "first": 2328.129731,
  "second": 3395.145848,
  "diff": 1067.0161170000001
 },
 "multi": {
  "first": 3396.036633,
  "second": 4122.943036,
  "diff": 726.9064029999995
 }
}