{
 "single": {
  "first": 2325.013531,
  "second": 3352.854869,
  "diff": 1027.8413379999997
 },
 "multi": {
  "first": 3353.88101,
  "second": 4170.280594,
  "diff": 816.3995839999998
 }
}