{
 "single": {
  "first": 2347.556802,
  "second": 3460.776403,
  "diff": 1113.2196009999998
 },
 "multi": {
  "first": 3461.784744,
  "second": 4168.781163,
  "diff": 706.9964189999996
 }
}