{
 "single": {
  "first": 3882.802521,
  "second": 5873.119824,
  "diff": 1990.3173030000003
 },
 "multi": {
  "first": 5873.974327,
  "second": 6933.23319,
  "diff": 1059.258863
 }
}