{
 "single": {
  "first": 3990.260061,
  "second": 6169.289613,
  "diff": 2179.029552
 },
 "multi": {
  "first": 6170.25231,
  "second": 7343.122072,
  "diff": 1172.8697620000003
 }
}