{
 "single": {
  "first": 3905.880027,
  "second": 6007.242818,
  "diff": 2101.3627909999996
 },
 "multi": {
  "first": 6008.078934,
  "second": 7010.454598,
  "diff": 1002.3756640000001
 }
}