{
 "single": {
  "first": 4013.985253,
  "second": 6311.807444,
  "diff": 2297.822191
 },
 "multi": {
  "first": 6312.754566,
  "second": 7551.44553,
  "diff": 1238.6909640000003
 }
}