{
 "single": {
  "first": 4141.57583,
  "second": 6234.415779,
  "diff": 2092.839949
 },
 "multi": {
  "first": 6235.41885,
  "second": 7409.609958,
  "diff": 1174.191108
 }
}