{
 "single": {
  "first": 4516.126074,
  "second": 6732.818292,
  "diff": 2216.692218
 },
 "multi": {
  "first": 6734.217143,
  "second": 8019.043789,
  "diff": 1284.8266460000004
 }
}