{
 "single": {
  "first": 4283.760982,
  "second": 6387.954846,
  "diff": 2104.193864
 },
 "multi": {
  "first": 6388.976303,
  "second": 8124.333087,
  "diff": 1735.3567839999996
 }
}