{
 "single": {
  "first": 4449.866021,
  "second": 6616.11027,
  "diff": 2166.2442490000003
 },
 "multi": {
  "first": 6616.9691569999995,
  "second": 7601.274859,
  "diff": 984.3057020000006
 }
}