{
 "single": {
  "first": 3715.925878,
  "second": 5660.922273,
  "diff": 1944.9963950000001
 },
 "multi": {
  "first": 5661.989604,
  "second": 6761.802262,
  "diff": 1099.8126579999998
 }
}