{
 "single": {
  "first": 4169.097673,
  "second": 6142.012561,
  "diff": 1972.9148879999993
 },
 "multi": {
  "first": 6143.10616,
  "second": 7155.461384,
  "diff": 1012.3552239999999
 }
}