{
 "single": {
  "first": 1872.881869,
  "second": 2625.579325,
  "diff": 752.6974560000001
 },
 "multi": {
  "first": 2626.500175,
  "second": 3439.300662,
  "diff": 812.800487
 }
}