{
 "single": {
  "first": 1675.23422,
  "second": 2394.318547,
  "diff": 719.0843269999998
 },
 "multi": {
  "first": 2395.277941,
  "second": 3406.225698,
  "diff": 1010.9477570000004
 }
}