{
 "single": {
  "first": 1899.247597,
  "second": 2886.003441,
  "diff": 986.7558439999998
 },
 "multi": {
  "first": 2887.0710559999998,
  "second": 4028.75054,
  "diff": 1141.6794840000002
 }
}