{
 "single": {
  "first": 1778.9526150000002,
  "second": 2587.544833,
  "diff": 808.5922179999998
 },
 "multi": {
  "first": 2588.899834,
  "second": 3478.427638,
  "diff": 889.5278040000003
 }
}