{
 "single": {
  "first": 1670.913519,
  "second": 2349.875168,
  "diff": 678.9616490000001
 },
 "multi": {
  "first": 2350.73374,
  "second": 3253.58894,
  "diff": 902.8552
 }
}