{
 "single": {
  "first": 1764.1300430000001,
  "second": 2536.312631,
  "diff": 772.1825879999997
 },
 "multi": {
  "first": 2537.144444,
  "second": 3196.823565,
  "diff": 659.6791210000001
 }
}