{
 "single": {
  "first": 1805.3382219999999,
  "second": 2508.086087,
  "diff": 702.7478650000003
 },
 "multi": {
  "first": 2508.922175,
  "second": 3317.983219,
  "diff": 809.061044
 }
}