{
 "single": {
  "first": 1747.844364,
  "second": 2445.358161,
  "diff": 697.5137970000001
 },
 "multi": {
  "first": 2446.212249,
  "second": 3092.969323,
  "diff": 646.7570739999996
 }
}