{
 "single": {
  "first": 1706.715762,
  "second": 2449.000728,
  "diff": 742.2849659999999
 },
 "multi": {
  "first": 2449.883575,
  "second": 3319.183938,
  "diff": 869.3003630000003
 }
}