{
 "single": {
  "first": 1760.3195799999999,
  "second": 2472.738218,
  "diff": 712.4186380000001
 },
 "multi": {
  "first": 2473.748052,
  "second": 3301.343497,
  "diff": 827.5954449999999
 }
}