{
 "single": {
  "first": 21470.485925,
  "second": 34305.888902,
  "diff": 12835.402976999998
 },
 "multi": {
  "first": 34306.931366,
  "second": 38599.315131,
  "diff": 4292.383765000006
 }
}