{
 "single": {
  "first": 21349.241082,
  "second": 33603.352418,
  "diff": 12254.111336000002
 },
 "multi": {
  "first": 33604.367951,
  "second": 37377.222816,
  "diff": 3772.854865000001
 }
}