{
 "single": {
  "first": 21569.212038,
  "second": 34007.815606,
  "diff": 12438.603567999995
 },
 "multi": {
  "first": 34008.887928,
  "second": 38735.895425,
  "diff": 4727.007497000006
 }
}