{
 "single": {
  "first": 21511.248775,
  "second": 34940.69996,
  "diff": 13429.451184999998
 },
 "multi": {
  "first": 34941.785433,
  "second": 39255.082547,
  "diff": 4313.297114000001
 }
}