{
 "single": {
  "first": 22041.067448,
  "second": 35044.263769,
  "diff": 13003.196320999996
 },
 "multi": {
  "first": 35045.310411,
  "second": 39550.949359,
  "diff": 4505.638948
 }
}