{
 "single": {
  "first": 21422.14492,
  "second": 34528.051544,
  "diff": 13105.906624000003
 },
 "multi": {
  "first": 34529.091874,
  "second": 38326.220922,
  "diff": 3797.1290480000025
 }
}