{
 "single": {
  "first": 21726.155253,
  "second": 35233.419922,
  "diff": 13507.264669
 },
 "multi": {
  "first": 35234.394403,
  "second": 39644.672955,
  "diff": 4410.278552000003
 }
}