{
 "single": {
  "first": 22050.098275,
  "second": 35391.983035,
  "diff": 13341.884759999997
 },
 "multi": {
  "first": 35393.008688,
  "second": 39312.585021,
  "diff": 3919.5763329999972
 }
}