{
 "single": {
  "first": 23373.528143,
  "second": 35834.043582,
  "diff": 12460.515438999999
 },
 "multi": {
  "first": 35834.903179,
  "second": 39686.663679,
  "diff": 3851.7604999999967
 }
}