{
 "single": {
  "first": 21401.072738,
  "second": 32677.462773,
  "diff": 11276.390035
 },
 "multi": {
  "first": 32678.355764,
  "second": 36607.653196,
  "diff": 3929.2974319999994
 }
}