{
 "single": {
  "first": 21502.298629,
  "second": 33758.119364,
  "diff": 12255.820734999998
 },
 "multi": {
  "first": 33759.042058,
  "second": 38228.344375,
  "diff": 4469.3023170000015
 }
}