{
 "single": {
  "first": 20729.444255,
  "second": 33125.909878,
  "diff": 12396.465623
 },
 "multi": {
  "first": 33126.939286,
  "second": 37290.159645,
  "diff": 4163.220358999999
 }
}