{
 "single": {
  "first": 21435.570156,
  "second": 34195.311176,
  "diff": 12759.741020000001
 },
 "multi": {
  "first": 34196.338553,
  "second": 38832.285327,
  "diff": 4635.946773999996
 }
}