{
 "single": {
  "first": 21897.322867,
  "second": 34255.414777,
  "diff": 12358.09191
 },
 "multi": {
  "first": 34256.342481,
  "second": 38432.587958,
  "diff": 4176.245476999997
 }
}