{
 "single": {
  "first": 19869.59752,
  "second": 31356.872591,
  "diff": 11487.275071
 },
 "multi": {
  "first": 31357.7615,
  "second": 35283.269947,
  "diff": 3925.508447
 }
}