{
 "single": {
  "first": 20870.148956,
  "second": 31936.819985,
  "diff": 11066.671028999997
 },
 "multi": {
  "first": 31937.667742999998,
  "second": 35933.355238,
  "diff": 3995.6874949999983
 }
}