{
 "single": {
  "first": 20684.593386,
  "second": 32654.622037,
  "diff": 11970.028651
 },
 "multi": {
  "first": 32655.519748,
  "second": 36955.311773,
  "diff": 4299.7920250000025
 }
}