{
 "single": {
  "first": 20981.603375,
  "second": 33246.076501,
  "diff": 12264.473126000004
 },
 "multi": {
  "first": 33247.116214,
  "second": 37377.513707,
  "diff": 4130.397492999997
 }
}