{
 "single": {
  "first": 21694.724745,
  "second": 33742.988991,
  "diff": 12048.264245999999
 },
 "multi": {
  "first": 33743.855176,
  "second": 37609.215941,
  "diff": 3865.360765000005
 }
}