{
 "single": {
  "first": 21318.420249,
  "second": 33333.029113,
  "diff": 12014.608863999998
 },
 "multi": {
  "first": 33333.988097,
  "second": 37350.418867,
  "diff": 4016.430769999999
 }
}