{
 "single": {
  "first": 8579.342771,
  "second": 13550.928461,
  "diff": 4971.58569
 },
 "multi": {
  "first": 13551.925172,
  "second": 16024.92668,
  "diff": 2473.001508000001
 }
}