{
 "single": {
  "first": 8822.170382,
  "second": 13865.037405,
  "diff": 5042.867022999999
 },
 "multi": {
  "first": 13866.21431,
  "second": 16092.151356,
  "diff": 2225.937046000001
 }
}