{
 "single": {
  "first": 8942.062188,
  "second": 14210.901529,
  "diff": 5268.839341000001
 },
 "multi": {
  "first": 14212.143313,
  "second": 16484.799213,
  "diff": 2272.655899999998
 }
}