{
 "single": {
  "first": 8860.160589,
  "second": 13981.49639,
  "diff": 5121.335801000001
 },
 "multi": {
  "first": 13982.580447,
  "second": 16869.37835,
  "diff": 2886.7979029999988
 }
}