{
 "single": {
  "first": 9051.33296,
  "second": 14024.817865,
  "diff": 4973.484905000001
 },
 "multi": {
  "first": 14025.708371,
  "second": 15878.740611,
  "diff": 1853.0322399999986
 }
}