{
 "single": {
  "first": 8993.523754,
  "second": 14259.584343,
  "diff": 5266.060589000001
 },
 "multi": {
  "first": 14260.648672,
  "second": 17025.044315,
  "diff": 2764.395643
 }
}