{
 "single": {
  "first": 9797.563278,
  "second": 14959.660786,
  "diff": 5162.097508000001
 },
 "multi": {
  "first": 14960.8649,
  "second": 18052.641246,
  "diff": 3091.7763459999987
 }
}