{
 "single": {
  "first": 8771.837538,
  "second": 13942.292504000001,
  "diff": 5170.454966000001
 },
 "multi": {
  "first": 13943.226493,
  "second": 16127.948635,
  "diff": 2184.7221420000005
 }
}