{
 "single": {
  "first": 8889.825335,
  "second": 14553.00521,
  "diff": 5663.179875
 },
 "multi": {
  "first": 14554.216664,
  "second": 17081.075772,
  "diff": 2526.8591080000006
 }
}