{
 "single": {
  "first": 8796.615066,
  "second": 13810.793569,
  "diff": 5014.178502999999
 },
 "multi": {
  "first": 13811.79952,
  "second": 16021.595496,
  "diff": 2209.7959759999994
 }
}