{
 "single": {
  "first": 1605.107208,
  "second": 2273.534208,
  "diff": 668.4270000000001
 },
 "multi": {
  "first": 2274.417391,
  "second": 2993.32011,
  "diff": 718.9027190000002
 }
}