{
 "single": {
  "first": 1636.076266,
  "second": 2299.557203,
  "diff": 663.4809369999998
 },
 "multi": {
  "first": 2300.407453,
  "second": 2847.205616,
  "diff": 546.7981630000004
 }
}