{
 "single": {
  "first": 1812.79311,
  "second": 2521.6527969999997,
  "diff": 708.8596869999997
 },
 "multi": {
  "first": 2522.595006,
  "second": 3200.938438,
  "diff": 678.3434320000001
 }
}