{
 "single": {
  "first": 1645.036032,
  "second": 2297.527302,
  "diff": 652.49127
 },
 "multi": {
  "first": 2298.427046,
  "second": 2839.423874,
  "diff": 540.9968280000003
 }
}