{
 "single": {
  "first": 1694.7070250000002,
  "second": 2361.430303,
  "diff": 666.7232779999999
 },
 "multi": {
  "first": 2362.311024,
  "second": 3311.25404,
  "diff": 948.9430159999997
 }
}