{
 "single": {
  "first": 1993.862711,
  "second": 2721.326308,
  "diff": 727.4635970000002
 },
 "multi": {
  "first": 2722.201622,
  "second": 3368.750482,
  "diff": 646.5488599999999
 }
}