{
 "single": {
  "first": 1659.0950010000001,
  "second": 2290.203126,
  "diff": 631.1081249999997
 },
 "multi": {
  "first": 2291.037384,
  "second": 2882.965444,
  "diff": 591.9280599999997
 }
}