{
 "single": {
  "first": 1620.9590699999999,
  "second": 2272.77382,
  "diff": 651.81475
 },
 "multi": {
  "first": 2273.625114,
  "second": 2930.035767,
  "diff": 656.4106529999999
 }
}