{
 "single": {
  "first": 1664.193578,
  "second": 2304.372255,
  "diff": 640.1786770000003
 },
 "multi": {
  "first": 2305.214278,
  "second": 2821.86587,
  "diff": 516.6515920000002
 }
}