{
 "single": {
  "first": 1623.511183,
  "second": 2253.549061,
  "diff": 630.0378780000001
 },
 "multi": {
  "first": 2254.397122,
  "second": 2776.800279,
  "diff": 522.4031570000002
 }
}