{
 "single": {
  "first": 569.577706,
  "second": 715.155224,
  "diff": 145.57751799999994
 },
 "multi": {
  "first": 716.040429,
  "second": 1175.625834,
  "diff": 459.5854049999999
 }
}