{
 "single": {
  "first": 596.258101,
  "second": 744.311132,
  "diff": 148.05303100000003
 },
 "multi": {
  "first": 745.162946,
  "second": 1084.712048,
  "diff": 339.54910200000006
 }
}