{
 "single": {
  "first": 599.393578,
  "second": 746.244248,
  "diff": 146.85066999999992
 },
 "multi": {
  "first": 747.094258,
  "second": 1104.7127,
  "diff": 357.6184420000001
 }
}