{
 "single": {
  "first": 590.884489,
  "second": 734.449458,
  "diff": 143.56496900000002
 },
 "multi": {
  "first": 735.302652,
  "second": 1089.453705,
  "diff": 354.15105299999993
 }
}