{
 "single": {
  "first": 585.849846,
  "second": 730.090556,
  "diff": 144.24071000000004
 },
 "multi": {
  "first": 730.937805,
  "second": 1078.657842,
  "diff": 347.72003700000005
 }
}