{
 "single": {
  "first": 606.47024,
  "second": 752.344619,
  "diff": 145.87437899999998
 },
 "multi": {
  "first": 753.195829,
  "second": 1183.583991,
  "diff": 430.38816199999997
 }
}