{
 "single": {
  "first": 644.627551,
  "second": 790.78981,
  "diff": 146.16225899999995
 },
 "multi": {
  "first": 791.647677,
  "second": 1244.8451,
  "diff": 453.19742299999996
 }
}