{
 "single": {
  "first": 596.152348,
  "second": 744.384981,
  "diff": 148.23263300000008
 },
 "multi": {
  "first": 745.282399,
  "second": 1092.912759,
  "diff": 347.63036
 }
}