{
 "single": {
  "first": 600.518392,
  "second": 746.229743,
  "diff": 145.71135100000004
 },
 "multi": {
  "first": 747.089987,
  "second": 1120.220578,
  "diff": 373.130591
 }
}