{
 "single": {
  "first": 599.231286,
  "second": 753.058552,
  "diff": 153.827266
 },
 "multi": {
  "first": 753.942671,
  "second": 1205.878987,
  "diff": 451.93631600000003
 }
}