{
 "single": {
  "first": 3040.269356,
  "second": 4533.612491,
  "diff": 1493.343135
 },
 "multi": {
  "first": 4534.627752,
  "second": 5347.57196,
  "diff": 812.9442079999999
 }
}