{
 "single": {
  "first": 3099.767312,
  "second": 4610.355108,
  "diff": 1510.5877959999998
 },
 "multi": {
  "first": 4611.372718,
  "second": 5603.829327,
  "diff": 992.4566090000008
 }
}