{
 "single": {
  "first": 3322.130705,
  "second": 5016.886977,
  "diff": 1694.756272
 },
 "multi": {
  "first": 5017.899911,
  "second": 5852.311493,
  "diff": 834.4115819999997
 }
}