{
 "single": {
  "first": 3388.865212,
  "second": 5011.867983,
  "diff": 1623.002771
 },
 "multi": {
  "first": 5012.854667,
  "second": 6010.095634,
  "diff": 997.2409670000006
 }
}