{
 "single": {
  "first": 3033.535171,
  "second": 4762.771375,
  "diff": 1729.2362040000003
 },
 "multi": {
  "first": 4763.731188,
  "second": 5685.55749,
  "diff": 921.8263020000004
 }
}