{
 "single": {
  "first": 3194.14727,
  "second": 4848.323881,
  "diff": 1654.1766110000003
 },
 "multi": {
  "first": 4849.232255,
  "second": 5645.9572100000005,
  "diff": 796.7249550000006
 }
}