{
 "single": {
  "first": 3255.216125,
  "second": 4862.762904,
  "diff": 1607.5467790000002
 },
 "multi": {
  "first": 4864.239927,
  "second": 5973.190527,
  "diff": 1108.9506000000001
 }
}