{
 "single": {
  "first": 3116.168859,
  "second": 4721.590575,
  "diff": 1605.4217160000003
 },
 "multi": {
  "first": 4722.624897,
  "second": 5625.513622,
  "diff": 902.8887250000007
 }
}