{
 "single": {
  "first": 3186.306671,
  "second": 4690.831064,
  "diff": 1504.5243930000001
 },
 "multi": {
  "first": 4691.755465,
  "second": 5577.287214,
  "diff": 885.5317489999998
 }
}