{
 "single": {
  "first": 3188.751734,
  "second": 4747.501934,
  "diff": 1558.7502
 },
 "multi": {
  "first": 4748.460654,
  "second": 5529.891849,
  "diff": 781.4311949999992
 }
}