{
 "single": {
  "first": 10268.804417,
  "second": 15656.364602,
  "diff": 5387.560185
 },
 "multi": {
  "first": 15657.270613,
  "second": 18044.380294,
  "diff": 2387.109680999998
 }
}