{
 "single": {
  "first": 9458.789655,
  "second": 14810.16227,
  "diff": 5351.372615
 },
 "multi": {
  "first": 14811.125974,
  "second": 17353.938011,
  "diff": 2542.812036999998
 }
}