{
 "single": {
  "first": 9362.498610999999,
  "second": 14781.54588,
  "diff": 5419.047269000001
 },
 "multi": {
  "first": 14782.540707,
  "second": 17311.629334,
  "diff": 2529.088627000001
 }
}