{
 "single": {
  "first": 10255.803178,
  "second": 15726.116203,
  "diff": 5470.3130249999995
 },
 "multi": {
  "first": 15727.046003,
  "second": 18587.809409,
  "diff": 2860.763406000002
 }
}