{
 "single": {
  "first": 10309.14626,
  "second": 15774.5409,
  "diff": 5465.39464
 },
 "multi": {
  "first": 15775.448155,
  "second": 18230.516277,
  "diff": 2455.0681219999988
 }
}