{
 "single": {
  "first": 10288.4692,
  "second": 15787.782942,
  "diff": 5499.313742
 },
 "multi": {
  "first": 15788.661098,
  "second": 17820.680749,
  "diff": 2032.0196509999987
 }
}