{
 "single": {
  "first": 10273.80814,
  "second": 15731.77757,
  "diff": 5457.969430000001
 },
 "multi": {
  "first": 15732.69546,
  "second": 17895.502965,
  "diff": 2162.807504999999
 }
}