{
 "single": {
  "first": 10084.462217,
  "second": 15419.905061,
  "diff": 5335.442843999999
 },
 "multi": {
  "first": 15420.854548,
  "second": 17740.576179,
  "diff": 2319.7216310000003
 }
}