{
 "single": {
  "first": 10128.563993,
  "second": 15568.29233,
  "diff": 5439.7283370000005
 },
 "multi": {
  "first": 15569.194731,
  "second": 17757.733432,
  "diff": 2188.5387010000013
 }
}