{
 "single": {
  "first": 10434.809177,
  "second": 15918.440578,
  "diff": 5483.631401000001
 },
 "multi": {
  "first": 15919.312558,
  "second": 18306.262487,
  "diff": 2386.9499290000003
 }
}