{
 "single": {
  "first": 605.020803,
  "second": 751.598732,
  "diff": 146.57792900000004
 },
 "multi": {
  "first": 752.493236,
  "second": 1145.867523,
  "diff": 393.37428699999987
 }
}