{
 "single": {
  "first": 601.623245,
  "second": 751.206613,
  "diff": 149.58336799999995
 },
 "multi": {
  "first": 752.054375,
  "second": 1031.28562,
  "diff": 279.23124500000006
 }
}