{
 "single": {
  "first": 595.008258,
  "second": 742.214878,
  "diff": 147.20662000000004
 },
 "multi": {
  "first": 743.233714,
  "second": 979.178903,
  "diff": 235.94518900000003
 }
}