{
 "single": {
  "first": 594.577374,
  "second": 738.536946,
  "diff": 143.95957199999998
 },
 "multi": {
  "first": 739.40802,
  "second": 1342.662287,
  "diff": 603.2542670000001
 }
}