{
 "single": {
  "first": 603.761184,
  "second": 749.132482,
  "diff": 145.37129800000002
 },
 "multi": {
  "first": 749.998616,
  "second": 1048.385796,
  "diff": 298.38718000000006
 }
}