{
 "single": {
  "first": 596.098775,
  "second": 742.898031,
  "diff": 146.7992559999999
 },
 "multi": {
  "first": 743.757649,
  "second": 984.347855,
  "diff": 240.59020599999997
 }
}