{
 "single": {
  "first": 622.622591,
  "second": 771.084506,
  "diff": 148.46191499999998
 },
 "multi": {
  "first": 771.965876,
  "second": 1035.144336,
  "diff": 263.1784600000001
 }
}