{
 "single": {
  "first": 596.831323,
  "second": 741.287278,
  "diff": 144.45595500000002
 },
 "multi": {
  "first": 742.151163,
  "second": 998.277466,
  "diff": 256.126303
 }
}