{
 "single": {
  "first": 606.575505,
  "second": 754.624005,
  "diff": 148.0485
 },
 "multi": {
  "first": 755.483021,
  "second": 1133.537708,
  "diff": 378.05468700000006
 }
}