{
 "single": {
  "first": 595.495711,
  "second": 749.692762,
  "diff": 154.197051
 },
 "multi": {
  "first": 750.588089,
  "second": 1116.890396,
  "diff": 366.30230700000004
 }
}