{
 "single": {
  "first": 28094.620137,
  "second": 43631.557142,
  "diff": 15536.937004999996
 },
 "multi": {
  "first": 43632.53474,
  "second": 48579.108984,
  "diff": 4946.574243999996
 }
}