{
 "single": {
  "first": 28027.172553,
  "second": 43251.429398,
  "diff": 15224.256845
 },
 "multi": {
  "first": 43252.277417,
  "second": 48229.862736,
  "diff": 4977.585319000005
 }
}