{
 "single": {
  "first": 28387.356316,
  "second": 43711.872209,
  "diff": 15324.515893
 },
 "multi": {
  "first": 43712.753502,
  "second": 48726.722535,
  "diff": 5013.969033000001
 }
}