{
 "single": {
  "first": 28175.773198,
  "second": 43691.549254,
  "diff": 15515.776055999999
 },
 "multi": {
  "first": 43692.435643,
  "second": 48709.573029,
  "diff": 5017.137386000002
 }
}