{
 "single": {
  "first": 27242.935046,
  "second": 42572.1885,
  "diff": 15329.253453999998
 },
 "multi": {
  "first": 42573.041797,
  "second": 47432.388488,
  "diff": 4859.346690999999
 }
}