{
 "single": {
  "first": 27640.15005,
  "second": 43018.402014,
  "diff": 15378.251964
 },
 "multi": {
  "first": 43019.554427,
  "second": 47904.076354,
  "diff": 4884.521926999994
 }
}