{
 "single": {
  "first": 27735.503802,
  "second": 43088.90782,
  "diff": 15353.404018000001
 },
 "multi": {
  "first": 43089.829307,
  "second": 48237.245186,
  "diff": 5147.415879
 }
}