{
 "single": {
  "first": 27829.369766,
  "second": 43082.802257,
  "diff": 15253.432491000003
 },
 "multi": {
  "first": 43083.624142,
  "second": 47913.421036,
  "diff": 4829.796893999999
 }
}