{
 "single": {
  "first": 27694.326743999998,
  "second": 43027.258376,
  "diff": 15332.931632
 },
 "multi": {
  "first": 43028.099806,
  "second": 48066.046077,
  "diff": 5037.946271000001
 }
}