{
 "single": {
  "first": 26277.715973,
  "second": 41583.776776,
  "diff": 15306.060803
 },
 "multi": {
  "first": 41584.658892,
  "second": 46603.528203,
  "diff": 5018.869311000002
 }
}