{
 "single": {
  "first": 21534.528552,
  "second": 33573.487738,
  "diff": 12038.959186000004
 },
 "multi": {
  "first": 33574.511344,
  "second": 45657.283332,
  "diff": 12082.771988
 }
}