{
 "single": {
  "first": 21558.992496,
  "second": 34284.699885,
  "diff": 12725.707389000003
 },
 "multi": {
  "first": 34285.683024,
  "second": 46231.454937,
  "diff": 11945.771913000004
 }
}