{
 "single": {
  "first": 21533.586369,
  "second": 33483.006746,
  "diff": 11949.420376999999
 },
 "multi": {
  "first": 33483.998275,
  "second": 45476.028477,
  "diff": 11992.030202000002
 }
}