{
 "single": {
  "first": 20998.357927,
  "second": 33797.343114,
  "diff": 12798.985187000002
 },
 "multi": {
  "first": 33798.473275,
  "second": 45873.090715,
  "diff": 12074.617440000002
 }
}