{
 "single": {
  "first": 21504.488297,
  "second": 34251.825243,
  "diff": 12747.336946
 },
 "multi": {
  "first": 34252.852442,
  "second": 46288.219569,
  "diff": 12035.367126999998
 }
}