{
 "single": {
  "first": 21648.912439,
  "second": 34281.692222,
  "diff": 12632.779782999998
 },
 "multi": {
  "first": 34282.683856,
  "second": 46402.927371,
  "diff": 12120.243514999995
 }
}