{
 "single": {
  "first": 21772.89218,
  "second": 34067.225124,
  "diff": 12294.332943999998
 },
 "multi": {
  "first": 34068.250559,
  "second": 45663.078916,
  "diff": 11594.828356999999
 }
}