{
 "single": {
  "first": 21639.427105,
  "second": 33744.192581,
  "diff": 12104.765476000004
 },
 "multi": {
  "first": 33745.214558,
  "second": 45428.572768,
  "diff": 11683.358209999999
 }
}