{
 "single": {
  "first": 22191.822649,
  "second": 35427.307758,
  "diff": 13235.485109000001
 },
 "multi": {
  "first": 35428.378934,
  "second": 47081.35488,
  "diff": 11652.975945999999
 }
}