{
 "single": {
  "first": 21036.210336,
  "second": 33713.947156,
  "diff": 12677.736820000002
 },
 "multi": {
  "first": 33714.932633,
  "second": 45524.448965,
  "diff": 11809.516332000007
 }
}