{
 "single": {
  "first": 378.743231,
  "second": 386.167951,
  "diff": 7.424720000000036
 },
 "multi": {
  "first": 386.983974,
  "second": 635.904907,
  "diff": 248.920933
 }
}