{
 "single": {
  "first": 3959.010628,
  "second": 5992.657067,
  "diff": 2033.646439
 },
 "multi": {
  "first": 5993.544345,
  "second": 7142.991097,
  "diff": 1149.4467519999998
 }
}