{
 "single": {
  "first": 5636.152999,
  "second": 8620.947813,
  "diff": 2984.7948140000008
 },
 "multi": {
  "first": 8621.850770000001,
  "second": 10161.819987,
  "diff": 1539.9692169999998
 }
}