{
 "single": {
  "first": 6835.014018,
  "second": 10721.216974,
  "diff": 3886.202956000001
 },
 "multi": {
  "first": 10722.132336,
  "second": 12378.884297,
  "diff": 1656.751961
 }
}