{
 "single": {
  "first": 8025.484107,
  "second": 12533.22103,
  "diff": 4507.736923
 },
 "multi": {
  "first": 12534.313562,
  "second": 14632.269478,
  "diff": 2097.955916000001
 }
}