{
 "single": {
  "first": 10635.893618,
  "second": 16364.720645,
  "diff": 5728.827026999999
 },
 "multi": {
  "first": 16365.759035,
  "second": 18724.768628,
  "diff": 2359.0095930000025
 }
}