{
 "single": {
  "first": 12560.681382,
  "second": 19288.010926,
  "diff": 6727.329543999998
 },
 "multi": {
  "first": 19288.891244,
  "second": 22271.87856,
  "diff": 2982.9873160000025
 }
}