{
 "single": {
  "first": 16614.31588,
  "second": 25155.055125,
  "diff": 8540.739245
 },
 "multi": {
  "first": 25155.92251,
  "second": 28154.969788,
  "diff": 2999.047277999998
 }
}