{
 "single": {
  "first": 18021.956058,
  "second": 28009.826327,
  "diff": 9987.870269
 },
 "multi": {
  "first": 28011.380971,
  "second": 31570.073129,
  "diff": 3558.6921580000017
 }
}