{
 "single": {
  "first": 20959.216569,
  "second": 32187.918486,
  "diff": 11228.701916999999
 },
 "multi": {
  "first": 32188.826451,
  "second": 35946.034548,
  "diff": 3757.2080970000025
 }
}