{
 "single": {
  "first": 24084.512988,
  "second": 37055.902371,
  "diff": 12971.389382999998
 },
 "multi": {
  "first": 37056.788431,
  "second": 41608.775788,
  "diff": 4551.987356999998
 }
}