{
 "single": {
  "first": 391.785337,
  "second": 429.009077,
  "diff": 37.223739999999964
 },
 "multi": {
  "first": 429.94886,
  "second": 844.302147,
  "diff": 414.35328699999997
 }
}