{
 "single": {
  "first": 28267.721317,
  "second": 43286.061769,
  "diff": 15018.340452
 },
 "multi": {
  "first": 43286.926473,
  "second": 48430.972282,
  "diff": 5144.045809000003
 }
}