{
 "single": {
  "first": 34915.437331,
  "second": 54283.794606,
  "diff": 19368.357275000002
 },
 "multi": {
  "first": 54284.817153,
  "second": 60901.800259,
  "diff": 6616.983106
 }
}