{
 "single": {
  "first": 38817.210839,
  "second": 60651.175254,
  "diff": 21833.964415000002
 },
 "multi": {
  "first": 60652.122398,
  "second": 67914.154665,
  "diff": 7262.032266999995
 }
}