{
 "single": {
  "first": 44442.889203,
  "second": 69626.642206,
  "diff": 25183.753003000005
 },
 "multi": {
  "first": 69627.671494,
  "second": 77588.747045,
  "diff": 7961.075551000002
 }
}