{
 "single": {
  "first": 51176.046404,
  "second": 78921.061765,
  "diff": 27745.015361000005
 },
 "multi": {
  "first": 78921.982613,
  "second": 87230.068892,
  "diff": 8308.086278999996
 }
}