{
 "single": {
  "first": 55686.902849,
  "second": 87365.476121,
  "diff": 31678.573272
 },
 "multi": {
  "first": 87366.415877,
  "second": 97455.246435,
  "diff": 10088.830557999987
 }
}