{
 "single": {
  "first": 478.16917,
  "second": 554.05096,
  "diff": 75.88179000000002
 },
 "multi": {
  "first": 554.956682,
  "second": 883.512788,
  "diff": 328.556106
 }
}