{
 "single": {
  "first": 582.14089,
  "second": 724.022215,
  "diff": 141.88132499999995
 },
 "multi": {
  "first": 725.0751,
  "second": 1218.74036,
  "diff": 493.66526
 }
}