{
 "single": {
  "first": 441.304193,
  "second": 447.317109,
  "diff": 6.012916000000018
 },
 "multi": {
  "first": 448.15789,
  "second": 904.981747,
  "diff": 456.82385700000003
 }
}