{
 "single": {
  "first": 843.518311,
  "second": 1098.658217,
  "diff": 255.13990599999988
 },
 "multi": {
  "first": 1099.531839,
  "second": 1653.6972700000001,
  "diff": 554.1654310000001
 }
}