{
 "single": {
  "first": 1191.503653,
  "second": 1610.972605,
  "diff": 419.46895199999994
 },
 "multi": {
  "first": 1611.84671,
  "second": 2376.630017,
  "diff": 764.7833069999999
 }
}