{
 "single": {
  "first": 1693.6803049999999,
  "second": 2359.4617749999998,
  "diff": 665.7814699999999
 },
 "multi": {
  "first": 2360.305546,
  "second": 2972.0873149999998,
  "diff": 611.7817689999997
 }
}