{
 "single": {
  "first": 2336.310228,
  "second": 3362.911324,
  "diff": 1026.6010960000003
 },
 "multi": {
  "first": 3363.833237,
  "second": 4261.667897,
  "diff": 897.8346600000004
 }
}