{
 "single": {
  "first": 3117.364835,
  "second": 4587.082209,
  "diff": 1469.7173740000003
 },
 "multi": {
  "first": 4587.952319,
  "second": 5726.606203,
  "diff": 1138.6538840000003
 }
}