{
 "single": {
  "first": 27675.450352,
  "second": 42823.361439,
  "diff": 15147.911087
 },
 "multi": {
  "first": 42824.219858,
  "second": 47811.041885,
  "diff": 4986.822027000002
 }
}