{
 "single": {
  "first": 28286.991563,
  "second": 43478.373588,
  "diff": 15191.382025000003
 },
 "multi": {
  "first": 43479.251441,
  "second": 48467.96728,
  "diff": 4988.715838999997
 }
}