{
 "single": {
  "first": 27915.046849,
  "second": 43197.857145,
  "diff": 15282.810296000003
 },
 "multi": {
  "first": 43198.75866,
  "second": 48511.206082,
  "diff": 5312.4474219999975
 }
}