{
 "single": {
  "first": 27881.409365,
  "second": 43249.173434,
  "diff": 15367.764068999997
 },
 "multi": {
  "first": 43250.009572,
  "second": 48309.967918,
  "diff": 5059.958345999999
 }
}