{
 "single": {
  "first": 27491.234679,
  "second": 42800.216521,
  "diff": 15308.981842000001
 },
 "multi": {
  "first": 42801.112112,
  "second": 47803.126416,
  "diff": 5002.014303999997
 }
}