{
 "single": {
  "first": 27772.276218,
  "second": 43043.884636,
  "diff": 15271.608418000003
 },
 "multi": {
  "first": 43044.719534,
  "second": 48106.565718,
  "diff": 5061.8461839999945
 }
}