{
 "single": {
  "first": 26395.777279,
  "second": 41636.613462,
  "diff": 15240.836183
 },
 "multi": {
  "first": 41637.400766,
  "second": 46711.538378,
  "diff": 5074.137611999999
 }
}