{
 "single": {
  "first": 27249.173611,
  "second": 42985.901918,
  "diff": 15736.728307000005
 },
 "multi": {
  "first": 42986.879861,
  "second": 48264.778225,
  "diff": 5277.898364000001
 }
}