{
 "single": {
  "first": 28349.950135,
  "second": 43996.772435,
  "diff": 15646.8223
 },
 "multi": {
  "first": 43997.667235,
  "second": 48817.70592,
  "diff": 4820.0386849999995
 }
}