{
 "single": {
  "first": 28000.51889,
  "second": 43817.683661,
  "diff": 15817.164771000003
 },
 "multi": {
  "first": 43818.62133,
  "second": 48680.737528,
  "diff": 4862.116197999996
 }
}