{
 "single": {
  "first": 439.73884,
  "second": 514.423141,
  "diff": 74.684301
 },
 "multi": {
  "first": 515.274333,
  "second": 863.187562,
  "diff": 347.913229
 }
}