{
 "single": {
  "first": 440.922777,
  "second": 516.20916,
  "diff": 75.286383
 },
 "multi": {
  "first": 517.064592,
  "second": 747.156384,
  "diff": 230.09179200000005
 }
}