{
 "single": {
  "first": 438.642692,
  "second": 518.131055,
  "diff": 79.48836299999994
 },
 "multi": {
  "first": 519.026667,
  "second": 772.131853,
  "diff": 253.105186
 }
}