{
 "single": {
  "first": 438.194926,
  "second": 510.585901,
  "diff": 72.39097499999997
 },
 "multi": {
  "first": 511.442526,
  "second": 836.089464,
  "diff": 324.64693800000003
 }
}