{
 "single": {
  "first": 447.10172,
  "second": 523.912814,
  "diff": 76.81109400000003
 },
 "multi": {
  "first": 525.106901,
  "second": 741.60988,
  "diff": 216.50297899999998
 }
}