{
 "single": {
  "first": 429.263958,
  "second": 502.336417,
  "diff": 73.07245899999998
 },
 "multi": {
  "first": 503.196866,
  "second": 736.096701,
  "diff": 232.89983500000005
 }
}