{
 "single": {
  "first": 438.44067,
  "second": 517.896228,
  "diff": 79.45555799999994
 },
 "multi": {
  "first": 518.764039,
  "second": 838.0667,
  "diff": 319.30266099999994
 }
}