{
 "single": {
  "first": 457.622733,
  "second": 536.51555,
  "diff": 78.89281699999998
 },
 "multi": {
  "first": 537.429829,
  "second": 806.641057,
  "diff": 269.211228
 }
}