{
 "single": {
  "first": 444.437636,
  "second": 522.807156,
  "diff": 78.36951999999997
 },
 "multi": {
  "first": 524.312717,
  "second": 777.533274,
  "diff": 253.22055699999999
 }
}