{
 "single": {
  "first": 453.706512,
  "second": 529.570648,
  "diff": 75.86413600000003
 },
 "multi": {
  "first": 530.798322,
  "second": 874.19038,
  "diff": 343.392058
 }
}