{
 "single": {
  "first": 5225.035793,
  "second": 7897.086443,
  "diff": 2672.05065
 },
 "multi": {
  "first": 7898.12334,
  "second": 9630.109084,
  "diff": 1731.9857439999996
 }
}