{
 "single": {
  "first": 5354.8168590000005,
  "second": 8131.415071,
  "diff": 2776.598212
 },
 "multi": {
  "first": 8132.960998,
  "second": 9697.41199,
  "diff": 1564.450992000001
 }
}