{
 "single": {
  "first": 5045.944985,
  "second": 7684.243043,
  "diff": 2638.2980580000003
 },
 "multi": {
  "first": 7685.174202,
  "second": 9312.661831,
  "diff": 1627.4876289999993
 }
}