{
 "single": {
  "first": 5064.216035,
  "second": 7724.583057,
  "diff": 2660.3670219999995
 },
 "multi": {
  "first": 7725.461579,
  "second": 9091.345011,
  "diff": 1365.8834319999996
 }
}