{
 "single": {
  "first": 5317.05457,
  "second": 7965.146586,
  "diff": 2648.0920159999996
 },
 "multi": {
  "first": 7966.053882,
  "second": 9324.679673999999,
  "diff": 1358.625791999999
 }
}