{
 "single": {
  "first": 5025.00588,
  "second": 7720.464763,
  "diff": 2695.4588830000002
 },
 "multi": {
  "first": 7721.496987,
  "second": 9218.25539,
  "diff": 1496.7584029999998
 }
}