{
 "single": {
  "first": 5388.160503,
  "second": 8280.593613000001,
  "diff": 2892.433110000001
 },
 "multi": {
  "first": 8281.486918,
  "second": 9833.225345,
  "diff": 1551.7384270000002
 }
}