{
 "single": {
  "first": 5439.792694,
  "second": 8293.450503,
  "diff": 2853.6578090000003
 },
 "multi": {
  "first": 8294.335145000001,
  "second": 10177.209466,
  "diff": 1882.8743209999993
 }
}