{
 "single": {
  "first": 5523.839643,
  "second": 8543.720262,
  "diff": 3019.8806190000005
 },
 "multi": {
  "first": 8544.57915,
  "second": 10191.282063,
  "diff": 1646.702913000001
 }
}