{
 "single": {
  "first": 5822.207077,
  "second": 8867.435527,
  "diff": 3045.2284499999996
 },
 "multi": {
  "first": 8868.313177,
  "second": 10757.097737,
  "diff": 1888.78456
 }
}