{
 "single": {
  "first": 26111.510624,
  "second": 39824.294498,
  "diff": 13712.783874000004
 },
 "multi": {
  "first": 39825.301563,
  "second": 44465.141825,
  "diff": 4639.840261999998
 }
}