{
 "single": {
  "first": 24120.611611,
  "second": 37570.908297,
  "diff": 13450.296686000002
 },
 "multi": {
  "first": 37571.817057,
  "second": 41957.086732,
  "diff": 4385.269675000003
 }
}