{
 "single": {
  "first": 25091.214098,
  "second": 40208.476672,
  "diff": 15117.262573999997
 },
 "multi": {
  "first": 40209.623189,
  "second": 44859.273243,
  "diff": 4649.650054000005
 }
}