{
 "single": {
  "first": 25280.99282,
  "second": 38939.126822,
  "diff": 13658.134001999999
 },
 "multi": {
  "first": 38940.042887,
  "second": 43404.993771,
  "diff": 4464.950883999998
 }
}