{
 "single": {
  "first": 24776.768798,
  "second": 38224.964149,
  "diff": 13448.195350999998
 },
 "multi": {
  "first": 38225.875792,
  "second": 43153.867934,
  "diff": 4927.992142000003
 }
}