{
 "single": {
  "first": 24983.435741,
  "second": 39186.990426,
  "diff": 14203.554684999996
 },
 "multi": {
  "first": 39188.012277,
  "second": 44147.082788,
  "diff": 4959.070510999998
 }
}