{
 "single": {
  "first": 24938.395218,
  "second": 39550.810307,
  "diff": 14612.415088999998
 },
 "multi": {
  "first": 39551.687413,
  "second": 44500.103628,
  "diff": 4948.4162149999975
 }
}