{
 "single": {
  "first": 23721.516033,
  "second": 37257.071943,
  "diff": 13535.555910000003
 },
 "multi": {
  "first": 37257.984341,
  "second": 41622.866141,
  "diff": 4364.881799999996
 }
}