{
 "single": {
  "first": 24178.204736,
  "second": 37522.64503,
  "diff": 13344.440294
 },
 "multi": {
  "first": 37523.641319,
  "second": 42050.139316,
  "diff": 4526.497996999999
 }
}