{
 "single": {
  "first": 24048.258778,
  "second": 37225.704019,
  "diff": 13177.445240999998
 },
 "multi": {
  "first": 37226.572738,
  "second": 41550.446787,
  "diff": 4323.874048999998
 }
}