{
 "single": {
  "first": 386.786987,
  "second": 396.550662,
  "diff": 9.763674999999978
 },
 "multi": {
  "first": 397.344466,
  "second": 666.174517,
  "diff": 268.830051
 }
}