{
 "single": {
  "first": 4414.380628,
  "second": 6674.26546,
  "diff": 2259.8848319999997
 },
 "multi": {
  "first": 6675.165948,
  "second": 8322.616127,
  "diff": 1647.4501789999995
 }
}