{
 "single": {
  "first": 5068.373158,
  "second": 7713.503648,
  "diff": 2645.1304899999996
 },
 "multi": {
  "first": 7714.4451659999995,
  "second": 9714.605381,
  "diff": 2000.1602149999999
 }
}