{
 "single": {
  "first": 6584.24409,
  "second": 10113.129032,
  "diff": 3528.8849420000006
 },
 "multi": {
  "first": 10113.992679,
  "second": 12857.014806,
  "diff": 2743.0221269999984
 }
}