{
 "single": {
  "first": 8362.822005,
  "second": 12778.133214,
  "diff": 4415.3112089999995
 },
 "multi": {
  "first": 12779.026688,
  "second": 16192.088663,
  "diff": 3413.0619750000005
 }
}