{
 "single": {
  "first": 10394.015034,
  "second": 16524.027793,
  "diff": 6130.012759000001
 },
 "multi": {
  "first": 16524.942088,
  "second": 19906.840338,
  "diff": 3381.898250000002
 }
}