{
 "single": {
  "first": 12721.061929,
  "second": 19610.833371,
  "diff": 6889.771442000001
 },
 "multi": {
  "first": 19611.891788,
  "second": 23645.674744,
  "diff": 4033.782955999999
 }
}