{
 "single": {
  "first": 15312.332744,
  "second": 23876.570615,
  "diff": 8564.237871000001
 },
 "multi": {
  "first": 23877.435805,
  "second": 28392.809554,
  "diff": 4515.3737489999985
 }
}