{
 "single": {
  "first": 18827.383296,
  "second": 28654.209801,
  "diff": 9826.826505
 },
 "multi": {
  "first": 28655.294339,
  "second": 33966.957982,
  "diff": 5311.663643
 }
}