{
 "single": {
  "first": 20870.626033,
  "second": 31982.419904,
  "diff": 11111.793870999998
 },
 "multi": {
  "first": 31983.284166,
  "second": 37751.649651,
  "diff": 5768.365484999998
 }
}