{
 "single": {
  "first": 24723.942465,
  "second": 38920.85209,
  "diff": 14196.909625
 },
 "multi": {
  "first": 38921.819135,
  "second": 45791.910127,
  "diff": 6870.090992000005
 }
}