{
 "single": {
  "first": 474.572933,
  "second": 518.587322,
  "diff": 44.014388999999994
 },
 "multi": {
  "first": 519.683987,
  "second": 1355.681378,
  "diff": 835.997391
 }
}