{
 "single": {
  "first": 27654.701074,
  "second": 42685.448589,
  "diff": 15030.747515
 },
 "multi": {
  "first": 42686.321849,
  "second": 50802.529122,
  "diff": 8116.207273
 }
}