{
 "single": {
  "first": 37108.030822,
  "second": 56425.933103,
  "diff": 19317.902281000002
 },
 "multi": {
  "first": 56427.064036,
  "second": 65484.677802,
  "diff": 9057.613765999995
 }
}