{
 "single": {
  "first": 39850.125352,
  "second": 60818.221051,
  "diff": 20968.095698999998
 },
 "multi": {
  "first": 60819.51184,
  "second": 70110.025141,
  "diff": 9290.513301000006
 }
}