{
 "single": {
  "first": 43758.866393,
  "second": 68804.980598,
  "diff": 25046.114204999998
 },
 "multi": {
  "first": 68806.001797,
  "second": 79450.758569,
  "diff": 10644.756771999993
 }
}