{
 "single": {
  "first": 50600.56928,
  "second": 78957.550464,
  "diff": 28356.981183999997
 },
 "multi": {
  "first": 78958.573296,
  "second": 90932.664825,
  "diff": 11974.091528999998
 }
}