{
 "single": {
  "first": 55028.232072,
  "second": 85270.288953,
  "diff": 30242.056880999997
 },
 "multi": {
  "first": 85271.305581,
  "second": 98077.675537,
  "diff": 12806.36995600001
 }
}