{
 "single": {
  "first": 474.031422,
  "second": 553.414947,
  "diff": 79.38352499999996
 },
 "multi": {
  "first": 554.320756,
  "second": 979.828515,
  "diff": 425.5077590000001
 }
}