{
 "single": {
  "first": 612.994903,
  "second": 764.039941,
  "diff": 151.04503799999998
 },
 "multi": {
  "first": 764.960166,
  "second": 1120.993678,
  "diff": 356.0335120000001
 }
}