{
 "single": {
  "first": 434.249431,
  "second": 441.363505,
  "diff": 7.11407399999996
 },
 "multi": {
  "first": 442.358119,
  "second": 598.987754,
  "diff": 156.629635
 }
}