{
 "single": {
  "first": 847.827916,
  "second": 1109.534748,
  "diff": 261.7068320000001
 },
 "multi": {
  "first": 1110.42624,
  "second": 1713.1695559999998,
  "diff": 602.7433159999998
 }
}