{
 "single": {
  "first": 1204.783201,
  "second": 1630.415076,
  "diff": 425.63187500000004
 },
 "multi": {
  "first": 1631.371278,
  "second": 2339.799206,
  "diff": 708.4279280000001
 }
}