{
 "single": {
  "first": 1622.221202,
  "second": 2287.860216,
  "diff": 665.6390140000001
 },
 "multi": {
  "first": 2288.756667,
  "second": 3319.803571,
  "diff": 1031.0469039999998
 }
}