{
 "single": {
  "first": 2345.768032,
  "second": 3361.976326,
  "diff": 1016.208294
 },
 "multi": {
  "first": 3362.850485,
  "second": 4812.86907,
  "diff": 1450.0185849999998
 }
}