{
 "single": {
  "first": 3074.382392,
  "second": 4543.928257,
  "diff": 1469.5458649999996
 },
 "multi": {
  "first": 4544.848988,
  "second": 5512.112694,
  "diff": 967.2637060000006
 }
}