{
 "single": {
  "first": 387.912692,
  "second": 397.299146,
  "diff": 9.386454000000015
 },
 "multi": {
  "first": 398.038913,
  "second": 505.888112,
  "diff": 107.849199
 }
}