{
 "single": {
  "first": 385.749583,
  "second": 393.134543,
  "diff": 7.384960000000035
 },
 "multi": {
  "first": 393.899837,
  "second": 499.280143,
  "diff": 105.38030600000002
 }
}