{
 "single": {
  "first": 379.435684,
  "second": 391.454122,
  "diff": 12.018438000000003
 },
 "multi": {
  "first": 392.282729,
  "second": 498.046787,
  "diff": 105.76405799999998
 }
}