{
 "single": {
  "first": 380.671002,
  "second": 388.704587,
  "diff": 8.033585000000016
 },
 "multi": {
  "first": 389.495712,
  "second": 493.207909,
  "diff": 103.71219699999995
 }
}