{
 "single": {
  "first": 387.447962,
  "second": 395.854355,
  "diff": 8.40639299999998
 },
 "multi": {
  "first": 396.677793,
  "second": 499.407882,
  "diff": 102.73008899999996
 }
}