{
 "single": {
  "first": 371.313732,
  "second": 378.784882,
  "diff": 7.471149999999966
 },
 "multi": {
  "first": 379.571585,
  "second": 485.656745,
  "diff": 106.08515999999997
 }
}