{
 "single": {
  "first": 369.43119,
  "second": 378.950043,
  "diff": 9.518852999999979
 },
 "multi": {
  "first": 379.731693,
  "second": 483.138675,
  "diff": 103.40698199999997
 }
}