{
 "single": {
  "first": 374.681535,
  "second": 384.313872,
  "diff": 9.632337000000007
 },
 "multi": {
  "first": 385.116956,
  "second": 483.285592,
  "diff": 98.16863599999999
 }
}