{
 "single": {
  "first": 370.309578,
  "second": 379.753913,
  "diff": 9.444335000000024
 },
 "multi": {
  "first": 380.558754,
  "second": 478.81214,
  "diff": 98.25338599999998
 }
}