{
 "single": {
  "first": 375.041565,
  "second": 384.768687,
  "diff": 9.727122000000008
 },
 "multi": {
  "first": 385.543984,
  "second": 489.455808,
  "diff": 103.91182399999997
 }
}