{
 "single": {
  "first": 379.79843,
  "second": 414.923706,
  "diff": 35.125275999999985
 },
 "multi": {
  "first": 415.951737,
  "second": 631.92478,
  "diff": 215.97304300000008
 }
}