{
 "single": {
  "first": 394.078088,
  "second": 428.49759,
  "diff": 34.41950200000002
 },
 "multi": {
  "first": 429.33724,
  "second": 967.200979,
  "diff": 537.8637389999999
 }
}