{
 "single": {
  "first": 376.718974,
  "second": 411.143752,
  "diff": 34.424778
 },
 "multi": {
  "first": 411.961708,
  "second": 751.031203,
  "diff": 339.069495
 }
}