{
 "single": {
  "first": 389.280969,
  "second": 424.26255,
  "diff": 34.98158099999995
 },
 "multi": {
  "first": 425.12266,
  "second": 989.337789,
  "diff": 564.215129
 }
}