{
 "single": {
  "first": 383.225351,
  "second": 418.813949,
  "diff": 35.58859799999999
 },
 "multi": {
  "first": 419.682525,
  "second": 887.534757,
  "diff": 467.852232
 }
}