{
 "single": {
  "first": 430.554994,
  "second": 471.010816,
  "diff": 40.455821999999955
 },
 "multi": {
  "first": 471.958587,
  "second": 817.890824,
  "diff": 345.93223699999993
 }
}