{
 "single": {
  "first": 392.970843,
  "second": 427.863938,
  "diff": 34.89309500000002
 },
 "multi": {
  "first": 428.942652,
  "second": 658.442505,
  "diff": 229.49985299999997
 }
}