{
 "single": {
  "first": 404.143678,
  "second": 438.761711,
  "diff": 34.61803299999997
 },
 "multi": {
  "first": 439.596288,
  "second": 791.197273,
  "diff": 351.600985
 }
}