{
 "single": {
  "first": 394.40888,
  "second": 429.206786,
  "diff": 34.79790600000001
 },
 "multi": {
  "first": 430.037433,
  "second": 873.850988,
  "diff": 443.813555
 }
}