{
 "single": {
  "first": 384.724935,
  "second": 420.196852,
  "diff": 35.47191699999996
 },
 "multi": {
  "first": 421.048267,
  "second": 868.513456,
  "diff": 447.465189
 }
}