{
 "single": {
  "first": 391.249457,
  "second": 434.80213,
  "diff": 43.55267299999997
 },
 "multi": {
  "first": 435.851818,
  "second": 583.841187,
  "diff": 147.989369
 }
}