{
 "single": {
  "first": 381.35924,
  "second": 416.34272,
  "diff": 34.983479999999986
 },
 "multi": {
  "first": 417.249967,
  "second": 567.640432,
  "diff": 150.390465
 }
}