{
 "single": {
  "first": 387.002103,
  "second": 429.640489,
  "diff": 42.638386000000025
 },
 "multi": {
  "first": 430.652588,
  "second": 574.228645,
  "diff": 143.57605700000005
 }
}