{
 "single": {
  "first": 407.796034,
  "second": 445.984187,
  "diff": 38.188153
 },
 "multi": {
  "first": 446.979915,
  "second": 592.238962,
  "diff": 145.259047
 }
}