{
 "single": {
  "first": 392.322715,
  "second": 426.975049,
  "diff": 34.652333999999996
 },
 "multi": {
  "first": 427.864459,
  "second": 575.834621,
  "diff": 147.97016199999996
 }
}