{
 "single": {
  "first": 401.006113,
  "second": 441.166401,
  "diff": 40.16028799999998
 },
 "multi": {
  "first": 442.029915,
  "second": 581.814766,
  "diff": 139.78485099999995
 }
}