{
 "single": {
  "first": 386.151915,
  "second": 420.618259,
  "diff": 34.46634400000005
 },
 "multi": {
  "first": 421.462284,
  "second": 570.0144,
  "diff": 148.552116
 }
}