{
 "single": {
  "first": 390.056693,
  "second": 428.181936,
  "diff": 38.12524300000001
 },
 "multi": {
  "first": 429.108416,
  "second": 573.40026,
  "diff": 144.29184400000003
 }
}