{
 "single": {
  "first": 388.54702,
  "second": 425.983564,
  "diff": 37.436544000000026
 },
 "multi": {
  "first": 426.859686,
  "second": 568.228343,
  "diff": 141.36865699999998
 }
}