{
 "single": {
  "first": 386.005288,
  "second": 423.323265,
  "diff": 37.317976999999985
 },
 "multi": {
  "first": 424.249437,
  "second": 569.041742,
  "diff": 144.792305
 }
}