{
 "single": {
  "first": 3270.654662,
  "second": 4959.026279,
  "diff": 1688.3716169999998
 },
 "multi": {
  "first": 4960.100201,
  "second": 6158.394041,
  "diff": 1198.2938399999994
 }
}