{
 "single": {
  "first": 3328.856341,
  "second": 4935.5077440000005,
  "diff": 1606.6514030000003
 },
 "multi": {
  "first": 4936.574331,
  "second": 6580.2247609999995,
  "diff": 1643.6504299999997
 }
}