{
 "single": {
  "first": 3246.503426,
  "second": 5037.83835,
  "diff": 1791.3349239999998
 },
 "multi": {
  "first": 5038.713511,
  "second": 6025.890196,
  "diff": 987.1766850000004
 }
}