{
 "single": {
  "first": 3177.127378,
  "second": 4712.9746159999995,
  "diff": 1535.8472379999994
 },
 "multi": {
  "first": 4713.873538,
  "second": 6407.007077,
  "diff": 1693.1335390000004
 }
}