{
 "single": {
  "first": 3659.680174,
  "second": 5330.226863,
  "diff": 1670.5466889999998
 },
 "multi": {
  "first": 5331.124497,
  "second": 6855.473792,
  "diff": 1524.349295
 }
}