{
 "single": {
  "first": 3238.498624,
  "second": 4711.615074,
  "diff": 1473.1164500000004
 },
 "multi": {
  "first": 4712.685101,
  "second": 5766.739047,
  "diff": 1054.053946
 }
}