{
 "single": {
  "first": 3161.294348,
  "second": 4594.386862,
  "diff": 1433.0925140000004
 },
 "multi": {
  "first": 4595.623178,
  "second": 5832.218105,
  "diff": 1236.594927
 }
}