{
 "single": {
  "first": 3087.540706,
  "second": 4749.246134,
  "diff": 1661.7054280000002
 },
 "multi": {
  "first": 4750.279002,
  "second": 6095.358627,
  "diff": 1345.0796249999994
 }
}