{
 "single": {
  "first": 3009.77943,
  "second": 4575.695868,
  "diff": 1565.9164379999997
 },
 "multi": {
  "first": 4576.658773,
  "second": 5726.2695,
  "diff": 1149.6107270000002
 }
}