{
 "single": {
  "first": 3719.439254,
  "second": 5302.471722,
  "diff": 1583.0324680000003
 },
 "multi": {
  "first": 5303.472284,
  "second": 6632.47644,
  "diff": 1329.004156
 }
}